time,open,high,low,close,volume
2026-07-08T02:40:00.000Z,4120.150,4120.550,4118.090,4120.330,2124
2026-07-08T02:45:00.000Z,4120.320,4120.830,4116.050,4116.920,2150
2026-07-08T02:50:00.000Z,4116.970,4117.780,4114.610,4116.480,1988
2026-07-08T02:55:00.000Z,4116.470,4116.640,4113.560,4114.640,1677
2026-07-08T03:00:00.000Z,4114.640,4129.250,4114.640,4125.810,2928
2026-07-08T03:05:00.000Z,4125.770,4129.810,4122.420,4127.190,2464
2026-07-08T03:10:00.000Z,4127.180,4130.740,4126.130,4128.120,2183
2026-07-08T03:15:00.000Z,4128.240,4128.860,4124.810,4126.880,1778
2026-07-08T03:20:00.000Z,4126.830,4129.320,4126.120,4128.350,1731
2026-07-08T03:25:00.000Z,4128.360,4130.910,4127.300,4130.000,1979
2026-07-08T03:30:00.000Z,4129.900,4131.160,4126.750,4128.300,1736
2026-07-08T03:35:00.000Z,4128.330,4128.670,4125.960,4126.790,1632
2026-07-08T03:40:00.000Z,4126.840,4127.600,4125.670,4126.730,1519
2026-07-08T03:45:00.000Z,4126.780,4129.160,4126.020,4128.600,1418
2026-07-08T03:50:00.000Z,4128.590,4128.980,4126.930,4127.060,1517
2026-07-08T03:55:00.000Z,4127.080,4127.110,4122.860,4123.520,1506
2026-07-08T04:00:00.000Z,4123.460,4124.750,4121.750,4122.950,1538
2026-07-08T04:05:00.000Z,4122.970,4128.880,4122.650,4128.630,1288
2026-07-08T04:10:00.000Z,4128.620,4128.630,4124.260,4124.560,1474
2026-07-08T04:15:00.000Z,4124.560,4124.580,4120.670,4123.030,1722
2026-07-08T04:20:00.000Z,4123.040,4127.330,4121.870,4126.090,1444
2026-07-08T04:25:00.000Z,4126.080,4127.240,4124.870,4126.020,1451
2026-07-08T04:30:00.000Z,4125.990,4128.260,4124.580,4126.080,1729
2026-07-08T04:35:00.000Z,4126.060,4128.130,4124.920,4125.420,1672
2026-07-08T04:40:00.000Z,4125.470,4125.890,4122.160,4125.080,1664
2026-07-08T04:45:00.000Z,4125.030,4126.940,4124.580,4124.780,1418
2026-07-08T04:50:00.000Z,4124.780,4126.350,4124.120,4124.140,1425
2026-07-08T04:55:00.000Z,4124.130,4126.810,4123.920,4125.140,1705
2026-07-08T05:00:00.000Z,4125.160,4128.070,4124.930,4128.060,2054
2026-07-08T05:05:00.000Z,4128.080,4133.940,4127.970,4128.470,2072
2026-07-08T05:10:00.000Z,4128.490,4128.490,4125.330,4125.870,1723
2026-07-08T05:15:00.000Z,4125.740,4129.470,4125.590,4127.330,1627
2026-07-08T05:20:00.000Z,4127.330,4127.970,4122.750,4124.470,1846
2026-07-08T05:25:00.000Z,4124.480,4126.350,4121.980,4121.980,1626
2026-07-08T05:30:00.000Z,4122.190,4128.270,4121.240,4127.920,3027
2026-07-08T05:35:00.000Z,4127.880,4130.190,4125.860,4127.750,2404
2026-07-08T05:40:00.000Z,4127.760,4131.730,4126.890,4128.390,2291
2026-07-08T05:45:00.000Z,4128.380,4130.050,4125.300,4125.390,2226
2026-07-08T05:50:00.000Z,4125.320,4127.120,4124.910,4126.540,2222
2026-07-08T05:55:00.000Z,4126.530,4129.270,4125.810,4127.860,2218
2026-07-08T06:00:00.000Z,4127.800,4129.190,4123.490,4123.510,2369
2026-07-08T06:05:00.000Z,4123.510,4125.820,4122.260,4125.760,2025
2026-07-08T06:10:00.000Z,4125.750,4131.680,4124.710,4131.450,2220
2026-07-08T06:15:00.000Z,4131.480,4132.970,4128.930,4130.460,2093
2026-07-08T06:20:00.000Z,4130.450,4133.620,4128.940,4132.340,1783
2026-07-08T06:25:00.000Z,4132.300,4132.550,4129.520,4129.760,1887
2026-07-08T06:30:00.000Z,4129.730,4129.920,4125.140,4126.400,2122
2026-07-08T06:35:00.000Z,4126.380,4127.100,4124.700,4126.330,1600
2026-07-08T06:40:00.000Z,4126.320,4128.040,4125.710,4126.630,1630
2026-07-08T06:45:00.000Z,4126.640,4127.240,4124.140,4124.900,1607
2026-07-08T06:50:00.000Z,4124.940,4126.710,4124.730,4125.110,1539
2026-07-08T06:55:00.000Z,4125.130,4125.760,4123.430,4123.650,1495
2026-07-08T07:00:00.000Z,4123.630,4125.320,4120.710,4120.710,2027
2026-07-08T07:05:00.000Z,4120.700,4121.150,4118.290,4120.650,1943
2026-07-08T07:10:00.000Z,4120.660,4120.980,4116.520,4118.090,1838
2026-07-08T07:15:00.000Z,4118.070,4118.620,4115.030,4116.260,1867
2026-07-08T07:20:00.000Z,4116.270,4119.630,4114.960,4119.630,1893
2026-07-08T07:25:00.000Z,4119.670,4121.310,4117.440,4120.540,1948
2026-07-08T07:30:00.000Z,4120.450,4126.220,4120.200,4124.100,1941
2026-07-08T07:35:00.000Z,4124.090,4124.140,4118.280,4120.290,1643
2026-07-08T07:40:00.000Z,4120.300,4127.320,4120.300,4127.320,1650
2026-07-08T07:45:00.000Z,4127.330,4127.330,4124.060,4124.540,1811
2026-07-08T07:50:00.000Z,4124.500,4125.280,4120.020,4120.060,1683
2026-07-08T07:55:00.000Z,4119.960,4121.750,4119.110,4121.220,1407
2026-07-08T08:00:00.000Z,4121.140,4121.170,4116.420,4117.180,1846
2026-07-08T08:05:00.000Z,4117.200,4120.580,4116.860,4119.790,1606
2026-07-08T08:10:00.000Z,4119.620,4121.330,4116.640,4117.800,2037
2026-07-08T08:15:00.000Z,4117.810,4121.010,4081.050,4088.700,3937
2026-07-08T08:20:00.000Z,4088.690,4097.670,4082.630,4085.400,3991
2026-07-08T08:25:00.000Z,4085.260,4091.980,4081.020,4088.870,3802
2026-07-08T08:30:00.000Z,4088.840,4092.010,4078.620,4083.380,3551
2026-07-08T08:35:00.000Z,4083.510,4083.510,4067.030,4067.350,3682
2026-07-08T08:40:00.000Z,4067.250,4068.160,4060.800,4065.830,3591
2026-07-08T08:45:00.000Z,4065.620,4075.950,4064.860,4066.860,3363
2026-07-08T08:50:00.000Z,4066.520,4069.130,4060.900,4063.730,3293
2026-07-08T08:55:00.000Z,4063.690,4065.130,4052.350,4056.730,3233
2026-07-08T09:00:00.000Z,4056.740,4056.740,4050.890,4055.570,3241
2026-07-08T09:05:00.000Z,4055.560,4056.230,4050.370,4051.870,2729
2026-07-08T09:10:00.000Z,4051.850,4056.120,4051.030,4055.870,2807
2026-07-08T09:15:00.000Z,4055.800,4060.960,4053.930,4059.110,2851
2026-07-08T09:20:00.000Z,4059.140,4060.200,4054.410,4056.680,2532
2026-07-08T09:25:00.000Z,4056.630,4060.520,4054.890,4056.670,2356
2026-07-08T09:30:00.000Z,4056.630,4057.350,4051.430,4056.560,2666
2026-07-08T09:35:00.000Z,4056.590,4058.630,4050.840,4053.380,2430
2026-07-08T09:40:00.000Z,4053.390,4054.280,4044.960,4048.560,2666
2026-07-08T09:45:00.000Z,4048.530,4052.750,4047.210,4050.350,1986
2026-07-08T09:50:00.000Z,4050.000,4050.230,4046.020,4047.780,2339
2026-07-08T09:55:00.000Z,4047.800,4047.830,4041.660,4043.320,2638
2026-07-08T10:00:00.000Z,4043.860,4048.400,4043.110,4047.270,2429
2026-07-08T10:05:00.000Z,4047.280,4047.870,4040.640,4041.870,2131
2026-07-08T10:10:00.000Z,4041.930,4045.190,4041.640,4044.600,2053
2026-07-08T10:15:00.000Z,4044.840,4050.870,4043.430,4050.870,2312
2026-07-08T10:20:00.000Z,4050.750,4055.890,4050.550,4052.780,2287
2026-07-08T10:25:00.000Z,4052.860,4053.400,4049.060,4050.790,1918
2026-07-08T10:30:00.000Z,4050.740,4056.430,4050.100,4054.910,2143
2026-07-08T10:35:00.000Z,4054.900,4056.910,4052.160,4055.170,2270
2026-07-08T10:40:00.000Z,4054.920,4058.540,4053.100,4057.360,2036
2026-07-08T10:45:00.000Z,4057.340,4058.350,4054.030,4055.620,1984
2026-07-08T10:50:00.000Z,4056.010,4057.340,4053.160,4056.600,1899
2026-07-08T10:55:00.000Z,4056.580,4057.370,4052.950,4053.010,1692
2026-07-08T11:00:00.000Z,4052.860,4057.090,4050.530,4054.060,2096
2026-07-08T11:05:00.000Z,4054.050,4054.820,4049.130,4049.630,1783
2026-07-08T11:10:00.000Z,4049.640,4052.260,4048.390,4050.790,1823
2026-07-08T11:15:00.000Z,4050.660,4054.490,4050.660,4052.450,1677
2026-07-08T11:20:00.000Z,4052.360,4054.310,4047.760,4050.610,2134
2026-07-08T11:25:00.000Z,4050.540,4052.140,4049.580,4050.270,1540
2026-07-08T11:30:00.000Z,4050.180,4050.830,4046.030,4047.400,1958
2026-07-08T11:35:00.000Z,4047.410,4047.960,4041.510,4042.680,2202
2026-07-08T11:40:00.000Z,4042.700,4065.460,4042.570,4064.320,2656
2026-07-08T11:45:00.000Z,4064.590,4072.500,4060.760,4062.220,3527
2026-07-08T11:50:00.000Z,4062.190,4064.070,4059.340,4062.860,2666
2026-07-08T11:55:00.000Z,4062.770,4064.670,4059.740,4062.170,2432
2026-07-08T12:00:00.000Z,4062.130,4066.280,4058.780,4064.430,2646
2026-07-08T12:05:00.000Z,4064.500,4069.600,4063.830,4069.320,2530
2026-07-08T12:10:00.000Z,4069.070,4073.720,4068.850,4072.070,2427
2026-07-08T12:15:00.000Z,4072.290,4077.570,4068.970,4075.510,2844
2026-07-08T12:20:00.000Z,4075.390,4076.830,4066.240,4067.330,2480
2026-07-08T12:25:00.000Z,4067.400,4072.320,4067.340,4070.870,2579
2026-07-08T12:30:00.000Z,4070.800,4074.170,4068.340,4073.360,2735
2026-07-08T12:35:00.000Z,4073.350,4073.530,4068.120,4073.130,2345
2026-07-08T12:40:00.000Z,4073.130,4078.310,4071.440,4078.200,2311
2026-07-08T12:45:00.000Z,4078.260,4083.180,4076.340,4082.620,2644
2026-07-08T12:50:00.000Z,4082.670,4086.490,4082.030,4084.020,2322
2026-07-08T12:55:00.000Z,4084.040,4085.690,4070.990,4072.190,3538
2026-07-08T13:00:00.000Z,4072.350,4079.930,4070.310,4079.470,3674
2026-07-08T13:05:00.000Z,4079.430,4082.830,4072.680,4074.430,3317
2026-07-08T13:10:00.000Z,4074.530,4076.160,4069.840,4072.200,2977
2026-07-08T13:15:00.000Z,4072.190,4075.450,4071.700,4072.220,2681
2026-07-08T13:20:00.000Z,4072.210,4075.940,4068.260,4071.740,2811
2026-07-08T13:25:00.000Z,4071.430,4074.820,4065.370,4066.670,2932
2026-07-08T13:30:00.000Z,4067.590,4080.010,4066.730,4077.600,3655
2026-07-08T13:35:00.000Z,4077.480,4080.340,4072.850,4079.170,3567
2026-07-08T13:40:00.000Z,4079.190,4080.260,4070.610,4073.330,3256
2026-07-08T13:45:00.000Z,4073.350,4079.240,4069.540,4069.630,3277
2026-07-08T13:50:00.000Z,4069.610,4073.480,4068.370,4070.080,3507
2026-07-08T13:55:00.000Z,4070.030,4073.010,4069.120,4070.850,2927
2026-07-08T14:00:00.000Z,4070.670,4071.430,4063.800,4066.300,3231
2026-07-08T14:05:00.000Z,4066.270,4068.730,4061.170,4063.750,3429
2026-07-08T14:10:00.000Z,4063.760,4065.010,4057.010,4057.490,3175
2026-07-08T14:15:00.000Z,4057.500,4061.580,4051.450,4054.590,3328
2026-07-08T14:20:00.000Z,4054.620,4062.050,4052.980,4059.930,3454
2026-07-08T14:25:00.000Z,4059.970,4065.370,4058.740,4060.140,3359
2026-07-08T14:30:00.000Z,4060.200,4061.310,4052.070,4055.260,3471
2026-07-08T14:35:00.000Z,4055.260,4055.640,4042.080,4043.160,3602
2026-07-08T14:40:00.000Z,4043.110,4049.060,4035.410,4036.380,3517
2026-07-08T14:45:00.000Z,4036.350,4040.130,4033.930,4035.780,3420
2026-07-08T14:50:00.000Z,4035.680,4046.310,4034.690,4044.640,3221
2026-07-08T14:55:00.000Z,4044.780,4045.410,4040.240,4041.020,3106
2026-07-08T15:00:00.000Z,4041.140,4041.750,4035.790,4037.480,3295
2026-07-08T15:05:00.000Z,4037.430,4043.790,4037.330,4040.000,3085
2026-07-08T15:10:00.000Z,4039.980,4042.360,4033.760,4033.770,3019
2026-07-08T15:15:00.000Z,4033.880,4034.920,4027.850,4031.860,3341
2026-07-08T15:20:00.000Z,4031.910,4035.960,4026.460,4026.470,3165
2026-07-08T15:25:00.000Z,4026.440,4032.160,4026.440,4031.000,3072
2026-07-08T15:30:00.000Z,4031.160,4032.290,4021.840,4025.360,3261
2026-07-08T15:35:00.000Z,4025.370,4032.080,4024.320,4029.370,3170
2026-07-08T15:40:00.000Z,4029.330,4033.570,4028.950,4032.730,2851
2026-07-08T15:45:00.000Z,4032.740,4034.570,4029.970,4034.170,2796
2026-07-08T15:50:00.000Z,4034.070,4038.420,4033.750,4034.760,2639
2026-07-08T15:55:00.000Z,4034.720,4035.270,4030.850,4034.300,2556
2026-07-08T16:00:00.000Z,4034.260,4037.430,4033.290,4036.570,2755
2026-07-08T16:05:00.000Z,4036.450,4040.530,4036.280,4039.430,2635
2026-07-08T16:10:00.000Z,4039.370,4042.670,4038.370,4039.400,2637
2026-07-08T16:15:00.000Z,4039.220,4041.420,4037.800,4040.820,2221
2026-07-08T16:20:00.000Z,4040.800,4041.970,4037.930,4038.420,2123
2026-07-08T16:25:00.000Z,4038.360,4044.880,4038.310,4043.790,2042
2026-07-08T16:30:00.000Z,4043.390,4046.970,4041.620,4041.960,2161
2026-07-08T16:35:00.000Z,4041.960,4046.360,4039.540,4045.010,2417
2026-07-08T16:40:00.000Z,4045.000,4057.400,4043.350,4056.570,3383
2026-07-08T16:45:00.000Z,4056.560,4059.130,4053.620,4058.240,2771
2026-07-08T16:50:00.000Z,4058.340,4062.800,4057.630,4062.390,2528
2026-07-08T16:55:00.000Z,4062.450,4064.470,4061.380,4063.750,2347
2026-07-08T17:00:00.000Z,4063.850,4064.120,4059.740,4061.100,2318
2026-07-08T17:05:00.000Z,4060.920,4069.110,4060.740,4065.400,2520
2026-07-08T17:10:00.000Z,4065.410,4070.400,4063.860,4065.100,2363
2026-07-08T17:15:00.000Z,4065.120,4067.450,4063.570,4066.420,2252
2026-07-08T17:20:00.000Z,4066.390,4070.850,4065.260,4069.300,2414
2026-07-08T17:25:00.000Z,4069.350,4073.870,4069.260,4073.070,2665
2026-07-08T17:30:00.000Z,4073.020,4076.330,4071.400,4072.320,2396
2026-07-08T17:35:00.000Z,4072.300,4073.170,4069.760,4070.730,1870
2026-07-08T17:40:00.000Z,4070.680,4071.410,4068.940,4069.950,1738
2026-07-08T17:45:00.000Z,4069.960,4070.380,4067.300,4067.850,1800
2026-07-08T17:50:00.000Z,4067.910,4069.910,4066.790,4067.860,1812
2026-07-08T17:55:00.000Z,4067.870,4067.970,4064.390,4065.670,1764
2026-07-08T18:00:00.000Z,4065.710,4075.110,4063.740,4069.110,2765
2026-07-08T18:05:00.000Z,4069.130,4070.650,4066.410,4067.960,2537
2026-07-08T18:10:00.000Z,4067.940,4075.640,4066.890,4075.210,2761
2026-07-08T18:15:00.000Z,4075.230,4075.230,4069.970,4071.890,2284
2026-07-08T18:20:00.000Z,4071.780,4071.780,4068.470,4069.490,1975
2026-07-08T18:25:00.000Z,4069.470,4072.170,4067.640,4069.730,2277
2026-07-08T18:30:00.000Z,4070.000,4071.400,4067.270,4069.780,2324
2026-07-08T18:35:00.000Z,4069.840,4075.570,4069.100,4075.240,2279
2026-07-08T18:40:00.000Z,4075.280,4079.410,4074.850,4079.410,2303
2026-07-08T18:45:00.000Z,4079.390,4091.530,4078.830,4090.820,2839
2026-07-08T18:50:00.000Z,4090.690,4091.420,4084.580,4085.920,2072
2026-07-08T18:55:00.000Z,4085.700,4085.700,4082.520,4084.420,1754
2026-07-08T19:00:00.000Z,4084.470,4091.030,4084.470,4087.270,2266
2026-07-08T19:05:00.000Z,4087.260,4090.210,4086.410,4089.450,2177
2026-07-08T19:10:00.000Z,4089.430,4090.620,4085.840,4087.640,1871
2026-07-08T19:15:00.000Z,4087.330,4088.070,4084.890,4086.800,1691
2026-07-08T19:20:00.000Z,4086.760,4087.890,4085.950,4087.210,1648
2026-07-08T19:25:00.000Z,4087.170,4088.600,4085.090,4088.290,1640
2026-07-08T19:30:00.000Z,4088.340,4091.280,4086.640,4087.040,2109
2026-07-08T19:35:00.000Z,4087.020,4089.460,4086.370,4087.180,1539
2026-07-08T19:40:00.000Z,4087.190,4087.550,4083.400,4084.150,1536
2026-07-08T19:45:00.000Z,4083.950,4084.390,4078.460,4079.230,2259
2026-07-08T19:50:00.000Z,4079.490,4083.330,4078.850,4083.250,2189
2026-07-08T19:55:00.000Z,4082.600,4083.020,4080.130,4080.130,2091
2026-07-08T20:00:00.000Z,4080.060,4080.060,4076.160,4079.450,1760
2026-07-08T20:05:00.000Z,4079.150,4083.360,4078.690,4081.230,1455
2026-07-08T20:10:00.000Z,4081.070,4081.590,4078.050,4078.920,1509
2026-07-08T20:15:00.000Z,4078.950,4079.630,4075.720,4076.400,1366
2026-07-08T20:20:00.000Z,4076.710,4076.710,4074.200,4075.770,1340
2026-07-08T20:25:00.000Z,4075.710,4076.830,4074.510,4076.830,998
2026-07-08T20:30:00.000Z,4076.820,4078.500,4073.310,4073.660,1286
2026-07-08T20:35:00.000Z,4073.650,4074.210,4071.560,4074.200,1280
2026-07-08T20:40:00.000Z,4074.130,4076.090,4073.760,4074.800,846
2026-07-08T20:45:00.000Z,4074.810,4075.990,4074.030,4075.220,969
2026-07-08T20:50:00.000Z,4075.230,4079.640,4075.230,4079.420,984
2026-07-08T20:55:00.000Z,4078.980,4078.980,4076.970,4077.490,661
2026-07-08T22:00:00.000Z,4078.680,4079.940,4072.600,4073.960,1503
2026-07-08T22:05:00.000Z,4074.370,4079.720,4073.930,4077.580,972
2026-07-08T22:10:00.000Z,4077.480,4079.280,4076.660,4077.180,829
2026-07-08T22:15:00.000Z,4077.210,4079.000,4075.870,4076.190,1094
2026-07-08T22:20:00.000Z,4076.160,4076.230,4073.890,4074.810,1081
2026-07-08T22:25:00.000Z,4074.820,4076.160,4073.570,4074.420,1113
2026-07-08T22:30:00.000Z,4074.430,4077.530,4073.750,4076.560,985
2026-07-08T22:35:00.000Z,4076.580,4078.230,4075.280,4077.420,701
2026-07-08T22:40:00.000Z,4077.430,4079.300,4076.350,4076.580,827
2026-07-08T22:45:00.000Z,4076.500,4079.570,4076.370,4079.290,775
2026-07-08T22:50:00.000Z,4079.270,4079.830,4078.310,4078.310,555
2026-07-08T22:55:00.000Z,4078.290,4078.440,4076.510,4076.740,632
2026-07-08T23:00:00.000Z,4076.740,4077.220,4073.840,4075.530,891
2026-07-08T23:05:00.000Z,4075.530,4077.350,4075.490,4077.180,564
2026-07-08T23:10:00.000Z,4077.190,4077.560,4076.010,4077.120,580
2026-07-08T23:15:00.000Z,4077.130,4077.300,4075.720,4075.850,611
2026-07-08T23:20:00.000Z,4075.750,4076.360,4075.510,4075.790,571
2026-07-08T23:25:00.000Z,4075.740,4077.880,4075.740,4077.700,576
2026-07-08T23:30:00.000Z,4077.650,4077.650,4074.740,4075.480,726
2026-07-08T23:35:00.000Z,4075.480,4077.200,4075.270,4076.410,786
2026-07-08T23:40:00.000Z,4076.500,4077.060,4073.920,4075.330,890
2026-07-08T23:45:00.000Z,4075.350,4076.410,4072.010,4072.760,1133
2026-07-08T23:50:00.000Z,4072.770,4077.300,4072.390,4075.840,1047
2026-07-08T23:55:00.000Z,4075.850,4077.730,4075.150,4076.370,1090
2026-07-09T00:00:00.000Z,4076.380,4081.160,4076.380,4080.700,2276
2026-07-09T00:05:00.000Z,4080.630,4082.690,4077.550,4077.550,2296
2026-07-09T00:10:00.000Z,4077.610,4087.570,4077.610,4087.570,2155
2026-07-09T00:15:00.000Z,4087.560,4089.760,4083.000,4084.040,1698
2026-07-09T00:20:00.000Z,4084.050,4085.440,4075.850,4077.550,1886
2026-07-09T00:25:00.000Z,4077.490,4078.320,4074.140,4078.140,2068
2026-07-09T00:30:00.000Z,4078.460,4081.570,4077.120,4078.710,1990
2026-07-09T00:35:00.000Z,4078.700,4081.820,4076.610,4079.300,1949
2026-07-09T00:40:00.000Z,4079.360,4080.280,4075.560,4077.080,1569
2026-07-09T00:45:00.000Z,4076.910,4079.020,4075.210,4077.500,1551
2026-07-09T00:50:00.000Z,4077.730,4077.920,4070.270,4070.770,1839
2026-07-09T00:55:00.000Z,4070.850,4075.310,4070.850,4074.100,1873
2026-07-09T01:00:00.000Z,4073.870,4078.760,4065.310,4067.510,3423
2026-07-09T01:05:00.000Z,4067.930,4073.910,4067.200,4073.400,2794
2026-07-09T01:10:00.000Z,4073.540,4076.550,4072.160,4074.180,2498
2026-07-09T01:15:00.000Z,4074.180,4076.560,4072.600,4074.250,2561
2026-07-09T01:20:00.000Z,4074.270,4076.070,4070.220,4072.820,2465
2026-07-09T01:25:00.000Z,4073.000,4073.600,4066.670,4066.700,1979
2026-07-09T01:30:00.000Z,4066.840,4073.140,4062.420,4071.720,2587
2026-07-09T01:35:00.000Z,4071.760,4073.770,4070.770,4072.290,2208
2026-07-09T01:40:00.000Z,4072.270,4075.190,4070.580,4073.380,2063
2026-07-09T01:45:00.000Z,4073.390,4076.070,4072.650,4073.720,1993
2026-07-09T01:50:00.000Z,4073.730,4074.450,4069.160,4069.700,2139
2026-07-09T01:55:00.000Z,4069.720,4072.990,4069.010,4072.810,1946
2026-07-09T02:00:00.000Z,4072.820,4076.170,4072.030,4074.830,2280
2026-07-09T02:05:00.000Z,4074.820,4076.040,4073.770,4075.070,1943
2026-07-09T02:10:00.000Z,4075.110,4079.460,4075.110,4078.550,1842
2026-07-09T02:15:00.000Z,4078.460,4081.120,4076.810,4080.140,1099
2026-07-09T02:20:00.000Z,4079.930,4080.100,4077.660,4078.920,1215
2026-07-09T02:25:00.000Z,4078.920,4082.540,4078.910,4080.440,1621
2026-07-09T02:30:00.000Z,4080.450,4081.620,4072.080,4072.330,2002
2026-07-09T02:35:00.000Z,4072.240,4074.340,4070.370,4073.290,1867
2026-07-09T02:40:00.000Z,4073.300,4074.450,4069.960,4070.820,1840
2026-07-09T02:45:00.000Z,4070.760,4071.780,4068.380,4069.170,1966
2026-07-09T02:50:00.000Z,4069.050,4069.050,4065.790,4067.700,2205
2026-07-09T02:55:00.000Z,4067.720,4068.960,4064.450,4065.000,1952
2026-07-09T03:00:00.000Z,4064.950,4067.460,4064.280,4066.880,1947
2026-07-09T03:05:00.000Z,4066.890,4067.070,4059.610,4060.750,2297
2026-07-09T03:10:00.000Z,4060.730,4061.030,4055.340,4059.070,2179
2026-07-09T03:15:00.000Z,4059.000,4059.090,4054.340,4055.810,1917
2026-07-09T03:20:00.000Z,4055.720,4059.350,4054.210,4059.270,1975
2026-07-09T03:25:00.000Z,4059.310,4061.070,4057.490,4058.260,1808
2026-07-09T03:30:00.000Z,4058.270,4063.360,4056.560,4062.720,1727
2026-07-09T03:35:00.000Z,4062.690,4063.170,4059.780,4060.660,1209
2026-07-09T03:40:00.000Z,4060.660,4061.980,4059.210,4061.980,1416
2026-07-09T03:45:00.000Z,4062.160,4062.820,4061.180,4061.440,1168
2026-07-09T03:50:00.000Z,4061.430,4063.570,4061.420,4062.730,1041
2026-07-09T03:55:00.000Z,4062.770,4064.090,4061.490,4064.090,1069
2026-07-09T04:00:00.000Z,4064.080,4064.490,4058.950,4061.290,1521
2026-07-09T04:05:00.000Z,4061.280,4062.910,4061.200,4062.150,1271
2026-07-09T04:10:00.000Z,4062.160,4063.970,4060.540,4060.550,1176
2026-07-09T04:15:00.000Z,4060.560,4060.610,4057.410,4057.850,1400
2026-07-09T04:20:00.000Z,4057.990,4060.950,4057.740,4059.960,1138
2026-07-09T04:25:00.000Z,4060.020,4060.350,4058.420,4058.890,1231
2026-07-09T04:30:00.000Z,4058.880,4064.400,4058.840,4063.080,1520
2026-07-09T04:35:00.000Z,4063.070,4064.480,4061.290,4063.780,1144
2026-07-09T04:40:00.000Z,4063.790,4063.820,4056.590,4057.910,1503
2026-07-09T04:45:00.000Z,4057.950,4061.410,4056.560,4061.410,1254
2026-07-09T04:50:00.000Z,4061.370,4062.920,4059.190,4062.670,1241
2026-07-09T04:55:00.000Z,4062.570,4064.590,4062.320,4064.370,1062
2026-07-09T05:00:00.000Z,4064.370,4071.430,4063.780,4066.380,1912
2026-07-09T05:05:00.000Z,4066.390,4069.060,4066.390,4068.190,1573
2026-07-09T05:10:00.000Z,4068.230,4075.940,4067.910,4073.600,2565
2026-07-09T05:15:00.000Z,4073.610,4073.760,4067.960,4067.960,2018
2026-07-09T05:20:00.000Z,4067.940,4069.570,4066.850,4068.710,1483
2026-07-09T05:25:00.000Z,4068.620,4072.520,4068.130,4072.330,1549
2026-07-09T05:30:00.000Z,4072.320,4073.470,4064.910,4071.710,2477
2026-07-09T05:35:00.000Z,4071.740,4077.060,4069.730,4075.930,2272
2026-07-09T05:40:00.000Z,4075.940,4076.320,4073.840,4075.630,1810
2026-07-09T05:45:00.000Z,4075.640,4079.730,4073.890,4079.570,1850
2026-07-09T05:50:00.000Z,4079.570,4082.700,4078.550,4080.020,2168
2026-07-09T05:55:00.000Z,4080.040,4084.300,4078.740,4082.080,2062
2026-07-09T06:00:00.000Z,4082.080,4099.660,4081.490,4092.910,3030
2026-07-09T06:05:00.000Z,4092.970,4093.480,4088.290,4089.140,2349
2026-07-09T06:10:00.000Z,4089.170,4092.900,4088.400,4092.170,1948
2026-07-09T06:15:00.000Z,4092.040,4095.920,4091.540,4094.160,2183
2026-07-09T06:20:00.000Z,4094.230,4100.650,4093.420,4097.800,2731
2026-07-09T06:25:00.000Z,4097.740,4103.250,4097.710,4102.410,2381
2026-07-09T06:30:00.000Z,4102.430,4107.040,4099.520,4104.380,2491
2026-07-09T06:35:00.000Z,4103.880,4105.980,4098.780,4098.780,2140
2026-07-09T06:40:00.000Z,4098.690,4103.080,4096.080,4102.960,1993
2026-07-09T06:45:00.000Z,4102.990,4104.790,4102.540,4103.460,1820
2026-07-09T06:50:00.000Z,4103.400,4105.410,4102.970,4103.870,1625
2026-07-09T06:55:00.000Z,4103.880,4108.140,4103.330,4108.050,1944
2026-07-09T07:00:00.000Z,4108.100,4110.240,4106.170,4106.450,2189
2026-07-09T07:05:00.000Z,4106.350,4107.020,4103.210,4105.960,1988
2026-07-09T07:10:00.000Z,4105.910,4106.560,4101.700,4101.700,1678
2026-07-09T07:15:00.000Z,4101.730,4105.310,4101.730,4104.750,1512
2026-07-09T07:20:00.000Z,4104.740,4106.060,4103.330,4105.870,1600
2026-07-09T07:25:00.000Z,4105.890,4110.050,4104.930,4109.050,1782
2026-07-09T07:30:00.000Z,4109.090,4109.250,4103.800,4107.040,1824
2026-07-09T07:35:00.000Z,4107.020,4109.460,4106.260,4108.440,1468
2026-07-09T07:40:00.000Z,4108.460,4111.000,4107.880,4109.240,1386
2026-07-09T07:45:00.000Z,4109.190,4111.080,4106.500,4110.670,1478
2026-07-09T07:50:00.000Z,4110.670,4111.250,4108.520,4108.520,1411
2026-07-09T07:55:00.000Z,4108.510,4108.520,4104.800,4108.070,1348
2026-07-09T08:00:00.000Z,4108.380,4109.600,4105.330,4107.060,2036
2026-07-09T08:05:00.000Z,4107.050,4110.640,4106.590,4109.750,1942
2026-07-09T08:10:00.000Z,4109.690,4109.710,4105.580,4108.160,1678
2026-07-09T08:15:00.000Z,4108.160,4113.030,4107.910,4109.020,1876
2026-07-09T08:20:00.000Z,4109.170,4117.800,4109.170,4115.800,1937
2026-07-09T08:25:00.000Z,4115.790,4115.830,4114.070,4114.870,1474
2026-07-09T08:30:00.000Z,4114.850,4116.590,4110.240,4110.440,1668
2026-07-09T08:35:00.000Z,4110.500,4115.380,4110.500,4114.800,1274
2026-07-09T08:40:00.000Z,4114.810,4115.210,4113.140,4113.660,1324
2026-07-09T08:45:00.000Z,4113.650,4113.810,4108.030,4109.750,1463
2026-07-09T08:50:00.000Z,4109.830,4111.020,4109.210,4109.960,1284
2026-07-09T08:55:00.000Z,4109.950,4110.770,4107.890,4108.400,1278
2026-07-09T09:00:00.000Z,4108.430,4109.080,4106.500,4108.950,1481
2026-07-09T09:05:00.000Z,4108.930,4109.670,4106.010,4106.680,1321
2026-07-09T09:10:00.000Z,4106.670,4109.550,4106.310,4108.690,1404
2026-07-09T09:15:00.000Z,4108.680,4111.940,4108.010,4110.240,1362
2026-07-09T09:20:00.000Z,4110.250,4112.360,4107.530,4107.780,1386
2026-07-09T09:25:00.000Z,4107.810,4109.120,4107.640,4108.520,1283
2026-07-09T09:30:00.000Z,4108.530,4110.050,4105.050,4105.960,1710
2026-07-09T09:35:00.000Z,4106.060,4107.980,4105.600,4106.270,1333
2026-07-09T09:40:00.000Z,4106.370,4106.380,4103.350,4104.000,1487
2026-07-09T09:45:00.000Z,4103.840,4105.390,4103.270,4105.370,1128
2026-07-09T09:50:00.000Z,4105.360,4106.410,4104.020,4106.040,1205
2026-07-09T09:55:00.000Z,4106.050,4107.560,4105.360,4106.410,993
2026-07-09T10:00:00.000Z,4106.490,4110.010,4104.310,4109.900,1354
2026-07-09T10:05:00.000Z,4109.880,4109.890,4105.010,4106.880,1027
2026-07-09T10:10:00.000Z,4106.880,4107.950,4105.120,4105.210,1120
2026-07-09T10:15:00.000Z,4105.260,4106.610,4104.920,4105.140,1037
2026-07-09T10:20:00.000Z,4105.170,4105.910,4104.650,4105.000,821
2026-07-09T10:25:00.000Z,4104.990,4105.460,4104.060,4104.430,1005
2026-07-09T10:30:00.000Z,4104.270,4105.090,4102.520,4104.600,1315
2026-07-09T10:35:00.000Z,4104.590,4105.510,4103.550,4104.520,967
2026-07-09T10:40:00.000Z,4104.450,4104.600,4103.020,4103.470,1092
2026-07-09T10:45:00.000Z,4103.480,4104.460,4099.590,4101.010,1726
2026-07-09T10:50:00.000Z,4100.810,4101.120,4094.640,4097.290,2051
2026-07-09T10:55:00.000Z,4097.250,4099.300,4093.840,4099.110,1925
2026-07-09T11:00:00.000Z,4099.090,4103.930,4097.930,4103.410,2005
2026-07-09T11:05:00.000Z,4103.440,4103.500,4100.570,4102.540,1544
2026-07-09T11:10:00.000Z,4102.550,4105.070,4101.770,4105.020,1516
2026-07-09T11:15:00.000Z,4104.970,4107.180,4104.100,4105.130,1433
2026-07-09T11:20:00.000Z,4105.120,4105.340,4099.470,4099.880,1542
2026-07-09T11:25:00.000Z,4100.010,4101.470,4099.130,4100.450,1303
2026-07-09T11:30:00.000Z,4100.500,4102.640,4100.070,4101.460,1674
2026-07-09T11:35:00.000Z,4101.470,4105.440,4099.000,4105.410,1413
2026-07-09T11:40:00.000Z,4105.410,4109.480,4104.860,4106.320,1666
2026-07-09T11:45:00.000Z,4106.320,4108.070,4105.060,4106.280,1473
2026-07-09T11:50:00.000Z,4106.190,4107.870,4104.470,4107.570,1350
2026-07-09T11:55:00.000Z,4107.560,4110.600,4107.300,4108.730,1395
2026-07-09T12:00:00.000Z,4108.860,4110.020,4105.970,4107.770,1731
2026-07-09T12:05:00.000Z,4107.790,4120.000,4106.220,4115.610,2328
2026-07-09T12:10:00.000Z,4115.650,4117.160,4112.470,4112.810,2262
2026-07-09T12:15:00.000Z,4112.890,4113.530,4107.670,4108.040,1855
2026-07-09T12:20:00.000Z,4107.860,4108.850,4105.340,4106.900,2395
2026-07-09T12:25:00.000Z,4107.050,4109.520,4105.180,4107.180,1704
2026-07-09T12:30:00.000Z,4107.160,4115.980,4104.930,4115.830,2166
2026-07-09T12:35:00.000Z,4115.900,4121.490,4114.840,4120.850,2723
2026-07-09T12:40:00.000Z,4120.960,4122.630,4112.930,4113.150,2296
2026-07-09T12:45:00.000Z,4113.210,4113.440,4111.240,4112.450,2049
2026-07-09T12:50:00.000Z,4112.610,4114.670,4110.690,4111.530,1922
2026-07-09T12:55:00.000Z,4111.590,4112.560,4107.620,4107.790,1890
2026-07-09T13:00:00.000Z,4107.760,4114.410,4106.850,4111.920,2859
2026-07-09T13:05:00.000Z,4112.050,4117.570,4111.030,4116.310,2642
2026-07-09T13:10:00.000Z,4116.350,4121.170,4115.940,4120.630,2564
2026-07-09T13:15:00.000Z,4120.670,4126.920,4119.630,4120.570,3011
2026-07-09T13:20:00.000Z,4120.640,4125.500,4118.740,4125.440,2470
2026-07-09T13:25:00.000Z,4125.470,4127.280,4123.720,4126.040,2460
2026-07-09T13:30:00.000Z,4126.290,4129.230,4119.800,4125.790,3564
2026-07-09T13:35:00.000Z,4125.910,4127.980,4122.620,4125.210,3107
2026-07-09T13:40:00.000Z,4125.260,4129.520,4121.940,4127.520,2867
2026-07-09T13:45:00.000Z,4127.440,4127.640,4121.620,4123.630,2821
2026-07-09T13:50:00.000Z,4123.670,4126.680,4118.960,4119.000,2756
2026-07-09T13:55:00.000Z,4118.960,4122.900,4117.970,4122.060,2383
2026-07-09T14:00:00.000Z,4121.990,4134.630,4121.760,4131.350,3407
2026-07-09T14:05:00.000Z,4131.370,4136.120,4126.130,4126.380,2992
2026-07-09T14:10:00.000Z,4126.450,4126.860,4120.460,4122.380,2988
2026-07-09T14:15:00.000Z,4122.390,4122.390,4116.270,4117.510,3212
2026-07-09T14:20:00.000Z,4117.370,4123.640,4114.360,4123.360,3208
2026-07-09T14:25:00.000Z,4123.370,4125.710,4121.860,4124.800,2689
2026-07-09T14:30:00.000Z,4125.010,4125.410,4121.070,4124.920,2657
2026-07-09T14:35:00.000Z,4124.910,4126.750,4121.460,4123.160,2402
2026-07-09T14:40:00.000Z,4123.110,4124.450,4120.720,4124.160,2074
2026-07-09T14:45:00.000Z,4124.270,4125.370,4119.700,4119.700,1945
2026-07-09T14:50:00.000Z,4119.690,4124.380,4118.280,4124.090,2236
2026-07-09T14:55:00.000Z,4124.020,4128.050,4122.860,4127.860,2701
2026-07-09T15:00:00.000Z,4128.020,4128.400,4125.220,4126.500,2308
2026-07-09T15:05:00.000Z,4126.620,4130.930,4125.420,4126.760,2244
2026-07-09T15:10:00.000Z,4126.720,4127.360,4124.960,4125.170,1825
2026-07-09T15:15:00.000Z,4125.230,4127.920,4125.230,4127.550,2247
2026-07-09T15:20:00.000Z,4127.560,4130.780,4125.060,4129.740,2200
2026-07-09T15:25:00.000Z,4129.770,4130.550,4127.070,4127.970,1993
2026-07-09T15:30:00.000Z,4128.080,4128.560,4126.430,4127.280,1969
2026-07-09T15:35:00.000Z,4127.070,4130.540,4126.830,4130.530,1955
2026-07-09T15:40:00.000Z,4130.540,4131.480,4128.640,4130.240,1777
2026-07-09T15:45:00.000Z,4130.400,4132.790,4128.830,4129.470,2114
2026-07-09T15:50:00.000Z,4129.480,4131.510,4126.540,4127.540,1950
2026-07-09T15:55:00.000Z,4127.560,4128.620,4126.600,4126.950,1549
2026-07-09T16:00:00.000Z,4126.940,4129.750,4125.930,4126.010,1768
2026-07-09T16:05:00.000Z,4126.040,4129.220,4125.740,4128.970,1690
2026-07-09T16:10:00.000Z,4128.980,4131.270,4127.900,4130.430,1896
2026-07-09T16:15:00.000Z,4130.420,4133.160,4129.300,4129.730,2129
2026-07-09T16:20:00.000Z,4129.650,4131.590,4129.200,4130.800,1676
2026-07-09T16:25:00.000Z,4130.740,4132.890,4129.010,4132.870,1490
2026-07-09T16:30:00.000Z,4132.730,4137.990,4132.280,4134.550,2113
2026-07-09T16:35:00.000Z,4134.550,4135.930,4131.800,4132.780,1943
2026-07-09T16:40:00.000Z,4132.670,4134.180,4132.200,4133.380,1575
2026-07-09T16:45:00.000Z,4133.450,4134.400,4131.290,4131.330,1281
2026-07-09T16:50:00.000Z,4131.480,4133.720,4130.990,4133.250,1350
2026-07-09T16:55:00.000Z,4133.140,4133.270,4128.040,4128.040,1580
2026-07-09T17:00:00.000Z,4128.030,4128.770,4126.280,4128.440,1804
2026-07-09T17:05:00.000Z,4128.420,4128.880,4126.810,4127.910,1481
2026-07-09T17:10:00.000Z,4127.910,4128.330,4125.870,4127.510,1425
2026-07-09T17:15:00.000Z,4127.500,4128.250,4125.140,4126.940,1400
2026-07-09T17:20:00.000Z,4126.740,4128.870,4125.690,4128.340,1612
2026-07-09T17:25:00.000Z,4128.320,4131.940,4126.230,4131.650,2080
2026-07-09T17:30:00.000Z,4131.710,4133.820,4129.320,4129.870,1820
2026-07-09T17:35:00.000Z,4129.890,4134.320,4129.650,4133.270,1373
2026-07-09T17:40:00.000Z,4133.290,4133.870,4132.090,4132.290,1286
2026-07-09T17:45:00.000Z,4132.300,4138.110,4132.160,4136.180,1626
2026-07-09T17:50:00.000Z,4136.230,4137.530,4135.170,4135.530,1257
2026-07-09T17:55:00.000Z,4135.440,4136.900,4134.470,4136.250,1181
2026-07-09T18:00:00.000Z,4136.210,4136.450,4130.760,4131.240,1562
2026-07-09T18:05:00.000Z,4131.260,4132.200,4129.710,4130.610,1298
2026-07-09T18:10:00.000Z,4130.740,4130.800,4127.330,4128.780,1380
2026-07-09T18:15:00.000Z,4128.810,4128.810,4126.730,4127.330,1149
2026-07-09T18:20:00.000Z,4127.280,4127.300,4124.250,4124.910,1234
2026-07-09T18:25:00.000Z,4124.960,4125.310,4123.190,4124.040,1530
2026-07-09T18:30:00.000Z,4124.090,4125.150,4122.820,4124.090,1309
2026-07-09T18:35:00.000Z,4124.100,4124.450,4121.550,4122.600,1076
2026-07-09T18:40:00.000Z,4122.560,4125.460,4122.370,4125.430,1213
2026-07-09T18:45:00.000Z,4125.450,4125.550,4123.780,4124.360,947
2026-07-09T18:50:00.000Z,4124.360,4124.480,4122.510,4123.680,992
2026-07-09T18:55:00.000Z,4123.700,4125.370,4123.190,4124.580,927
2026-07-09T19:00:00.000Z,4124.480,4126.990,4123.540,4124.590,1330
2026-07-09T19:05:00.000Z,4124.580,4125.510,4123.350,4123.650,1011
2026-07-09T19:10:00.000Z,4123.640,4124.480,4123.020,4124.400,1037
2026-07-09T19:15:00.000Z,4124.300,4125.580,4123.650,4123.920,1010
2026-07-09T19:20:00.000Z,4124.010,4124.360,4121.830,4122.010,983
2026-07-09T19:25:00.000Z,4121.980,4122.230,4120.830,4121.010,946
2026-07-09T19:30:00.000Z,4121.040,4121.580,4119.710,4120.870,1256
2026-07-09T19:35:00.000Z,4120.910,4122.660,4120.220,4120.740,1110
2026-07-09T19:40:00.000Z,4120.710,4121.560,4118.890,4120.310,996
2026-07-09T19:45:00.000Z,4120.320,4122.280,4120.070,4122.270,986
2026-07-09T19:50:00.000Z,4122.040,4123.540,4121.030,4121.670,1327
2026-07-09T19:55:00.000Z,4121.440,4122.800,4120.710,4122.540,1351
2026-07-09T20:00:00.000Z,4122.280,4124.210,4121.440,4122.390,840
2026-07-09T20:05:00.000Z,4122.380,4122.570,4121.410,4121.970,655
2026-07-09T20:10:00.000Z,4122.010,4122.050,4120.850,4121.510,387
2026-07-09T20:15:00.000Z,4121.500,4122.040,4121.180,4122.020,380
2026-07-09T20:20:00.000Z,4121.800,4122.690,4121.560,4121.900,383
2026-07-09T20:25:00.000Z,4121.910,4122.110,4120.650,4121.150,430
2026-07-09T20:30:00.000Z,4121.140,4124.090,4120.820,4123.960,523
2026-07-09T20:35:00.000Z,4124.000,4125.580,4123.610,4123.950,641
2026-07-09T20:40:00.000Z,4123.870,4124.780,4123.690,4124.510,498
2026-07-09T20:45:00.000Z,4124.370,4124.380,4123.100,4123.740,572
2026-07-09T20:50:00.000Z,4123.710,4124.040,4123.220,4123.920,533
2026-07-09T20:55:00.000Z,4123.870,4124.500,4123.350,4123.670,458
2026-07-09T22:00:00.000Z,4125.460,4126.410,4124.540,4125.300,839
2026-07-09T22:05:00.000Z,4125.250,4127.860,4122.780,4122.850,1044
2026-07-09T22:10:00.000Z,4122.830,4124.120,4122.490,4123.760,829
2026-07-09T22:15:00.000Z,4123.750,4124.890,4123.340,4123.410,722
2026-07-09T22:20:00.000Z,4123.420,4123.950,4122.550,4123.590,669
2026-07-09T22:25:00.000Z,4123.580,4124.340,4122.620,4123.260,769
2026-07-09T22:30:00.000Z,4123.300,4124.010,4122.510,4123.330,483
2026-07-09T22:35:00.000Z,4123.320,4124.820,4122.640,4124.180,851
2026-07-09T22:40:00.000Z,4124.190,4124.200,4122.510,4123.870,611
2026-07-09T22:45:00.000Z,4123.880,4124.340,4122.040,4122.580,481
2026-07-09T22:50:00.000Z,4122.590,4123.270,4121.560,4123.180,656
2026-07-09T22:55:00.000Z,4123.170,4123.740,4121.940,4121.940,406
2026-07-09T23:00:00.000Z,4121.830,4123.550,4121.610,4123.550,546
2026-07-09T23:05:00.000Z,4123.440,4124.510,4122.910,4124.430,453
2026-07-09T23:10:00.000Z,4124.400,4124.610,4123.140,4123.960,441
2026-07-09T23:15:00.000Z,4123.940,4124.620,4123.940,4124.460,373
2026-07-09T23:20:00.000Z,4124.470,4125.230,4122.160,4122.560,618
2026-07-09T23:25:00.000Z,4122.310,4123.550,4121.520,4122.350,688
2026-07-09T23:30:00.000Z,4122.380,4122.620,4121.140,4121.660,555
2026-07-09T23:35:00.000Z,4121.670,4123.050,4121.670,4122.950,392
2026-07-09T23:40:00.000Z,4122.970,4123.080,4122.540,4122.820,363
2026-07-09T23:45:00.000Z,4122.830,4124.300,4121.720,4124.110,696
2026-07-09T23:50:00.000Z,4124.090,4124.540,4122.730,4123.290,676
2026-07-09T23:55:00.000Z,4123.250,4123.910,4122.600,4123.590,750
2026-07-10T00:00:00.000Z,4123.380,4125.700,4119.930,4123.890,1870
2026-07-10T00:05:00.000Z,4123.850,4125.090,4121.110,4122.860,1395
2026-07-10T00:10:00.000Z,4122.870,4123.310,4121.190,4122.240,1345
2026-07-10T00:15:00.000Z,4122.360,4123.710,4120.870,4120.950,1366
2026-07-10T00:20:00.000Z,4121.210,4122.220,4119.190,4119.190,1247
2026-07-10T00:25:00.000Z,4119.210,4119.950,4116.900,4119.600,1088
2026-07-10T00:30:00.000Z,4119.590,4119.650,4114.560,4115.840,1510
2026-07-10T00:35:00.000Z,4115.850,4120.000,4115.850,4119.250,1319
2026-07-10T00:40:00.000Z,4119.240,4123.980,4118.260,4123.240,1449
2026-07-10T00:45:00.000Z,4122.830,4125.850,4122.420,4124.510,1763
2026-07-10T00:50:00.000Z,4124.520,4127.280,4121.440,4122.960,1438
2026-07-10T00:55:00.000Z,4122.960,4128.340,4122.720,4126.520,1824
2026-07-10T01:00:00.000Z,4126.550,4131.020,4120.000,4122.150,2782
2026-07-10T01:05:00.000Z,4122.140,4126.530,4119.030,4125.710,2428
2026-07-10T01:10:00.000Z,4125.530,4126.610,4121.810,4125.120,2165
2026-07-10T01:15:00.000Z,4125.090,4127.410,4123.340,4126.350,2357
2026-07-10T01:20:00.000Z,4126.290,4126.290,4120.910,4122.650,1776
2026-07-10T01:25:00.000Z,4122.640,4123.100,4120.400,4121.680,2020
2026-07-10T01:30:00.000Z,4121.650,4123.520,4118.890,4120.090,2199
2026-07-10T01:35:00.000Z,4120.020,4121.010,4109.230,4112.790,2160
2026-07-10T01:40:00.000Z,4112.590,4113.920,4109.980,4111.770,2102
2026-07-10T01:45:00.000Z,4111.760,4114.630,4108.930,4113.390,2237
2026-07-10T01:50:00.000Z,4113.400,4117.160,4113.030,4116.310,1952
2026-07-10T01:55:00.000Z,4116.400,4121.280,4115.730,4116.960,1981
2026-07-10T02:00:00.000Z,4116.990,4119.140,4116.290,4118.220,1765
2026-07-10T02:05:00.000Z,4118.270,4126.290,4117.720,4124.990,1884
2026-07-10T02:10:00.000Z,4125.000,4128.850,4123.880,4124.830,1888
2026-07-10T02:15:00.000Z,4124.830,4128.050,4124.100,4127.490,1537
2026-07-10T02:20:00.000Z,4127.510,4127.680,4121.920,4124.080,1431
2026-07-10T02:25:00.000Z,4124.090,4126.290,4123.930,4125.830,1187
2026-07-10T02:30:00.000Z,4125.870,4128.740,4123.490,4123.520,1768
2026-07-10T02:35:00.000Z,4123.520,4124.730,4122.360,4123.940,1425
2026-07-10T02:40:00.000Z,4123.970,4126.570,4123.250,4125.870,1551
2026-07-10T02:45:00.000Z,4125.860,4126.060,4123.520,4125.890,1564
2026-07-10T02:50:00.000Z,4125.900,4129.090,4125.620,4127.770,1688
2026-07-10T02:55:00.000Z,4127.780,4127.780,4125.530,4127.770,1254
2026-07-10T03:00:00.000Z,4127.770,4131.960,4127.390,4129.700,1769
2026-07-10T03:05:00.000Z,4129.670,4134.790,4128.510,4131.620,1914
2026-07-10T03:10:00.000Z,4131.640,4131.810,4126.070,4126.660,1545
2026-07-10T03:15:00.000Z,4126.680,4128.330,4125.460,4125.800,1211
2026-07-10T03:20:00.000Z,4125.950,4126.060,4120.700,4122.230,1585
2026-07-10T03:25:00.000Z,4122.250,4126.300,4122.100,4125.260,1421
2026-07-10T03:30:00.000Z,4125.160,4127.920,4123.850,4127.600,1463
2026-07-10T03:35:00.000Z,4127.610,4127.900,4122.560,4123.130,1323
2026-07-10T03:40:00.000Z,4123.140,4123.450,4121.370,4121.710,889
2026-07-10T03:45:00.000Z,4121.740,4122.370,4120.740,4121.150,946
2026-07-10T03:50:00.000Z,4121.140,4121.950,4119.610,4120.650,977
2026-07-10T03:55:00.000Z,4120.630,4121.870,4119.440,4120.350,975
2026-07-10T04:00:00.000Z,4120.330,4120.330,4118.070,4119.860,1018
2026-07-10T04:05:00.000Z,4119.880,4120.640,4117.890,4117.980,1143
2026-07-10T04:10:00.000Z,4117.990,4121.060,4116.900,4121.060,906
2026-07-10T04:15:00.000Z,4120.960,4121.200,4119.370,4119.860,968
2026-07-10T04:20:00.000Z,4119.870,4120.450,4112.230,4114.380,1591
2026-07-10T04:25:00.000Z,4114.380,4117.880,4112.500,4117.500,1471
2026-07-10T04:30:00.000Z,4117.390,4118.340,4116.750,4118.170,880
2026-07-10T04:35:00.000Z,4117.980,4119.670,4117.880,4119.490,671
2026-07-10T04:40:00.000Z,4119.490,4119.550,4118.250,4119.170,806
2026-07-10T04:45:00.000Z,4119.120,4119.150,4116.820,4117.290,941
2026-07-10T04:50:00.000Z,4117.300,4117.550,4115.350,4117.250,838
2026-07-10T04:55:00.000Z,4117.240,4117.820,4115.000,4115.230,1042
2026-07-10T05:00:00.000Z,4115.220,4115.650,4113.440,4114.470,1308
2026-07-10T05:05:00.000Z,4114.480,4116.360,4113.500,4114.130,1278
2026-07-10T05:10:00.000Z,4114.100,4114.570,4113.290,4114.020,986
2026-07-10T05:15:00.000Z,4114.010,4117.030,4113.990,4116.930,1299
2026-07-10T05:20:00.000Z,4116.940,4117.020,4113.060,4114.290,1392
2026-07-10T05:25:00.000Z,4114.260,4116.050,4113.710,4114.210,1147
2026-07-10T05:30:00.000Z,4114.180,4115.350,4110.340,4113.070,2522
2026-07-10T05:35:00.000Z,4113.380,4114.500,4109.380,4109.460,2006
2026-07-10T05:40:00.000Z,4109.490,4114.420,4109.260,4114.070,1977
2026-07-10T05:45:00.000Z,4113.970,4114.250,4108.140,4111.820,1773
2026-07-10T05:50:00.000Z,4111.820,4114.770,4111.740,4114.260,1935
2026-07-10T05:55:00.000Z,4114.230,4117.110,4113.480,4116.740,1498
2026-07-10T06:00:00.000Z,4116.760,4119.240,4115.580,4117.610,1946
2026-07-10T06:05:00.000Z,4117.600,4118.910,4116.250,4117.830,1826
2026-07-10T06:10:00.000Z,4117.850,4118.380,4114.800,4115.060,1599
2026-07-10T06:15:00.000Z,4115.120,4120.110,4113.800,4119.910,1799
2026-07-10T06:20:00.000Z,4119.830,4119.830,4116.580,4117.720,1205
2026-07-10T06:25:00.000Z,4118.090,4118.330,4114.120,4114.600,1520
2026-07-10T06:30:00.000Z,4114.580,4116.170,4112.380,4113.830,1714
2026-07-10T06:35:00.000Z,4114.020,4115.930,4113.720,4115.550,1431
2026-07-10T06:40:00.000Z,4115.530,4115.540,4111.130,4111.520,1791
2026-07-10T06:45:00.000Z,4111.540,4114.330,4111.410,4113.290,1505
2026-07-10T06:50:00.000Z,4113.280,4114.280,4111.860,4113.670,1086
2026-07-10T06:55:00.000Z,4113.630,4113.960,4111.350,4111.730,1206
2026-07-10T07:00:00.000Z,4111.620,4113.110,4110.580,4112.530,1519
2026-07-10T07:05:00.000Z,4112.520,4113.690,4109.580,4111.390,1164
2026-07-10T07:10:00.000Z,4111.350,4112.400,4109.040,4111.580,1283
2026-07-10T07:15:00.000Z,4111.580,4114.200,4108.680,4114.150,1676
2026-07-10T07:20:00.000Z,4114.340,4115.380,4112.520,4114.030,1168
2026-07-10T07:25:00.000Z,4114.020,4114.180,4111.970,4112.480,1119
2026-07-10T07:30:00.000Z,4112.490,4114.540,4111.650,4113.410,1105
2026-07-10T07:35:00.000Z,4113.390,4113.900,4110.470,4111.700,1260
2026-07-10T07:40:00.000Z,4111.580,4111.580,4105.400,4106.770,1338
2026-07-10T07:45:00.000Z,4106.820,4107.330,4104.310,4105.050,1480
2026-07-10T07:50:00.000Z,4105.080,4108.440,4105.000,4107.980,1390
2026-07-10T07:55:00.000Z,4108.070,4109.960,4105.820,4108.970,1490
2026-07-10T08:00:00.000Z,4109.200,4109.530,4104.000,4105.290,2231
2026-07-10T08:05:00.000Z,4105.300,4107.960,4104.690,4106.980,1433
2026-07-10T08:10:00.000Z,4107.030,4107.310,4105.470,4107.250,1354
2026-07-10T08:15:00.000Z,4107.330,4108.320,4106.240,4107.700,1310
2026-07-10T08:20:00.000Z,4107.660,4108.790,4105.130,4105.150,1476
2026-07-10T08:25:00.000Z,4105.170,4105.870,4103.500,4104.290,1600
2026-07-10T08:30:00.000Z,4104.320,4105.580,4102.070,4102.090,1640
2026-07-10T08:35:00.000Z,4102.110,4103.010,4099.560,4102.730,1409
2026-07-10T08:40:00.000Z,4102.770,4102.820,4099.880,4101.820,1247
2026-07-10T08:45:00.000Z,4101.740,4101.830,4094.810,4095.730,1651
2026-07-10T08:50:00.000Z,4095.730,4098.560,4095.640,4097.130,1318
2026-07-10T08:55:00.000Z,4097.120,4098.530,4095.920,4097.850,1445
2026-07-10T09:00:00.000Z,4097.830,4100.430,4094.480,4098.520,1949
2026-07-10T09:05:00.000Z,4098.520,4099.900,4098.320,4099.210,1162
2026-07-10T09:10:00.000Z,4099.220,4100.810,4096.940,4100.810,1184
2026-07-10T09:15:00.000Z,4100.720,4102.590,4100.180,4101.490,1260
2026-07-10T09:20:00.000Z,4101.880,4102.250,4099.950,4102.250,1051
2026-07-10T09:25:00.000Z,4102.260,4103.440,4100.680,4102.720,1206
2026-07-10T09:30:00.000Z,4102.500,4102.860,4100.570,4101.950,1166
2026-07-10T09:35:00.000Z,4101.920,4102.500,4098.500,4101.350,1248
2026-07-10T09:40:00.000Z,4101.320,4104.080,4101.250,4102.950,941
2026-07-10T09:45:00.000Z,4103.020,4104.400,4102.240,4103.620,943
2026-07-10T09:50:00.000Z,4103.530,4104.610,4102.500,4104.610,1019
2026-07-10T09:55:00.000Z,4104.640,4105.460,4103.460,4104.400,944
2026-07-10T10:00:00.000Z,4104.530,4108.540,4104.270,4108.540,1143
2026-07-10T10:05:00.000Z,4108.530,4108.530,4105.740,4106.420,997
2026-07-10T10:10:00.000Z,4106.410,4108.110,4105.860,4106.240,955
2026-07-10T10:15:00.000Z,4106.460,4108.010,4106.340,4107.280,914
2026-07-10T10:20:00.000Z,4107.240,4112.670,4106.970,4111.130,1270
2026-07-10T10:25:00.000Z,4111.300,4111.440,4107.930,4109.540,1264
2026-07-10T10:30:00.000Z,4109.610,4110.570,4106.360,4106.900,1040
2026-07-10T10:35:00.000Z,4106.910,4109.090,4106.590,4107.930,885
2026-07-10T10:40:00.000Z,4107.910,4109.100,4107.210,4109.100,936
2026-07-10T10:45:00.000Z,4109.120,4109.120,4106.940,4107.240,1028
2026-07-10T10:50:00.000Z,4107.320,4108.940,4106.810,4108.480,1026
2026-07-10T10:55:00.000Z,4108.500,4108.550,4104.400,4104.600,1258
2026-07-10T11:00:00.000Z,4104.600,4108.100,4104.460,4106.890,1391
2026-07-10T11:05:00.000Z,4106.910,4107.270,4104.610,4105.890,942
2026-07-10T11:10:00.000Z,4106.000,4107.940,4105.840,4106.410,886
2026-07-10T11:15:00.000Z,4106.380,4107.820,4106.330,4107.130,920
2026-07-10T11:20:00.000Z,4107.110,4107.850,4105.540,4107.690,829
2026-07-10T11:25:00.000Z,4107.790,4108.180,4100.200,4100.220,1575
2026-07-10T11:30:00.000Z,4100.180,4103.590,4098.640,4099.320,1691
2026-07-10T11:35:00.000Z,4099.310,4099.850,4096.160,4097.950,1522
2026-07-10T11:40:00.000Z,4097.980,4107.460,4097.960,4106.740,1463
2026-07-10T11:45:00.000Z,4106.660,4107.840,4105.820,4105.820,1219
2026-07-10T11:50:00.000Z,4105.840,4108.000,4105.390,4105.390,1143
2026-07-10T11:55:00.000Z,4105.130,4105.320,4102.160,4102.340,1293
2026-07-10T12:00:00.000Z,4102.390,4103.780,4101.630,4102.530,1445
2026-07-10T12:05:00.000Z,4102.470,4104.120,4100.930,4103.960,1390
2026-07-10T12:10:00.000Z,4103.970,4117.490,4102.620,4114.980,2033
2026-07-10T12:15:00.000Z,4114.850,4116.380,4107.960,4109.220,2519
2026-07-10T12:20:00.000Z,4108.890,4110.910,4105.590,4107.210,2031
2026-07-10T12:25:00.000Z,4107.040,4107.310,4103.460,4106.020,1666
2026-07-10T12:30:00.000Z,4106.250,4107.020,4101.750,4102.020,2030
2026-07-10T12:35:00.000Z,4102.040,4102.820,4097.610,4101.410,2073
2026-07-10T12:40:00.000Z,4101.420,4102.520,4098.380,4098.420,1743
2026-07-10T12:45:00.000Z,4098.320,4102.820,4097.990,4101.730,1514
2026-07-10T12:50:00.000Z,4101.770,4104.950,4099.990,4100.410,1482
2026-07-10T12:55:00.000Z,4100.420,4102.070,4099.180,4100.830,1520
2026-07-10T13:00:00.000Z,4100.840,4105.160,4098.700,4100.810,2338
2026-07-10T13:05:00.000Z,4100.800,4106.220,4100.240,4105.800,1953
2026-07-10T13:10:00.000Z,4105.700,4105.700,4101.640,4104.340,1667
2026-07-10T13:15:00.000Z,4104.440,4106.690,4100.580,4102.150,1777
2026-07-10T13:20:00.000Z,4102.450,4103.140,4096.230,4097.000,1682
2026-07-10T13:25:00.000Z,4096.970,4098.040,4085.540,4087.380,2550
2026-07-10T13:30:00.000Z,4087.480,4097.030,4087.000,4089.840,3130
2026-07-10T13:35:00.000Z,4089.850,4097.410,4087.830,4097.380,2544
2026-07-10T13:40:00.000Z,4097.400,4102.550,4095.400,4098.440,2677
2026-07-10T13:45:00.000Z,4098.500,4102.310,4097.310,4101.420,2378
2026-07-10T13:50:00.000Z,4101.430,4105.600,4100.460,4102.960,2210
2026-07-10T13:55:00.000Z,4102.970,4102.970,4098.430,4099.950,2064
2026-07-10T14:00:00.000Z,4100.120,4101.840,4097.640,4101.060,2474
2026-07-10T14:05:00.000Z,4101.080,4103.090,4099.590,4100.530,2068
2026-07-10T14:10:00.000Z,4100.480,4103.530,4098.290,4100.140,2122
2026-07-10T14:15:00.000Z,4100.190,4105.290,4097.530,4104.310,2396
2026-07-10T14:20:00.000Z,4104.400,4107.650,4102.450,4102.950,2433
2026-07-10T14:25:00.000Z,4102.850,4108.940,4100.730,4105.530,2369
2026-07-10T14:30:00.000Z,4105.640,4107.910,4072.900,4090.060,3265
2026-07-10T14:35:00.000Z,4090.530,4097.300,4087.790,4095.700,3736
2026-07-10T14:40:00.000Z,4095.620,4101.610,4095.250,4099.390,3009
2026-07-10T14:45:00.000Z,4099.300,4107.520,4098.780,4107.460,2440
2026-07-10T14:50:00.000Z,4107.360,4107.360,4100.390,4101.490,2379
2026-07-10T14:55:00.000Z,4101.480,4102.130,4091.680,4092.820,2765
2026-07-10T15:00:00.000Z,4093.330,4099.230,4091.410,4097.470,2808
2026-07-10T15:05:00.000Z,4097.480,4100.140,4096.260,4098.640,2388
2026-07-10T15:10:00.000Z,4098.650,4100.900,4097.040,4097.590,2194
2026-07-10T15:15:00.000Z,4097.610,4103.480,4097.460,4099.900,2597
2026-07-10T15:20:00.000Z,4099.930,4106.810,4099.100,4105.740,2325
2026-07-10T15:25:00.000Z,4105.850,4107.760,4100.600,4102.150,2237
2026-07-10T15:30:00.000Z,4102.260,4103.820,4101.510,4103.550,2101
2026-07-10T15:35:00.000Z,4103.540,4106.250,4101.650,4106.210,2227
2026-07-10T15:40:00.000Z,4106.220,4106.940,4103.880,4106.360,2458
2026-07-10T15:45:00.000Z,4106.370,4110.680,4105.800,4109.890,2173
2026-07-10T15:50:00.000Z,4110.130,4112.120,4108.400,4110.600,1986
2026-07-10T15:55:00.000Z,4110.630,4113.500,4109.590,4113.140,1659
2026-07-10T16:00:00.000Z,4113.160,4114.830,4111.340,4111.510,2077
2026-07-10T16:05:00.000Z,4111.400,4112.230,4109.190,4111.550,1780
2026-07-10T16:10:00.000Z,4111.550,4112.450,4108.090,4110.200,1804
2026-07-10T16:15:00.000Z,4110.350,4113.310,4110.240,4110.980,1707
2026-07-10T16:20:00.000Z,4110.960,4111.320,4107.400,4111.050,1644
2026-07-10T16:25:00.000Z,4110.970,4114.480,4110.920,4114.450,1550
2026-07-10T16:30:00.000Z,4114.460,4115.540,4112.720,4112.730,1415
2026-07-10T16:35:00.000Z,4112.780,4114.240,4111.880,4112.410,1333
2026-07-10T16:40:00.000Z,4112.420,4113.640,4109.070,4109.150,1431
2026-07-10T16:45:00.000Z,4109.160,4109.720,4107.700,4107.710,1521
2026-07-10T16:50:00.000Z,4107.790,4108.970,4105.890,4106.260,1431
2026-07-10T16:55:00.000Z,4106.290,4107.090,4104.400,4104.530,1574
2026-07-10T17:00:00.000Z,4104.510,4105.160,4102.770,4103.010,1781
2026-07-10T17:05:00.000Z,4102.970,4105.450,4102.400,4103.930,1390
2026-07-10T17:10:00.000Z,4103.920,4105.520,4102.890,4103.940,1523
2026-07-10T17:15:00.000Z,4103.960,4106.380,4103.820,4104.560,1303
2026-07-10T17:20:00.000Z,4104.570,4106.880,4104.540,4105.790,1218
2026-07-10T17:25:00.000Z,4105.820,4106.060,4104.000,4105.640,1556
2026-07-10T17:30:00.000Z,4105.650,4106.880,4104.900,4105.430,1247
2026-07-10T17:35:00.000Z,4105.420,4105.450,4103.630,4104.200,1351
2026-07-10T17:40:00.000Z,4104.180,4105.500,4103.380,4103.930,1322
2026-07-10T17:45:00.000Z,4104.030,4104.680,4102.930,4103.430,1192
2026-07-10T17:50:00.000Z,4103.420,4105.300,4103.420,4103.680,965
2026-07-10T17:55:00.000Z,4103.730,4103.920,4100.560,4100.820,1338
2026-07-10T18:00:00.000Z,4100.860,4102.820,4100.080,4102.770,1300
2026-07-10T18:05:00.000Z,4102.790,4103.680,4101.860,4103.280,1015
2026-07-10T18:10:00.000Z,4103.260,4105.020,4103.260,4104.820,1137
2026-07-10T18:15:00.000Z,4104.970,4105.020,4102.240,4103.270,858
2026-07-10T18:20:00.000Z,4103.170,4104.330,4102.630,4102.630,940
2026-07-10T18:25:00.000Z,4102.640,4105.420,4102.640,4103.010,1148
2026-07-10T18:30:00.000Z,4103.200,4103.790,4101.440,4103.430,1240
2026-07-10T18:35:00.000Z,4103.410,4103.520,4099.610,4099.860,1107
2026-07-10T18:40:00.000Z,4099.860,4100.730,4098.680,4099.030,1086
2026-07-10T18:45:00.000Z,4099.040,4100.150,4098.140,4100.150,886
2026-07-10T18:50:00.000Z,4100.170,4101.250,4099.750,4101.250,883
2026-07-10T18:55:00.000Z,4101.220,4101.620,4100.250,4101.230,893
2026-07-10T19:00:00.000Z,4101.250,4101.250,4097.860,4097.990,1138
2026-07-10T19:05:00.000Z,4098.170,4102.410,4097.870,4101.390,1133
2026-07-10T19:10:00.000Z,4101.330,4101.680,4098.850,4101.680,877
2026-07-10T19:15:00.000Z,4101.660,4102.980,4101.320,4102.840,841
2026-07-10T19:20:00.000Z,4102.820,4103.230,4101.840,4101.840,551
2026-07-10T19:25:00.000Z,4101.810,4102.650,4101.620,4101.820,654
2026-07-10T19:30:00.000Z,4101.950,4102.640,4100.570,4101.610,1059
2026-07-10T19:35:00.000Z,4101.550,4103.020,4100.990,4102.200,746
2026-07-10T19:40:00.000Z,4102.190,4103.640,4101.880,4102.600,857
2026-07-10T19:45:00.000Z,4102.620,4105.090,4102.500,4104.810,970
2026-07-10T19:50:00.000Z,4105.060,4105.990,4104.330,4105.820,1144
2026-07-10T19:55:00.000Z,4105.880,4109.030,4105.580,4108.400,1324
2026-07-10T20:00:00.000Z,4108.320,4115.230,4108.290,4113.650,1374
2026-07-10T20:05:00.000Z,4113.490,4113.700,4110.840,4111.530,591
2026-07-10T20:10:00.000Z,4111.600,4112.470,4110.900,4112.330,592
2026-07-10T20:15:00.000Z,4112.180,4112.570,4110.780,4112.000,616
2026-07-10T20:20:00.000Z,4112.000,4112.830,4111.610,4112.310,517
2026-07-10T20:25:00.000Z,4112.310,4112.580,4110.730,4111.400,452
2026-07-10T20:30:00.000Z,4111.200,4111.960,4110.490,4111.680,532
2026-07-10T20:35:00.000Z,4111.770,4112.190,4110.880,4111.570,325
2026-07-10T20:40:00.000Z,4111.500,4112.550,4111.180,4111.830,322
2026-07-10T20:45:00.000Z,4111.660,4114.030,4111.580,4113.690,620
2026-07-10T20:50:00.000Z,4113.740,4120.050,4113.100,4119.200,832
2026-07-10T20:55:00.000Z,4118.920,4120.950,4118.730,4119.430,1029
2026-07-12T22:00:00.000Z,4098.040,4103.360,4086.620,4091.230,1878
2026-07-12T22:05:00.000Z,4091.300,4094.150,4085.230,4090.540,2072
2026-07-12T22:10:00.000Z,4090.160,4093.740,4080.940,4081.460,2478
2026-07-12T22:15:00.000Z,4081.490,4088.100,4081.250,4085.960,2097
2026-07-12T22:20:00.000Z,4085.950,4087.480,4081.970,4082.460,1500
2026-07-12T22:25:00.000Z,4082.470,4085.550,4080.310,4084.480,1657
2026-07-12T22:30:00.000Z,4084.020,4086.560,4082.870,4083.020,1138
2026-07-12T22:35:00.000Z,4083.010,4084.490,4080.870,4082.280,1033
2026-07-12T22:40:00.000Z,4082.360,4082.660,4078.140,4078.670,1257
2026-07-12T22:45:00.000Z,4078.670,4079.640,4069.490,4078.340,1534
2026-07-12T22:50:00.000Z,4078.190,4080.920,4076.990,4077.590,1327
2026-07-12T22:55:00.000Z,4077.590,4079.110,4075.700,4076.740,1141
2026-07-12T23:00:00.000Z,4076.760,4076.770,4068.640,4070.540,2250
2026-07-12T23:05:00.000Z,4070.520,4072.910,4070.180,4071.250,1545
2026-07-12T23:10:00.000Z,4071.180,4072.240,4069.110,4070.200,1512
2026-07-12T23:15:00.000Z,4070.210,4071.670,4069.280,4069.680,1313
2026-07-12T23:20:00.000Z,4069.660,4072.300,4068.780,4072.140,1373
2026-07-12T23:25:00.000Z,4072.150,4075.050,4071.340,4074.680,1103
2026-07-12T23:30:00.000Z,4074.650,4074.660,4072.500,4072.600,969
2026-07-12T23:35:00.000Z,4072.600,4077.270,4071.820,4077.230,1269
2026-07-12T23:40:00.000Z,4077.210,4079.130,4076.350,4077.720,1338
2026-07-12T23:45:00.000Z,4077.710,4079.130,4075.720,4078.680,1634
2026-07-12T23:50:00.000Z,4078.690,4083.430,4077.980,4080.760,2376
2026-07-12T23:55:00.000Z,4080.770,4084.770,4079.710,4084.440,2255
2026-07-13T00:00:00.000Z,4084.970,4086.360,4080.870,4084.170,2768
2026-07-13T00:05:00.000Z,4084.320,4090.210,4083.670,4088.620,2489
2026-07-13T00:10:00.000Z,4088.690,4091.110,4086.060,4086.900,1884
2026-07-13T00:15:00.000Z,4086.890,4087.900,4080.200,4082.300,2232
2026-07-13T00:20:00.000Z,4082.660,4083.420,4080.520,4082.490,2162
2026-07-13T00:25:00.000Z,4082.440,4082.900,4074.430,4074.780,2174
2026-07-13T00:30:00.000Z,4074.760,4075.520,4061.290,4062.480,2186
2026-07-13T00:35:00.000Z,4062.450,4070.070,4062.210,4069.270,2151
2026-07-13T00:40:00.000Z,4069.210,4073.360,4068.100,4073.250,2326
2026-07-13T00:45:00.000Z,4073.260,4076.790,4068.910,4069.130,2150
2026-07-13T00:50:00.000Z,4069.240,4074.650,4068.940,4074.550,2387
2026-07-13T00:55:00.000Z,4074.540,4077.410,4073.070,4074.070,2214
2026-07-13T01:00:00.000Z,4074.430,4076.380,4065.600,4071.300,3715
2026-07-13T01:05:00.000Z,4071.340,4081.120,4070.370,4077.530,3139
2026-07-13T01:10:00.000Z,4077.620,4080.450,4076.740,4079.690,2606
2026-07-13T01:15:00.000Z,4079.670,4081.950,4072.750,4073.570,2970
2026-07-13T01:20:00.000Z,4073.580,4076.280,4071.180,4074.370,2906
2026-07-13T01:25:00.000Z,4074.390,4080.390,4074.390,4079.830,2680
2026-07-13T01:30:00.000Z,4079.900,4089.870,4077.800,4085.020,3058
2026-07-13T01:35:00.000Z,4085.030,4088.770,4082.340,4087.510,2502
2026-07-13T01:40:00.000Z,4087.600,4087.690,4083.080,4084.600,2341
2026-07-13T01:45:00.000Z,4084.660,4087.130,4082.980,4085.950,2359
2026-07-13T01:50:00.000Z,4086.000,4088.130,4074.240,4074.270,2810
2026-07-13T01:55:00.000Z,4074.160,4075.650,4067.510,4072.230,3069
2026-07-13T02:00:00.000Z,4072.340,4074.560,4070.110,4070.840,2880
2026-07-13T02:05:00.000Z,4070.840,4073.870,4070.200,4073.290,2843
2026-07-13T02:10:00.000Z,4073.270,4074.910,4070.540,4072.290,2637
2026-07-13T02:15:00.000Z,4072.170,4074.350,4071.010,4073.490,2269
2026-07-13T02:20:00.000Z,4073.560,4074.120,4069.560,4070.420,2071
2026-07-13T02:25:00.000Z,4070.410,4071.460,4066.610,4067.200,2325
2026-07-13T02:30:00.000Z,4067.420,4073.910,4064.740,4073.730,2732
2026-07-13T02:35:00.000Z,4073.820,4077.450,4073.820,4075.490,2325
2026-07-13T02:40:00.000Z,4075.500,4075.500,4071.260,4072.790,2280
2026-07-13T02:45:00.000Z,4072.780,4072.960,4068.400,4069.490,2134
2026-07-13T02:50:00.000Z,4069.460,4072.380,4068.850,4070.380,2219
2026-07-13T02:55:00.000Z,4070.380,4071.960,4068.640,4068.650,1943
2026-07-13T03:00:00.000Z,4068.450,4069.410,4063.920,4064.530,2210
2026-07-13T03:05:00.000Z,4064.540,4064.920,4059.150,4061.490,2493
2026-07-13T03:10:00.000Z,4061.500,4061.920,4053.040,4058.120,2596
2026-07-13T03:15:00.000Z,4058.130,4061.000,4058.100,4059.730,2102
2026-07-13T03:20:00.000Z,4059.800,4061.780,4058.850,4061.430,2040
2026-07-13T03:25:00.000Z,4061.460,4062.510,4058.690,4061.890,1950
2026-07-13T03:30:00.000Z,4061.890,4062.480,4057.710,4057.960,1894
2026-07-13T03:35:00.000Z,4057.970,4060.420,4057.060,4059.810,1630
2026-07-13T03:40:00.000Z,4059.720,4060.030,4057.440,4057.820,1769
2026-07-13T03:45:00.000Z,4057.870,4060.740,4057.610,4060.000,1586
2026-07-13T03:50:00.000Z,4060.020,4061.070,4058.440,4059.580,1206
2026-07-13T03:55:00.000Z,4059.540,4060.570,4058.300,4060.450,1249
2026-07-13T04:00:00.000Z,4060.460,4060.470,4056.550,4057.250,1698
2026-07-13T04:05:00.000Z,4057.270,4058.490,4055.610,4056.210,1494
2026-07-13T04:10:00.000Z,4056.180,4057.260,4052.380,4054.630,1430
2026-07-13T04:15:00.000Z,4054.640,4057.840,4050.400,4057.150,1883
2026-07-13T04:20:00.000Z,4057.140,4057.400,4056.100,4057.020,1243
2026-07-13T04:25:00.000Z,4057.160,4057.300,4053.650,4055.600,1381
2026-07-13T04:30:00.000Z,4055.590,4057.650,4054.120,4056.050,1275
2026-07-13T04:35:00.000Z,4056.040,4057.420,4055.220,4056.680,1173
2026-07-13T04:40:00.000Z,4056.840,4056.860,4053.220,4054.100,1339
2026-07-13T04:45:00.000Z,4054.100,4055.300,4052.870,4053.220,1074
2026-07-13T04:50:00.000Z,4053.200,4055.150,4052.600,4054.550,1328
2026-07-13T04:55:00.000Z,4054.550,4059.190,4054.430,4058.800,1292
2026-07-13T05:00:00.000Z,4058.810,4060.420,4054.880,4060.150,1921
2026-07-13T05:05:00.000Z,4060.220,4071.450,4059.610,4070.890,2404
2026-07-13T05:10:00.000Z,4070.950,4073.030,4068.150,4069.500,2303
2026-07-13T05:15:00.000Z,4069.540,4069.580,4063.920,4065.720,1920
2026-07-13T05:20:00.000Z,4065.740,4066.210,4060.110,4061.100,2065
2026-07-13T05:25:00.000Z,4060.980,4063.470,4057.520,4058.110,2075
2026-07-13T05:30:00.000Z,4057.970,4062.630,4052.260,4062.160,3183
2026-07-13T05:35:00.000Z,4062.080,4065.600,4061.690,4063.360,2483
2026-07-13T05:40:00.000Z,4063.370,4065.300,4060.220,4063.650,2312
2026-07-13T05:45:00.000Z,4063.680,4063.680,4058.870,4062.540,2106
2026-07-13T05:50:00.000Z,4062.660,4064.290,4057.710,4058.200,2235
2026-07-13T05:55:00.000Z,4058.210,4058.760,4052.790,4053.780,2302
2026-07-13T06:00:00.000Z,4053.750,4056.190,4048.640,4051.130,2555
2026-07-13T06:05:00.000Z,4051.370,4053.850,4043.910,4052.840,2877
2026-07-13T06:10:00.000Z,4052.850,4053.350,4049.120,4050.880,1995
2026-07-13T06:15:00.000Z,4050.850,4054.190,4050.730,4053.600,2001
2026-07-13T06:20:00.000Z,4053.570,4056.740,4053.510,4055.240,2132
2026-07-13T06:25:00.000Z,4055.320,4061.220,4055.230,4061.220,2011
2026-07-13T06:30:00.000Z,4061.230,4062.350,4058.700,4059.540,2118
2026-07-13T06:35:00.000Z,4059.530,4063.560,4059.210,4062.560,2007
2026-07-13T06:40:00.000Z,4062.570,4063.220,4059.450,4060.240,1897
2026-07-13T06:45:00.000Z,4060.220,4060.610,4056.380,4056.600,1872
2026-07-13T06:50:00.000Z,4056.570,4057.500,4052.780,4053.900,1769
2026-07-13T06:55:00.000Z,4053.870,4055.890,4052.080,4055.550,1956
2026-07-13T07:00:00.000Z,4055.740,4056.560,4048.950,4053.590,2361
2026-07-13T07:05:00.000Z,4053.600,4060.290,4051.500,4058.490,1940
2026-07-13T07:10:00.000Z,4058.480,4061.280,4054.550,4055.700,2054
2026-07-13T07:15:00.000Z,4055.720,4057.980,4055.710,4057.180,1566
2026-07-13T07:20:00.000Z,4057.250,4058.950,4056.140,4057.220,1518
2026-07-13T07:25:00.000Z,4057.190,4059.370,4056.550,4058.850,1424
2026-07-13T07:30:00.000Z,4058.800,4060.260,4056.280,4059.910,1612
2026-07-13T07:35:00.000Z,4059.900,4062.890,4059.390,4060.270,1944
2026-07-13T07:40:00.000Z,4060.240,4061.840,4057.280,4057.420,1327
2026-07-13T07:45:00.000Z,4057.460,4059.420,4057.090,4057.530,1250
2026-07-13T07:50:00.000Z,4057.090,4061.710,4056.140,4061.400,1783
2026-07-13T07:55:00.000Z,4061.420,4065.080,4060.690,4064.800,1672
2026-07-13T08:00:00.000Z,4065.120,4067.330,4063.190,4065.280,2278
2026-07-13T08:05:00.000Z,4065.240,4071.460,4064.480,4071.380,2323
2026-07-13T08:10:00.000Z,4071.370,4074.930,4069.830,4074.020,2499
2026-07-13T08:15:00.000Z,4074.100,4078.150,4073.730,4075.000,2463
2026-07-13T08:20:00.000Z,4075.090,4080.710,4074.890,4078.740,2225
2026-07-13T08:25:00.000Z,4078.760,4079.730,4074.090,4074.170,1923
2026-07-13T08:30:00.000Z,4074.160,4075.570,4072.450,4072.550,1597
2026-07-13T08:35:00.000Z,4072.520,4075.060,4071.740,4074.930,1578
2026-07-13T08:40:00.000Z,4074.940,4076.500,4073.050,4075.840,1446
2026-07-13T08:45:00.000Z,4075.640,4076.390,4072.290,4076.290,1519
2026-07-13T08:50:00.000Z,4076.330,4078.560,4075.880,4077.820,1525
2026-07-13T08:55:00.000Z,4077.830,4078.160,4074.240,4074.690,1321
2026-07-13T09:00:00.000Z,4074.350,4076.150,4072.900,4074.820,1543
2026-07-13T09:05:00.000Z,4074.830,4075.510,4073.820,4073.960,1212
2026-07-13T09:10:00.000Z,4073.970,4074.750,4072.770,4074.610,1211
2026-07-13T09:15:00.000Z,4074.540,4074.560,4071.580,4073.060,1403
2026-07-13T09:20:00.000Z,4072.910,4075.170,4072.850,4074.240,1164
2026-07-13T09:25:00.000Z,4074.380,4076.710,4071.450,4072.830,1668
2026-07-13T09:30:00.000Z,4072.740,4073.990,4070.640,4071.940,1695
2026-07-13T09:35:00.000Z,4071.750,4071.780,4069.620,4069.620,1367
2026-07-13T09:40:00.000Z,4069.700,4073.520,4069.700,4072.810,1171
2026-07-13T09:45:00.000Z,4072.820,4073.620,4071.760,4072.910,1173
2026-07-13T09:50:00.000Z,4072.880,4073.020,4069.950,4071.290,1216
2026-07-13T09:55:00.000Z,4071.260,4072.250,4068.260,4068.380,1399
2026-07-13T10:00:00.000Z,4068.330,4070.600,4067.770,4070.300,1331
2026-07-13T10:05:00.000Z,4070.320,4070.430,4068.670,4069.090,1231
2026-07-13T10:10:00.000Z,4069.110,4069.460,4066.880,4067.760,1243
2026-07-13T10:15:00.000Z,4067.740,4069.430,4065.960,4068.360,1270
2026-07-13T10:20:00.000Z,4068.350,4068.770,4066.470,4067.550,1199
2026-07-13T10:25:00.000Z,4067.480,4067.700,4064.510,4065.120,1207
2026-07-13T10:30:00.000Z,4065.080,4067.380,4064.990,4066.130,1191
2026-07-13T10:35:00.000Z,4066.210,4068.220,4066.080,4066.670,1131
2026-07-13T10:40:00.000Z,4066.720,4066.940,4046.690,4052.280,2504
2026-07-13T10:45:00.000Z,4051.860,4054.410,4048.140,4054.240,2211
2026-07-13T10:50:00.000Z,4053.610,4058.430,4051.690,4058.300,1912
2026-07-13T10:55:00.000Z,4058.280,4061.550,4058.250,4060.610,1892
2026-07-13T11:00:00.000Z,4060.600,4064.110,4058.260,4063.620,2097
2026-07-13T11:05:00.000Z,4063.670,4067.980,4063.280,4065.120,2149
2026-07-13T11:10:00.000Z,4065.130,4065.730,4062.780,4064.130,1873
2026-07-13T11:15:00.000Z,4064.140,4065.080,4061.140,4061.750,1448
2026-07-13T11:20:00.000Z,4061.780,4062.170,4058.170,4059.130,1651
2026-07-13T11:25:00.000Z,4059.090,4063.750,4058.580,4062.900,1584
2026-07-13T11:30:00.000Z,4062.620,4067.830,4062.050,4067.790,1893
2026-07-13T11:35:00.000Z,4067.720,4068.470,4063.280,4064.030,1687
2026-07-13T11:40:00.000Z,4064.000,4067.210,4063.970,4065.260,1561
2026-07-13T11:45:00.000Z,4065.410,4065.820,4060.700,4063.000,1810
2026-07-13T11:50:00.000Z,4062.980,4063.560,4054.990,4056.560,2010
2026-07-13T11:55:00.000Z,4056.460,4057.720,4055.470,4056.490,1717
2026-07-13T12:00:00.000Z,4056.500,4060.410,4056.080,4058.410,1875
2026-07-13T12:05:00.000Z,4058.410,4059.580,4054.960,4056.120,1737
2026-07-13T12:10:00.000Z,4056.090,4060.150,4053.570,4056.310,2374
2026-07-13T12:15:00.000Z,4056.330,4060.810,4056.330,4059.280,1913
2026-07-13T12:20:00.000Z,4059.060,4062.280,4055.200,4062.250,1928
2026-07-13T12:25:00.000Z,4061.880,4063.570,4058.790,4059.020,1927
2026-07-13T12:30:00.000Z,4058.810,4062.960,4058.790,4062.890,1703
2026-07-13T12:35:00.000Z,4062.890,4063.380,4059.800,4060.960,1734
2026-07-13T12:40:00.000Z,4060.930,4064.030,4060.550,4062.860,1685
2026-07-13T12:45:00.000Z,4062.970,4066.710,4062.900,4065.770,1740
2026-07-13T12:50:00.000Z,4065.490,4066.770,4064.250,4065.880,1745
2026-07-13T12:55:00.000Z,4065.870,4067.370,4063.750,4067.340,1792
2026-07-13T13:00:00.000Z,4067.380,4067.580,4059.360,4062.990,2716
2026-07-13T13:05:00.000Z,4062.950,4064.940,4060.860,4063.490,2162
2026-07-13T13:10:00.000Z,4063.650,4063.790,4059.250,4061.840,1952
2026-07-13T13:15:00.000Z,4061.960,4062.050,4058.610,4061.030,2163
2026-07-13T13:20:00.000Z,4061.040,4062.780,4060.560,4062.080,1855
2026-07-13T13:25:00.000Z,4062.280,4065.940,4061.230,4062.260,2076
2026-07-13T13:30:00.000Z,4062.190,4063.890,4056.830,4058.340,3101
2026-07-13T13:35:00.000Z,4058.410,4061.280,4054.060,4054.580,3225
2026-07-13T13:40:00.000Z,4054.380,4058.590,4051.590,4054.840,3320
2026-07-13T13:45:00.000Z,4054.760,4058.300,4049.880,4050.750,3338
2026-07-13T13:50:00.000Z,4050.730,4052.370,4041.680,4051.720,3729
2026-07-13T13:55:00.000Z,4051.540,4052.900,4042.040,4043.220,3471
2026-07-13T14:00:00.000Z,4043.290,4046.790,4037.860,4040.070,3842
2026-07-13T14:05:00.000Z,4040.210,4040.780,4029.760,4037.560,3505
2026-07-13T14:10:00.000Z,4037.490,4039.490,4033.910,4035.860,2838
2026-07-13T14:15:00.000Z,4035.830,4037.290,4007.550,4021.690,3945
2026-07-13T14:20:00.000Z,4021.480,4021.930,4002.620,4021.270,4035
2026-07-13T14:25:00.000Z,4021.250,4028.760,4014.850,4016.870,3688
2026-07-13T14:30:00.000Z,4016.680,4017.030,4005.060,4010.450,3671
2026-07-13T14:35:00.000Z,4010.440,4010.550,4003.660,4007.730,3358
2026-07-13T14:40:00.000Z,4007.620,4007.620,4000.150,4005.500,3469
2026-07-13T14:45:00.000Z,4005.380,4009.390,4001.960,4006.250,3409
2026-07-13T14:50:00.000Z,4006.240,4010.830,4004.450,4009.340,3017
2026-07-13T14:55:00.000Z,4009.190,4015.260,4008.810,4015.260,2666
2026-07-13T15:00:00.000Z,4015.230,4017.600,4011.770,4011.880,2729
2026-07-13T15:05:00.000Z,4011.870,4014.140,4010.960,4014.070,2092
2026-07-13T15:10:00.000Z,4014.080,4016.850,4013.660,4014.880,2330
2026-07-13T15:15:00.000Z,4014.920,4019.290,4013.270,4019.170,2450
2026-07-13T15:20:00.000Z,4019.060,4020.250,4015.580,4016.200,2286
2026-07-13T15:25:00.000Z,4016.160,4018.570,4013.250,4016.560,2145
2026-07-13T15:30:00.000Z,4016.820,4017.670,4014.190,4014.970,2339
2026-07-13T15:35:00.000Z,4014.960,4016.890,4013.540,4015.540,1938
2026-07-13T15:40:00.000Z,4015.570,4016.170,4012.440,4013.430,1932
2026-07-13T15:45:00.000Z,4013.390,4014.890,4010.970,4013.790,2081
2026-07-13T15:50:00.000Z,4013.790,4014.280,4010.420,4013.580,2083
2026-07-13T15:55:00.000Z,4013.590,4016.050,4012.810,4015.940,1853
2026-07-13T16:00:00.000Z,4015.930,4017.910,4013.870,4015.880,2031
2026-07-13T16:05:00.000Z,4015.920,4017.120,4013.640,4015.240,1542
2026-07-13T16:10:00.000Z,4015.230,4016.420,4012.700,4014.060,1513
2026-07-13T16:15:00.000Z,4014.050,4014.070,4011.000,4012.080,2105
2026-07-13T16:20:00.000Z,4012.010,4012.740,4009.580,4009.580,1859
2026-07-13T16:25:00.000Z,4009.550,4010.630,4000.630,4003.780,2500
2026-07-13T16:30:00.000Z,4003.590,4004.720,3992.170,3994.730,3342
2026-07-13T16:35:00.000Z,3994.780,3997.460,3990.690,3996.880,3233
2026-07-13T16:40:00.000Z,3996.590,4000.820,3995.200,4000.680,2851
2026-07-13T16:45:00.000Z,4000.670,4002.750,3997.390,3998.790,2629
2026-07-13T16:50:00.000Z,3998.760,3998.970,3991.730,3992.300,2991
2026-07-13T16:55:00.000Z,3992.290,3993.260,3986.560,3993.230,2820
2026-07-13T17:00:00.000Z,3993.660,3997.150,3992.220,3994.730,2664
2026-07-13T17:05:00.000Z,3994.740,3998.970,3993.580,3998.100,2017
2026-07-13T17:10:00.000Z,3998.040,3998.620,3996.740,3997.620,1928
2026-07-13T17:15:00.000Z,3997.760,4001.550,3996.910,4001.120,2035
2026-07-13T17:20:00.000Z,4001.070,4001.940,3997.730,3998.590,2082
2026-07-13T17:25:00.000Z,3998.600,3999.660,3996.730,3998.940,2392
2026-07-13T17:30:00.000Z,3998.930,4000.900,3997.760,4000.350,2127
2026-07-13T17:35:00.000Z,4000.370,4000.420,3997.060,3997.690,2088
2026-07-13T17:40:00.000Z,3997.630,3998.570,3996.340,3997.070,1950
2026-07-13T17:45:00.000Z,3997.180,3999.410,3994.370,3995.800,1953
2026-07-13T17:50:00.000Z,3995.810,3996.370,3993.240,3994.970,2238
2026-07-13T17:55:00.000Z,3995.010,3995.460,3992.220,3993.280,2268
2026-07-13T18:00:00.000Z,3993.580,3995.140,3990.680,3990.920,2445
2026-07-13T18:05:00.000Z,3990.840,3994.760,3990.630,3992.050,2299
2026-07-13T18:10:00.000Z,3992.090,3994.100,3989.910,3993.880,2146
2026-07-13T18:15:00.000Z,3993.850,3994.540,3986.850,3988.370,2182
2026-07-13T18:20:00.000Z,3988.330,3995.020,3987.170,3994.790,2171
2026-07-13T18:25:00.000Z,3994.660,3996.870,3994.660,3995.300,2236
2026-07-13T18:30:00.000Z,3995.570,3998.400,3994.130,3997.020,2093
2026-07-13T18:35:00.000Z,3997.020,4000.580,3997.020,3999.050,1910
2026-07-13T18:40:00.000Z,3999.060,4000.770,3998.190,4000.150,1689
2026-07-13T18:45:00.000Z,4000.160,4002.040,3998.640,4001.870,1869
2026-07-13T18:50:00.000Z,4001.860,4005.080,4000.660,4003.820,1740
2026-07-13T18:55:00.000Z,4003.760,4005.100,3998.300,4001.530,1968
2026-07-13T19:00:00.000Z,4002.000,4004.510,3998.360,4004.340,2091
2026-07-13T19:05:00.000Z,4004.310,4004.510,3999.270,4000.440,1652
2026-07-13T19:10:00.000Z,4000.140,4000.140,3997.870,3998.070,1836
2026-07-13T19:15:00.000Z,3998.080,3999.800,3997.910,3999.330,1538
2026-07-13T19:20:00.000Z,3999.320,4000.120,3996.920,4000.020,1712
2026-07-13T19:25:00.000Z,4000.000,4000.900,3998.250,3998.360,1464
2026-07-13T19:30:00.000Z,3998.480,4001.070,3997.920,3999.150,1878
2026-07-13T19:35:00.000Z,3999.120,3999.240,3993.520,3995.340,1855
2026-07-13T19:40:00.000Z,3995.360,3999.380,3995.160,3999.230,1754
2026-07-13T19:45:00.000Z,3999.140,3999.550,3997.000,3997.120,1589
2026-07-13T19:50:00.000Z,3997.130,4001.310,3996.920,4000.460,1981
2026-07-13T19:55:00.000Z,4000.610,4002.450,4000.010,4002.080,2121
2026-07-13T20:00:00.000Z,4002.050,4004.750,4001.150,4004.720,1295
2026-07-13T20:05:00.000Z,4004.680,4006.220,4001.870,4002.520,1215
2026-07-13T20:10:00.000Z,4002.560,4003.160,3998.670,3998.860,1615
2026-07-13T20:15:00.000Z,3998.850,4000.230,3996.640,3999.670,1412
2026-07-13T20:20:00.000Z,3999.680,4000.040,3998.200,3998.440,946
2026-07-13T20:25:00.000Z,3998.410,4000.350,3998.260,3999.910,697
2026-07-13T20:30:00.000Z,3999.920,4000.460,3998.290,3998.570,799
2026-07-13T20:35:00.000Z,3998.630,3999.480,3997.400,3999.480,696
2026-07-13T20:40:00.000Z,3999.130,4000.480,3998.520,4000.140,572
2026-07-13T20:45:00.000Z,4000.120,4000.500,3998.650,3999.160,650
2026-07-13T20:50:00.000Z,3998.970,4000.960,3998.090,4000.890,922
2026-07-13T20:55:00.000Z,4000.900,4002.140,4000.650,4000.980,837
2026-07-13T22:00:00.000Z,4004.170,4006.560,4001.470,4001.660,1154
2026-07-13T22:05:00.000Z,4002.000,4003.910,4001.430,4001.920,812
2026-07-13T22:10:00.000Z,4001.950,4004.500,4001.730,4004.150,842
2026-07-13T22:15:00.000Z,4004.170,4005.960,4004.170,4005.070,800
2026-07-13T22:20:00.000Z,4005.070,4005.480,4004.350,4004.380,666
2026-07-13T22:25:00.000Z,4004.370,4005.040,4004.330,4004.570,420
2026-07-13T22:30:00.000Z,4004.570,4004.570,4003.220,4003.950,739
2026-07-13T22:35:00.000Z,4003.970,4005.490,4002.970,4003.390,890
2026-07-13T22:40:00.000Z,4003.400,4004.270,4003.250,4003.870,666
2026-07-13T22:45:00.000Z,4003.880,4005.320,4003.390,4003.840,919
2026-07-13T22:50:00.000Z,4003.820,4004.190,4002.220,4003.060,855
2026-07-13T22:55:00.000Z,4003.070,4003.070,4000.870,4000.940,1053
2026-07-13T23:00:00.000Z,4000.980,4003.100,4000.370,4000.930,1092
2026-07-13T23:05:00.000Z,4001.230,4002.860,4000.750,4001.700,855
2026-07-13T23:10:00.000Z,4001.690,4002.110,3999.600,4000.300,755
2026-07-13T23:15:00.000Z,4000.220,4000.570,3998.790,3999.390,826
2026-07-13T23:20:00.000Z,3999.380,4000.290,3997.640,3999.150,1075
2026-07-13T23:25:00.000Z,3999.160,3999.830,3996.910,3997.490,830
2026-07-13T23:30:00.000Z,3997.480,3997.480,3993.680,3994.820,1338
2026-07-13T23:35:00.000Z,3994.820,3995.970,3993.930,3995.820,982
2026-07-13T23:40:00.000Z,3995.820,3997.070,3995.140,3995.540,1147
2026-07-13T23:45:00.000Z,3995.480,3998.950,3992.790,3997.320,1695
2026-07-13T23:50:00.000Z,3997.330,4000.580,3995.480,3998.970,1807
2026-07-13T23:55:00.000Z,3998.960,4001.930,3998.270,4001.130,1742
2026-07-14T00:00:00.000Z,4001.640,4004.710,3993.180,3994.410,3033
2026-07-14T00:05:00.000Z,3994.480,3995.030,3982.940,3994.840,3184
2026-07-14T00:10:00.000Z,3995.010,3998.870,3991.320,3995.470,2880
2026-07-14T00:15:00.000Z,3995.110,3995.950,3987.420,3987.790,2773
2026-07-14T00:20:00.000Z,3987.800,3990.760,3985.860,3990.320,2941
2026-07-14T00:25:00.000Z,3990.400,3996.980,3988.950,3995.390,2288
2026-07-14T00:30:00.000Z,3995.390,4006.500,3994.360,4005.120,2870
2026-07-14T00:35:00.000Z,4005.100,4007.170,4002.450,4003.510,2562
2026-07-14T00:40:00.000Z,4003.540,4005.710,3999.040,4002.880,2617
2026-07-14T00:45:00.000Z,4002.900,4007.200,4000.650,4002.660,2993
2026-07-14T00:50:00.000Z,4002.650,4005.730,4002.510,4004.440,2651
2026-07-14T00:55:00.000Z,4004.450,4007.240,4003.190,4004.250,2360
2026-07-14T01:00:00.000Z,4004.230,4004.230,3992.370,3998.560,3638
2026-07-14T01:05:00.000Z,3998.690,3999.920,3992.250,3995.120,2955
2026-07-14T01:10:00.000Z,3995.110,3999.040,3993.140,3995.320,2916
2026-07-14T01:15:00.000Z,3995.350,4004.870,3995.170,4003.080,2731
2026-07-14T01:20:00.000Z,4003.070,4003.450,3997.000,3997.610,2554
2026-07-14T01:25:00.000Z,3997.600,3999.580,3995.640,3997.860,2317
2026-07-14T01:30:00.000Z,3997.990,4004.150,3996.260,3998.550,2694
2026-07-14T01:35:00.000Z,3998.540,3998.770,3992.900,3997.630,2599
2026-07-14T01:40:00.000Z,3997.640,4002.280,3995.240,4002.070,2613
2026-07-14T01:45:00.000Z,4002.090,4003.900,3998.890,4002.380,2307
2026-07-14T01:50:00.000Z,4002.470,4005.290,4000.060,4004.110,2246
2026-07-14T01:55:00.000Z,4004.070,4012.170,4002.230,4010.620,2397
2026-07-14T02:00:00.000Z,4010.630,4010.980,4006.050,4009.440,2378
2026-07-14T02:05:00.000Z,4009.450,4013.140,4008.260,4011.860,2324
2026-07-14T02:10:00.000Z,4011.880,4017.720,4011.350,4016.730,2524
2026-07-14T02:15:00.000Z,4016.730,4019.040,4015.040,4018.050,2060
2026-07-14T02:20:00.000Z,4018.060,4018.340,4014.230,4014.710,1903
2026-07-14T02:25:00.000Z,4014.720,4017.950,4013.860,4017.950,1755
2026-07-14T02:30:00.000Z,4017.940,4019.010,4013.590,4013.960,2309
2026-07-14T02:35:00.000Z,4014.060,4015.330,4012.800,4013.950,1906
2026-07-14T02:40:00.000Z,4014.030,4016.240,4010.660,4010.950,2096
2026-07-14T02:45:00.000Z,4010.880,4012.850,4009.600,4010.030,2043
2026-07-14T02:50:00.000Z,4010.040,4011.380,4009.080,4010.910,2088
2026-07-14T02:55:00.000Z,4010.880,4013.980,4010.540,4012.290,1889
2026-07-14T03:00:00.000Z,4012.320,4016.500,4012.300,4014.590,2096
2026-07-14T03:05:00.000Z,4014.620,4016.650,4013.240,4014.310,1866
2026-07-14T03:10:00.000Z,4014.300,4015.630,4012.110,4014.120,1959
2026-07-14T03:15:00.000Z,4014.220,4015.560,4012.200,4013.520,1960
2026-07-14T03:20:00.000Z,4013.540,4016.500,4011.150,4015.870,1881
2026-07-14T03:25:00.000Z,4015.890,4018.780,4015.320,4018.030,1790
2026-07-14T03:30:00.000Z,4018.070,4019.060,4014.700,4015.000,1935
2026-07-14T03:35:00.000Z,4015.010,4017.850,4014.700,4015.330,1768
2026-07-14T03:40:00.000Z,4015.320,4016.140,4013.870,4015.430,1572
2026-07-14T03:45:00.000Z,4015.430,4016.770,4015.050,4015.670,1377
2026-07-14T03:50:00.000Z,4015.670,4018.170,4015.440,4017.640,1448
2026-07-14T03:55:00.000Z,4017.620,4017.730,4014.530,4016.950,1289
2026-07-14T04:00:00.000Z,4016.960,4018.810,4016.010,4017.160,1549
2026-07-14T04:05:00.000Z,4017.110,4017.630,4014.870,4015.150,1113
2026-07-14T04:10:00.000Z,4015.150,4016.150,4013.470,4015.710,1507
2026-07-14T04:15:00.000Z,4015.720,4016.270,4014.260,4015.090,1407
2026-07-14T04:20:00.000Z,4015.080,4016.180,4014.010,4015.560,1267
2026-07-14T04:25:00.000Z,4015.480,4017.340,4015.380,4015.730,1183
2026-07-14T04:30:00.000Z,4015.720,4022.760,4015.720,4021.880,1657
2026-07-14T04:35:00.000Z,4021.860,4023.360,4021.090,4021.950,1410
2026-07-14T04:40:00.000Z,4021.940,4022.340,4020.590,4020.700,1308
2026-07-14T04:45:00.000Z,4020.710,4021.090,4017.990,4017.990,1217
2026-07-14T04:50:00.000Z,4017.980,4020.150,4016.070,4019.810,1441
2026-07-14T04:55:00.000Z,4019.850,4021.320,4017.750,4020.300,1340
2026-07-14T05:00:00.000Z,4020.430,4022.820,4019.860,4019.860,1609
2026-07-14T05:05:00.000Z,4019.850,4023.160,4019.730,4022.840,1140
2026-07-14T05:10:00.000Z,4022.840,4023.860,4022.420,4023.140,1192
2026-07-14T05:15:00.000Z,4023.220,4024.020,4020.040,4021.390,1369
2026-07-14T05:20:00.000Z,4021.370,4022.640,4020.580,4020.820,1368
2026-07-14T05:25:00.000Z,4020.830,4023.250,4020.460,4022.810,1449
2026-07-14T05:30:00.000Z,4022.790,4030.130,4022.670,4028.650,3018
2026-07-14T05:35:00.000Z,4028.640,4030.910,4027.340,4028.070,2321
2026-07-14T05:40:00.000Z,4028.040,4034.100,4027.810,4032.190,2028
2026-07-14T05:45:00.000Z,4032.180,4032.590,4029.650,4030.770,2179
2026-07-14T05:50:00.000Z,4030.820,4031.300,4029.080,4030.800,2027
2026-07-14T05:55:00.000Z,4031.020,4032.530,4030.230,4031.410,1872
2026-07-14T06:00:00.000Z,4031.450,4032.240,4029.180,4029.980,2118
2026-07-14T06:05:00.000Z,4029.970,4032.020,4028.790,4031.900,1793
2026-07-14T06:10:00.000Z,4032.060,4033.250,4030.600,4031.040,1798
2026-07-14T06:15:00.000Z,4031.110,4031.240,4028.200,4028.370,1726
2026-07-14T06:20:00.000Z,4028.350,4029.030,4026.540,4027.750,1706
2026-07-14T06:25:00.000Z,4027.660,4027.660,4023.040,4023.040,1843
2026-07-14T06:30:00.000Z,4023.240,4026.160,4022.710,4025.540,1930
2026-07-14T06:35:00.000Z,4025.560,4026.320,4022.930,4023.920,1822
2026-07-14T06:40:00.000Z,4023.400,4025.450,4021.770,4025.290,1641
2026-07-14T06:45:00.000Z,4025.300,4026.070,4023.520,4024.390,1641
2026-07-14T06:50:00.000Z,4024.380,4026.840,4023.380,4023.480,1488
2026-07-14T06:55:00.000Z,4023.490,4024.900,4022.860,4023.960,1660
2026-07-14T07:00:00.000Z,4023.930,4025.750,4020.760,4025.620,2302
2026-07-14T07:05:00.000Z,4025.630,4029.000,4025.600,4028.990,1764
2026-07-14T07:10:00.000Z,4028.980,4029.080,4024.520,4024.830,1888
2026-07-14T07:15:00.000Z,4024.700,4027.770,4024.580,4027.310,1627
2026-07-14T07:20:00.000Z,4027.290,4029.800,4026.260,4028.550,1710
2026-07-14T07:25:00.000Z,4028.560,4029.530,4026.080,4026.420,1882
2026-07-14T07:30:00.000Z,4026.410,4026.640,4022.950,4025.740,1817
2026-07-14T07:35:00.000Z,4025.690,4029.540,4024.830,4026.440,1908
2026-07-14T07:40:00.000Z,4026.450,4026.570,4023.190,4023.680,1604
2026-07-14T07:45:00.000Z,4023.770,4024.200,4022.190,4023.440,1858
2026-07-14T07:50:00.000Z,4023.590,4026.150,4021.820,4025.340,2109
2026-07-14T07:55:00.000Z,4025.330,4025.760,4020.210,4020.730,1881
2026-07-14T08:00:00.000Z,4021.210,4022.460,4017.170,4018.800,2534
2026-07-14T08:05:00.000Z,4018.920,4020.180,4014.530,4016.010,2607
2026-07-14T08:10:00.000Z,4016.000,4018.020,4016.000,4017.340,1760
2026-07-14T08:15:00.000Z,4017.390,4020.930,4017.380,4019.220,1602
2026-07-14T08:20:00.000Z,4019.240,4020.870,4018.530,4019.770,1555
2026-07-14T08:25:00.000Z,4019.820,4023.150,4019.480,4021.820,1828
2026-07-14T08:30:00.000Z,4021.750,4023.860,4018.830,4019.800,1724
2026-07-14T08:35:00.000Z,4019.790,4021.080,4018.900,4019.460,1515
2026-07-14T08:40:00.000Z,4019.480,4022.530,4018.820,4019.330,1798
2026-07-14T08:45:00.000Z,4019.350,4020.900,4018.670,4019.240,1409
2026-07-14T08:50:00.000Z,4019.250,4020.380,4017.600,4019.550,1606
2026-07-14T08:55:00.000Z,4019.570,4019.890,4015.900,4015.970,1595
2026-07-14T09:00:00.000Z,4015.890,4019.970,4013.930,4019.800,1860
2026-07-14T09:05:00.000Z,4019.950,4021.950,4018.300,4021.220,1560
2026-07-14T09:10:00.000Z,4021.250,4024.200,4019.940,4020.700,1917
2026-07-14T09:15:00.000Z,4020.800,4020.830,4018.260,4020.450,2019
2026-07-14T09:20:00.000Z,4020.390,4021.840,4017.450,4018.390,1801
2026-07-14T09:25:00.000Z,4018.410,4018.990,4015.130,4015.800,1494
2026-07-14T09:30:00.000Z,4015.910,4017.270,4013.850,4014.100,2009
2026-07-14T09:35:00.000Z,4014.080,4016.470,4013.810,4016.190,1522
2026-07-14T09:40:00.000Z,4016.050,4018.150,4015.810,4017.240,1640
2026-07-14T09:45:00.000Z,4017.250,4023.910,4016.570,4023.130,1889
2026-07-14T09:50:00.000Z,4023.190,4023.890,4020.580,4021.020,1937
2026-07-14T09:55:00.000Z,4021.000,4021.820,4019.320,4021.790,1531
2026-07-14T10:00:00.000Z,4021.880,4022.220,4018.460,4019.720,1661
2026-07-14T10:05:00.000Z,4019.520,4020.130,4017.850,4018.110,1311
2026-07-14T10:10:00.000Z,4018.390,4019.650,4016.910,4018.230,1210
2026-07-14T10:15:00.000Z,4018.220,4020.100,4017.330,4019.030,1552
2026-07-14T10:20:00.000Z,4018.980,4019.220,4017.010,4017.510,1343
2026-07-14T10:25:00.000Z,4017.480,4018.020,4015.720,4017.890,1551
2026-07-14T10:30:00.000Z,4017.900,4018.970,4015.260,4016.230,1767
2026-07-14T10:35:00.000Z,4016.220,4019.320,4015.200,4018.990,1945
2026-07-14T10:40:00.000Z,4019.040,4020.180,4018.220,4019.070,1435
2026-07-14T10:45:00.000Z,4019.260,4022.170,4018.140,4021.810,1304
2026-07-14T10:50:00.000Z,4021.820,4021.820,4019.140,4020.260,1395
2026-07-14T10:55:00.000Z,4020.280,4022.840,4019.570,4021.670,1541
2026-07-14T11:00:00.000Z,4021.710,4022.900,4019.630,4020.600,2308
2026-07-14T11:05:00.000Z,4020.690,4021.820,4015.580,4016.330,1865
2026-07-14T11:10:00.000Z,4016.290,4024.010,4016.290,4022.910,1820
2026-07-14T11:15:00.000Z,4022.860,4023.970,4020.650,4022.990,1723
2026-07-14T11:20:00.000Z,4022.970,4028.120,4022.720,4027.910,1800
2026-07-14T11:25:00.000Z,4027.970,4028.380,4024.890,4024.960,1696
2026-07-14T11:30:00.000Z,4024.980,4029.030,4024.630,4027.840,1770
2026-07-14T11:35:00.000Z,4027.780,4030.390,4027.510,4028.560,1739
2026-07-14T11:40:00.000Z,4028.550,4029.950,4027.190,4028.120,1603
2026-07-14T11:45:00.000Z,4028.140,4030.590,4025.880,4028.480,1686
2026-07-14T11:50:00.000Z,4028.720,4029.820,4026.750,4029.190,1529
2026-07-14T11:55:00.000Z,4029.220,4031.960,4028.860,4031.350,1581
2026-07-14T12:00:00.000Z,4031.290,4035.800,4029.320,4029.940,2264
2026-07-14T12:05:00.000Z,4030.000,4030.820,4025.310,4025.900,2051
2026-07-14T12:10:00.000Z,4025.930,4028.390,4025.370,4026.040,1853
2026-07-14T12:15:00.000Z,4025.930,4028.570,4024.850,4027.140,1744
2026-07-14T12:20:00.000Z,4026.910,4028.790,4023.290,4028.640,2471
2026-07-14T12:25:00.000Z,4028.680,4030.880,4024.870,4027.800,2149
2026-07-14T12:30:00.000Z,4030.100,4103.040,4030.100,4096.090,4207
2026-07-14T12:35:00.000Z,4096.040,4100.790,4082.150,4087.170,4283
2026-07-14T12:40:00.000Z,4087.560,4094.580,4084.490,4092.920,4041
2026-07-14T12:45:00.000Z,4093.390,4095.190,4082.650,4085.250,3884
2026-07-14T12:50:00.000Z,4085.110,4085.220,4072.780,4073.510,3703
2026-07-14T12:55:00.000Z,4073.640,4077.240,4069.040,4076.360,3559
2026-07-14T13:00:00.000Z,4076.290,4083.380,4072.240,4072.780,4049
2026-07-14T13:05:00.000Z,4072.650,4080.310,4070.990,4077.430,3174
2026-07-14T13:10:00.000Z,4077.560,4080.300,4071.970,4075.080,3197
2026-07-14T13:15:00.000Z,4074.930,4080.370,4074.080,4076.240,2924
2026-07-14T13:20:00.000Z,4076.190,4086.290,4072.250,4084.060,3089
2026-07-14T13:25:00.000Z,4084.340,4086.010,4081.310,4081.310,2990
2026-07-14T13:30:00.000Z,4081.210,4084.810,4075.910,4080.400,4023
2026-07-14T13:35:00.000Z,4080.380,4088.590,4078.710,4086.620,3686
2026-07-14T13:40:00.000Z,4086.700,4088.690,4082.790,4087.600,3870
2026-07-14T13:45:00.000Z,4087.500,4087.500,4080.550,4083.210,3503
2026-07-14T13:50:00.000Z,4083.170,4085.120,4074.390,4076.540,3496
2026-07-14T13:55:00.000Z,4076.560,4078.970,4074.630,4076.710,2982
2026-07-14T14:00:00.000Z,4076.750,4080.400,4073.620,4073.850,3537
2026-07-14T14:05:00.000Z,4073.970,4081.410,4072.760,4080.010,3489
2026-07-14T14:10:00.000Z,4080.000,4085.230,4077.310,4082.460,3396
2026-07-14T14:15:00.000Z,4082.460,4082.460,4070.730,4073.310,3689
2026-07-14T14:20:00.000Z,4073.130,4085.170,4073.130,4078.740,3604
2026-07-14T14:25:00.000Z,4078.750,4078.990,4074.070,4077.010,3245
2026-07-14T14:30:00.000Z,4076.910,4089.700,4073.180,4080.250,3485
2026-07-14T14:35:00.000Z,4080.090,4081.300,4074.660,4079.790,3516
2026-07-14T14:40:00.000Z,4079.760,4082.740,4078.640,4080.180,3318
2026-07-14T14:45:00.000Z,4080.610,4082.760,4079.090,4079.150,3118
2026-07-14T14:50:00.000Z,4079.130,4084.010,4077.770,4082.610,3005
2026-07-14T14:55:00.000Z,4082.730,4087.630,4081.330,4085.250,2843
2026-07-14T15:00:00.000Z,4085.280,4092.950,4078.870,4088.840,3167
2026-07-14T15:05:00.000Z,4088.860,4100.410,4086.460,4096.010,3814
2026-07-14T15:10:00.000Z,4096.210,4097.540,4089.370,4090.290,3073
2026-07-14T15:15:00.000Z,4090.010,4091.070,4085.850,4087.000,2761
2026-07-14T15:20:00.000Z,4086.900,4090.270,4085.330,4087.190,2385
2026-07-14T15:25:00.000Z,4087.180,4087.300,4082.530,4084.940,2353
2026-07-14T15:30:00.000Z,4084.950,4086.920,4080.780,4081.480,2710
2026-07-14T15:35:00.000Z,4081.440,4082.400,4075.910,4076.190,2838
2026-07-14T15:40:00.000Z,4076.150,4077.230,4066.840,4074.210,3337
2026-07-14T15:45:00.000Z,4074.070,4076.560,4071.220,4071.500,2897
2026-07-14T15:50:00.000Z,4071.510,4072.280,4066.320,4067.110,3153
2026-07-14T15:55:00.000Z,4066.920,4068.420,4064.710,4066.270,2739
2026-07-14T16:00:00.000Z,4066.280,4066.990,4062.560,4064.060,2771
2026-07-14T16:05:00.000Z,4064.330,4064.530,4058.030,4060.430,2856
2026-07-14T16:10:00.000Z,4060.490,4064.960,4060.490,4063.060,2446
2026-07-14T16:15:00.000Z,4063.010,4065.080,4060.950,4063.020,2108
2026-07-14T16:20:00.000Z,4063.100,4063.730,4057.960,4060.910,1888
2026-07-14T16:25:00.000Z,4060.910,4062.240,4058.490,4059.450,1814
2026-07-14T16:30:00.000Z,4059.450,4062.780,4058.890,4059.900,2263
2026-07-14T16:35:00.000Z,4059.870,4061.210,4057.750,4060.080,2143
2026-07-14T16:40:00.000Z,4060.080,4062.670,4059.230,4060.980,1719
2026-07-14T16:45:00.000Z,4060.920,4062.020,4057.710,4059.790,2015
2026-07-14T16:50:00.000Z,4059.770,4061.280,4058.490,4060.250,1759
2026-07-14T16:55:00.000Z,4060.240,4062.280,4059.700,4061.620,1687
2026-07-14T17:00:00.000Z,4061.590,4064.530,4059.730,4060.410,2118
2026-07-14T17:05:00.000Z,4060.450,4061.000,4057.240,4059.530,1930
2026-07-14T17:10:00.000Z,4059.500,4059.800,4055.280,4056.700,1870
2026-07-14T17:15:00.000Z,4056.770,4057.160,4054.540,4056.880,2115
2026-07-14T17:20:00.000Z,4056.850,4061.440,4056.400,4060.960,1841
2026-07-14T17:25:00.000Z,4060.890,4064.120,4060.200,4062.860,2071
2026-07-14T17:30:00.000Z,4062.980,4065.090,4061.690,4062.090,1783
2026-07-14T17:35:00.000Z,4062.130,4062.740,4060.970,4062.100,1502
2026-07-14T17:40:00.000Z,4062.090,4062.670,4059.620,4059.820,1464
2026-07-14T17:45:00.000Z,4059.830,4061.970,4058.400,4061.750,1592
2026-07-14T17:50:00.000Z,4061.740,4063.460,4061.730,4063.130,1281
2026-07-14T17:55:00.000Z,4063.140,4063.880,4062.460,4062.820,1167
2026-07-14T18:00:00.000Z,4062.620,4062.850,4059.720,4062.060,1448
2026-07-14T18:05:00.000Z,4062.050,4062.320,4060.380,4060.620,1333
2026-07-14T18:10:00.000Z,4060.670,4061.740,4059.870,4061.670,1112
2026-07-14T18:15:00.000Z,4061.670,4063.200,4060.980,4062.880,1263
2026-07-14T18:20:00.000Z,4062.790,4062.810,4057.110,4057.190,1283
2026-07-14T18:25:00.000Z,4057.170,4059.080,4056.620,4058.530,1414
2026-07-14T18:30:00.000Z,4058.510,4059.520,4055.230,4056.640,1463
2026-07-14T18:35:00.000Z,4056.660,4056.780,4052.230,4053.150,1549
2026-07-14T18:40:00.000Z,4053.140,4054.390,4042.670,4046.530,2736
2026-07-14T18:45:00.000Z,4046.560,4050.590,4044.840,4049.390,1907
2026-07-14T18:50:00.000Z,4049.570,4051.720,4046.850,4051.700,1704
2026-07-14T18:55:00.000Z,4051.680,4054.650,4051.180,4054.130,1683
2026-07-14T19:00:00.000Z,4054.280,4054.900,4052.420,4053.110,1828
2026-07-14T19:05:00.000Z,4053.120,4054.910,4052.460,4054.430,1345
2026-07-14T19:10:00.000Z,4054.450,4057.290,4053.370,4056.630,1401
2026-07-14T19:15:00.000Z,4056.620,4056.970,4055.360,4056.400,1406
2026-07-14T19:20:00.000Z,4056.390,4056.390,4052.340,4052.540,1350
2026-07-14T19:25:00.000Z,4052.560,4053.390,4051.140,4051.650,1401
2026-07-14T19:30:00.000Z,4051.660,4051.700,4047.630,4050.340,2132
2026-07-14T19:35:00.000Z,4050.350,4052.170,4049.510,4051.160,1380
2026-07-14T19:40:00.000Z,4051.150,4052.840,4050.310,4052.600,1507
2026-07-14T19:45:00.000Z,4052.520,4054.590,4052.250,4052.600,1346
2026-07-14T19:50:00.000Z,4052.330,4056.790,4051.620,4055.440,1886
2026-07-14T19:55:00.000Z,4055.350,4056.930,4054.730,4055.690,2007
2026-07-14T20:00:00.000Z,4055.820,4056.430,4054.190,4054.720,1074
2026-07-14T20:05:00.000Z,4054.530,4055.590,4054.530,4054.740,582
2026-07-14T20:10:00.000Z,4054.590,4055.490,4053.750,4053.760,640
2026-07-14T20:15:00.000Z,4053.780,4054.590,4052.660,4052.750,502
2026-07-14T20:20:00.000Z,4052.810,4053.880,4052.220,4053.850,545
2026-07-14T20:25:00.000Z,4053.780,4054.140,4052.780,4052.940,797
2026-07-14T20:30:00.000Z,4053.110,4053.450,4051.390,4051.490,674
2026-07-14T20:35:00.000Z,4051.480,4052.160,4050.230,4050.520,800
2026-07-14T20:40:00.000Z,4050.440,4051.790,4049.700,4050.500,459
2026-07-14T20:45:00.000Z,4050.510,4051.190,4049.330,4050.090,518
2026-07-14T20:50:00.000Z,4050.040,4052.860,4049.270,4052.280,559
2026-07-14T20:55:00.000Z,4052.230,4053.170,4052.070,4052.820,407
2026-07-14T22:00:00.000Z,4057.220,4057.220,4051.660,4053.190,1079
2026-07-14T22:05:00.000Z,4053.180,4053.180,4051.360,4051.750,520
2026-07-14T22:10:00.000Z,4051.590,4051.620,4049.000,4050.740,1042
2026-07-14T22:15:00.000Z,4050.770,4050.890,4049.200,4050.420,917
2026-07-14T22:20:00.000Z,4050.420,4052.110,4049.700,4050.430,866
2026-07-14T22:25:00.000Z,4050.390,4051.930,4049.510,4051.750,763
2026-07-14T22:30:00.000Z,4051.760,4052.720,4051.560,4052.220,713
2026-07-14T22:35:00.000Z,4052.280,4052.710,4049.940,4050.840,987
2026-07-14T22:40:00.000Z,4050.740,4052.160,4048.950,4050.560,1139
2026-07-14T22:45:00.000Z,4050.640,4050.740,4048.420,4049.180,947
2026-07-14T22:50:00.000Z,4049.170,4050.360,4048.560,4049.420,590
2026-07-14T22:55:00.000Z,4049.360,4049.790,4048.820,4048.990,500
2026-07-14T23:00:00.000Z,4049.030,4050.140,4048.390,4049.320,853
2026-07-14T23:05:00.000Z,4049.270,4049.660,4048.280,4049.610,781
2026-07-14T23:10:00.000Z,4049.600,4049.600,4047.030,4047.670,844
2026-07-14T23:15:00.000Z,4047.660,4048.620,4046.890,4048.040,701
2026-07-14T23:20:00.000Z,4048.050,4050.430,4048.050,4049.820,753
2026-07-14T23:25:00.000Z,4049.800,4053.920,4049.470,4053.870,984
2026-07-14T23:30:00.000Z,4053.870,4054.910,4051.590,4054.680,1195
2026-07-14T23:35:00.000Z,4054.760,4056.070,4053.040,4053.650,1283
2026-07-14T23:40:00.000Z,4053.620,4055.360,4053.290,4054.700,813
2026-07-14T23:45:00.000Z,4054.720,4055.070,4052.610,4053.000,1042
2026-07-14T23:50:00.000Z,4053.020,4054.220,4052.440,4054.210,791
2026-07-14T23:55:00.000Z,4054.530,4054.540,4052.020,4053.010,1272
2026-07-15T00:00:00.000Z,4053.250,4056.140,4051.110,4054.880,2069
2026-07-15T00:05:00.000Z,4054.950,4055.760,4052.670,4054.190,2087
2026-07-15T00:10:00.000Z,4054.010,4055.130,4051.120,4051.340,1819
2026-07-15T00:15:00.000Z,4051.310,4056.130,4051.150,4052.140,1940
2026-07-15T00:20:00.000Z,4052.180,4056.370,4051.600,4055.580,1902
2026-07-15T00:25:00.000Z,4055.410,4058.280,4054.990,4058.280,1819
2026-07-15T00:30:00.000Z,4058.370,4058.560,4055.210,4055.800,1437
2026-07-15T00:35:00.000Z,4055.790,4056.540,4052.210,4054.260,1753
2026-07-15T00:40:00.000Z,4054.270,4054.800,4052.880,4054.610,1528
2026-07-15T00:45:00.000Z,4054.610,4056.930,4054.260,4055.030,1408
2026-07-15T00:50:00.000Z,4054.970,4058.000,4054.800,4057.820,1473
2026-07-15T00:55:00.000Z,4057.780,4060.490,4057.570,4059.000,1585
2026-07-15T01:00:00.000Z,4059.290,4062.070,4055.560,4058.210,2850
2026-07-15T01:05:00.000Z,4058.010,4061.640,4055.150,4056.420,2528
2026-07-15T01:10:00.000Z,4056.410,4059.240,4055.270,4055.770,2263
2026-07-15T01:15:00.000Z,4055.650,4057.260,4053.800,4055.560,2400
2026-07-15T01:20:00.000Z,4055.350,4055.900,4052.690,4053.980,2482
2026-07-15T01:25:00.000Z,4053.970,4056.660,4053.830,4054.460,2056
2026-07-15T01:30:00.000Z,4054.430,4054.690,4047.150,4050.810,2870
2026-07-15T01:35:00.000Z,4050.740,4050.740,4045.600,4046.360,2281
2026-07-15T01:40:00.000Z,4046.390,4046.390,4036.580,4038.810,2607
2026-07-15T01:45:00.000Z,4039.060,4042.530,4037.880,4041.480,2474
2026-07-15T01:50:00.000Z,4041.530,4041.530,4037.940,4041.110,2267
2026-07-15T01:55:00.000Z,4041.150,4041.250,4035.650,4037.360,2152
2026-07-15T02:00:00.000Z,4037.060,4040.200,4034.170,4039.070,2369
2026-07-15T02:05:00.000Z,4039.120,4041.840,4038.370,4040.820,2136
2026-07-15T02:10:00.000Z,4040.880,4042.110,4035.700,4036.750,2300
2026-07-15T02:15:00.000Z,4036.750,4036.880,4029.360,4030.280,2085
2026-07-15T02:20:00.000Z,4030.270,4032.600,4029.290,4031.810,1720
2026-07-15T02:25:00.000Z,4031.780,4033.390,4030.300,4033.110,1436
2026-07-15T02:30:00.000Z,4033.110,4036.320,4032.680,4035.820,2183
2026-07-15T02:35:00.000Z,4035.850,4037.850,4035.740,4037.760,1614
2026-07-15T02:40:00.000Z,4037.800,4041.910,4037.130,4041.690,1627
2026-07-15T02:45:00.000Z,4041.730,4041.940,4039.000,4040.000,1471
2026-07-15T02:50:00.000Z,4040.010,4040.010,4034.530,4035.190,1864
2026-07-15T02:55:00.000Z,4035.180,4039.390,4035.050,4035.340,1874
2026-07-15T03:00:00.000Z,4035.300,4040.110,4034.620,4039.470,1875
2026-07-15T03:05:00.000Z,4039.430,4040.340,4036.140,4036.760,1555
2026-07-15T03:10:00.000Z,4036.730,4037.130,4032.940,4034.120,1647
2026-07-15T03:15:00.000Z,4034.150,4035.360,4031.910,4032.470,1805
2026-07-15T03:20:00.000Z,4032.460,4033.300,4030.700,4031.070,1612
2026-07-15T03:25:00.000Z,4031.040,4032.720,4030.230,4031.020,1798
2026-07-15T03:30:00.000Z,4031.040,4033.610,4028.060,4033.400,1686
2026-07-15T03:35:00.000Z,4033.510,4035.730,4032.440,4032.530,1246
2026-07-15T03:40:00.000Z,4032.550,4032.690,4028.400,4029.310,1519
2026-07-15T03:45:00.000Z,4029.210,4032.190,4029.180,4032.130,1208
2026-07-15T03:50:00.000Z,4032.130,4033.510,4031.100,4031.150,1099
2026-07-15T03:55:00.000Z,4031.170,4032.140,4030.830,4031.240,824
2026-07-15T04:00:00.000Z,4031.250,4033.210,4030.660,4031.340,1078
2026-07-15T04:05:00.000Z,4031.340,4032.420,4030.100,4032.000,1060
2026-07-15T04:10:00.000Z,4032.030,4033.220,4031.520,4031.520,1011
2026-07-15T04:15:00.000Z,4031.510,4034.130,4030.880,4034.090,1105
2026-07-15T04:20:00.000Z,4034.150,4034.150,4032.470,4033.140,1034
2026-07-15T04:25:00.000Z,4033.130,4035.090,4032.950,4033.630,1081
2026-07-15T04:30:00.000Z,4033.610,4035.070,4031.750,4031.750,964
2026-07-15T04:35:00.000Z,4031.700,4032.820,4030.550,4030.920,1092
2026-07-15T04:40:00.000Z,4030.910,4032.070,4028.270,4030.190,1365
2026-07-15T04:45:00.000Z,4030.290,4034.380,4030.290,4031.610,1113
2026-07-15T04:50:00.000Z,4031.590,4034.350,4031.590,4032.750,778
2026-07-15T04:55:00.000Z,4032.750,4033.430,4031.770,4033.130,899
2026-07-15T05:00:00.000Z,4033.420,4035.990,4031.570,4032.040,1990
2026-07-15T05:05:00.000Z,4032.080,4033.000,4029.260,4031.150,1737
2026-07-15T05:10:00.000Z,4031.170,4031.550,4025.230,4026.130,1642
2026-07-15T05:15:00.000Z,4026.060,4028.540,4025.760,4027.730,1487
2026-07-15T05:20:00.000Z,4027.590,4028.690,4026.210,4027.430,1378
2026-07-15T05:25:00.000Z,4027.090,4027.090,4024.510,4025.080,1554
2026-07-15T05:30:00.000Z,4025.070,4029.170,4022.250,4028.060,2667
2026-07-15T05:35:00.000Z,4028.180,4031.880,4027.150,4031.460,2085
2026-07-15T05:40:00.000Z,4031.410,4036.570,4029.520,4029.720,2320
2026-07-15T05:45:00.000Z,4029.800,4029.970,4027.440,4029.150,1863
2026-07-15T05:50:00.000Z,4029.170,4030.640,4028.050,4030.580,1611
2026-07-15T05:55:00.000Z,4030.480,4034.890,4028.210,4034.890,1658
2026-07-15T06:00:00.000Z,4034.720,4035.480,4030.980,4031.370,1840
2026-07-15T06:05:00.000Z,4031.270,4031.790,4027.870,4029.930,1858
2026-07-15T06:10:00.000Z,4029.940,4030.110,4027.230,4027.610,1784
2026-07-15T06:15:00.000Z,4027.540,4028.000,4023.660,4026.820,2147
2026-07-15T06:20:00.000Z,4026.760,4027.190,4021.370,4026.460,2077
2026-07-15T06:25:00.000Z,4026.470,4028.730,4025.670,4026.530,1803
2026-07-15T06:30:00.000Z,4026.520,4028.190,4022.580,4028.090,2004
2026-07-15T06:35:00.000Z,4028.140,4030.810,4027.040,4029.180,1553
2026-07-15T06:40:00.000Z,4029.100,4033.020,4028.390,4032.540,1624
2026-07-15T06:45:00.000Z,4032.540,4032.540,4029.770,4030.120,1797
2026-07-15T06:50:00.000Z,4030.130,4033.730,4029.960,4032.450,1961
2026-07-15T06:55:00.000Z,4032.540,4032.830,4030.780,4032.170,1901
2026-07-15T07:00:00.000Z,4032.070,4034.350,4029.250,4032.820,2163
2026-07-15T07:05:00.000Z,4032.820,4032.820,4029.240,4029.460,1588
2026-07-15T07:10:00.000Z,4029.460,4031.170,4028.150,4029.430,1345
2026-07-15T07:15:00.000Z,4029.510,4029.930,4028.110,4029.290,1515
2026-07-15T07:20:00.000Z,4029.270,4029.830,4025.400,4026.120,1719
2026-07-15T07:25:00.000Z,4026.130,4026.300,4020.140,4024.080,2223
2026-07-15T07:30:00.000Z,4023.980,4026.940,4022.010,4023.830,1966
2026-07-15T07:35:00.000Z,4023.720,4023.720,4019.760,4020.570,1801
2026-07-15T07:40:00.000Z,4020.580,4022.810,4019.730,4022.760,1824
2026-07-15T07:45:00.000Z,4022.750,4026.450,4021.390,4024.740,1641
2026-07-15T07:50:00.000Z,4024.730,4025.790,4022.490,4025.580,1650
2026-07-15T07:55:00.000Z,4025.570,4026.750,4023.510,4024.500,1599
2026-07-15T08:00:00.000Z,4024.580,4025.950,4020.490,4024.890,2340
2026-07-15T08:05:00.000Z,4024.870,4025.580,4022.110,4022.500,1762
2026-07-15T08:10:00.000Z,4022.340,4023.510,4017.460,4018.010,1892
2026-07-15T08:15:00.000Z,4018.100,4025.290,4018.100,4024.170,1876
2026-07-15T08:20:00.000Z,4024.130,4025.230,4022.580,4024.580,1943
2026-07-15T08:25:00.000Z,4024.680,4026.850,4022.870,4026.680,2037
2026-07-15T08:30:00.000Z,4026.750,4029.330,4025.920,4027.960,1973
2026-07-15T08:35:00.000Z,4027.980,4028.350,4024.720,4026.580,1621
2026-07-15T08:40:00.000Z,4026.570,4028.660,4026.390,4028.600,1354
2026-07-15T08:45:00.000Z,4028.560,4030.180,4027.720,4029.720,1547
2026-07-15T08:50:00.000Z,4029.710,4031.020,4028.910,4030.680,1262
2026-07-15T08:55:00.000Z,4030.720,4033.230,4029.710,4031.260,1258
2026-07-15T09:00:00.000Z,4031.410,4034.310,4030.940,4033.400,1646
2026-07-15T09:05:00.000Z,4033.280,4034.150,4030.140,4032.540,1996
2026-07-15T09:10:00.000Z,4032.550,4033.250,4029.610,4030.360,1470
2026-07-15T09:15:00.000Z,4030.340,4031.240,4028.950,4031.230,1430
2026-07-15T09:20:00.000Z,4031.170,4032.840,4029.530,4029.840,1368
2026-07-15T09:25:00.000Z,4029.850,4029.860,4027.110,4027.450,1474
2026-07-15T09:30:00.000Z,4027.510,4029.650,4026.580,4026.720,1617
2026-07-15T09:35:00.000Z,4026.730,4027.650,4025.560,4026.390,1366
2026-07-15T09:40:00.000Z,4026.370,4028.130,4026.370,4027.350,1143
2026-07-15T09:45:00.000Z,4027.350,4028.600,4026.450,4028.500,1306
2026-07-15T09:50:00.000Z,4028.380,4028.610,4027.050,4028.540,1282
2026-07-15T09:55:00.000Z,4028.600,4030.400,4026.110,4030.270,1487
2026-07-15T10:00:00.000Z,4030.290,4031.610,4028.840,4030.450,1478
2026-07-15T10:05:00.000Z,4030.460,4033.020,4028.700,4030.570,1604
2026-07-15T10:10:00.000Z,4030.570,4035.960,4029.700,4033.810,1620
2026-07-15T10:15:00.000Z,4033.780,4034.090,4031.720,4032.250,1446
2026-07-15T10:20:00.000Z,4032.220,4035.510,4029.000,4029.380,1980
2026-07-15T10:25:00.000Z,4029.450,4030.140,4026.550,4028.880,1978
2026-07-15T10:30:00.000Z,4028.870,4031.150,4028.450,4030.410,1680
2026-07-15T10:35:00.000Z,4030.400,4034.130,4030.170,4033.710,1460
2026-07-15T10:40:00.000Z,4033.710,4033.760,4030.250,4031.250,1411
2026-07-15T10:45:00.000Z,4031.220,4031.290,4027.250,4028.580,1463
2026-07-15T10:50:00.000Z,4028.610,4028.990,4027.660,4028.980,1216
2026-07-15T10:55:00.000Z,4028.930,4029.050,4027.130,4028.190,1439
2026-07-15T11:00:00.000Z,4028.130,4031.490,4027.890,4028.990,1638
2026-07-15T11:05:00.000Z,4028.840,4031.890,4028.400,4031.340,1655
2026-07-15T11:10:00.000Z,4031.360,4033.010,4030.280,4030.350,1429
2026-07-15T11:15:00.000Z,4030.370,4030.670,4027.650,4029.360,1766
2026-07-15T11:20:00.000Z,4029.380,4030.520,4028.580,4030.110,1462
2026-07-15T11:25:00.000Z,4030.050,4031.300,4028.730,4030.780,1415
2026-07-15T11:30:00.000Z,4030.810,4033.680,4029.380,4033.280,1284
2026-07-15T11:35:00.000Z,4033.370,4035.450,4032.020,4035.360,1296
2026-07-15T11:40:00.000Z,4035.340,4039.420,4035.260,4037.570,1693
2026-07-15T11:45:00.000Z,4037.580,4038.870,4035.610,4036.550,1473
2026-07-15T11:50:00.000Z,4036.590,4040.140,4035.680,4036.440,1988
2026-07-15T11:55:00.000Z,4036.450,4039.220,4035.990,4038.400,1596
2026-07-15T12:00:00.000Z,4038.500,4042.540,4038.060,4041.050,1868
2026-07-15T12:05:00.000Z,4040.890,4041.040,4037.220,4037.420,1882
2026-07-15T12:10:00.000Z,4037.640,4039.130,4035.960,4037.970,1784
2026-07-15T12:15:00.000Z,4038.000,4040.760,4038.000,4039.310,1628
2026-07-15T12:20:00.000Z,4039.640,4040.850,4038.300,4039.450,2115
2026-07-15T12:25:00.000Z,4039.400,4040.500,4037.620,4039.980,2111
2026-07-15T12:30:00.000Z,4037.630,4054.630,4037.290,4054.320,3495
2026-07-15T12:35:00.000Z,4054.410,4066.140,4053.820,4063.690,3153
2026-07-15T12:40:00.000Z,4063.890,4063.890,4057.440,4063.190,2905
2026-07-15T12:45:00.000Z,4063.170,4065.340,4061.060,4064.180,2551
2026-07-15T12:50:00.000Z,4064.220,4066.540,4062.210,4063.600,1963
2026-07-15T12:55:00.000Z,4063.600,4071.510,4061.670,4067.810,2572
2026-07-15T13:00:00.000Z,4068.480,4072.750,4064.750,4072.220,3466
2026-07-15T13:05:00.000Z,4072.270,4074.070,4069.660,4069.700,3185
2026-07-15T13:10:00.000Z,4069.690,4070.140,4061.820,4061.820,2844
2026-07-15T13:15:00.000Z,4061.720,4066.520,4061.310,4065.820,2111
2026-07-15T13:20:00.000Z,4065.740,4065.740,4061.210,4061.890,1872
2026-07-15T13:25:00.000Z,4061.870,4061.920,4054.190,4055.990,2591
2026-07-15T13:30:00.000Z,4055.810,4061.340,4055.680,4060.290,2819
2026-07-15T13:35:00.000Z,4060.300,4062.590,4057.490,4061.190,2673
2026-07-15T13:40:00.000Z,4061.200,4063.170,4058.140,4061.270,2254
2026-07-15T13:45:00.000Z,4061.270,4062.010,4055.030,4056.660,2773
2026-07-15T13:50:00.000Z,4056.650,4060.510,4055.190,4059.220,2841
2026-07-15T13:55:00.000Z,4059.090,4066.390,4057.760,4061.660,3172
2026-07-15T14:00:00.000Z,4061.690,4065.460,4060.120,4063.240,2663
2026-07-15T14:05:00.000Z,4063.300,4065.430,4062.280,4063.110,2757
2026-07-15T14:10:00.000Z,4063.050,4065.780,4062.280,4064.360,2656
2026-07-15T14:15:00.000Z,4064.490,4066.140,4060.720,4062.980,2648
2026-07-15T14:20:00.000Z,4063.020,4063.310,4055.730,4057.720,3212
2026-07-15T14:25:00.000Z,4057.710,4059.750,4055.550,4058.500,2914
2026-07-15T14:30:00.000Z,4058.540,4063.360,4057.720,4062.360,3010
2026-07-15T14:35:00.000Z,4062.380,4064.030,4061.070,4062.160,2717
2026-07-15T14:40:00.000Z,4062.280,4063.010,4056.990,4057.360,2758
2026-07-15T14:45:00.000Z,4057.340,4060.460,4053.340,4059.940,2905
2026-07-15T14:50:00.000Z,4059.940,4060.180,4054.800,4056.210,2955
2026-07-15T14:55:00.000Z,4056.050,4061.020,4055.790,4060.460,2811
2026-07-15T15:00:00.000Z,4060.720,4061.990,4058.240,4059.290,2853
2026-07-15T15:05:00.000Z,4059.280,4059.330,4054.360,4054.670,2643
2026-07-15T15:10:00.000Z,4054.680,4054.900,4043.310,4044.200,3052
2026-07-15T15:15:00.000Z,4043.970,4046.970,4043.280,4046.250,3180
2026-07-15T15:20:00.000Z,4046.050,4046.360,4039.750,4044.880,3185
2026-07-15T15:25:00.000Z,4044.950,4049.860,4044.180,4049.120,2962
2026-07-15T15:30:00.000Z,4049.130,4049.790,4044.950,4048.380,2914
2026-07-15T15:35:00.000Z,4048.350,4049.200,4046.680,4048.790,2729
2026-07-15T15:40:00.000Z,4048.830,4050.590,4048.530,4049.700,2286
2026-07-15T15:45:00.000Z,4049.720,4050.870,4048.120,4049.710,2371
2026-07-15T15:50:00.000Z,4049.720,4050.670,4046.920,4050.630,2095
2026-07-15T15:55:00.000Z,4050.600,4050.610,4046.520,4046.990,2103
2026-07-15T16:00:00.000Z,4047.000,4047.930,4042.700,4043.390,2476
2026-07-15T16:05:00.000Z,4043.430,4044.520,4041.810,4042.070,2292
2026-07-15T16:10:00.000Z,4042.080,4042.570,4037.440,4038.390,2493
2026-07-15T16:15:00.000Z,4038.310,4040.810,4031.150,4033.580,2738
2026-07-15T16:20:00.000Z,4033.690,4037.780,4033.160,4035.770,2818
2026-07-15T16:25:00.000Z,4035.730,4037.840,4033.020,4034.860,2694
2026-07-15T16:30:00.000Z,4034.840,4037.070,4030.790,4030.980,2851
2026-07-15T16:35:00.000Z,4031.040,4031.460,4027.320,4030.390,2789
2026-07-15T16:40:00.000Z,4030.400,4031.760,4026.920,4028.790,2456
2026-07-15T16:45:00.000Z,4028.730,4037.060,4027.700,4035.800,2886
2026-07-15T16:50:00.000Z,4035.520,4038.080,4033.950,4034.300,2362
2026-07-15T16:55:00.000Z,4034.310,4034.320,4029.570,4033.840,2403
2026-07-15T17:00:00.000Z,4034.000,4038.800,4033.110,4037.970,2377
2026-07-15T17:05:00.000Z,4037.960,4039.210,4036.750,4036.760,2014
2026-07-15T17:10:00.000Z,4036.750,4039.000,4035.930,4035.960,1983
2026-07-15T17:15:00.000Z,4035.840,4036.990,4033.260,4035.820,1877
2026-07-15T17:20:00.000Z,4035.830,4039.030,4035.700,4037.880,1879
2026-07-15T17:25:00.000Z,4037.870,4048.160,4037.840,4047.610,2257
2026-07-15T17:30:00.000Z,4047.540,4055.760,4047.150,4054.960,3000
2026-07-15T17:35:00.000Z,4054.650,4060.130,4053.520,4057.070,2617
2026-07-15T17:40:00.000Z,4057.060,4063.140,4056.820,4062.430,2315
2026-07-15T17:45:00.000Z,4062.400,4066.070,4061.430,4065.230,2474
2026-07-15T17:50:00.000Z,4065.240,4065.310,4061.850,4063.280,2204
2026-07-15T17:55:00.000Z,4063.310,4064.020,4060.360,4062.350,1934
2026-07-15T18:00:00.000Z,4062.360,4068.770,4061.820,4068.030,2111
2026-07-15T18:05:00.000Z,4067.960,4070.410,4066.130,4067.170,2140
2026-07-15T18:10:00.000Z,4067.180,4068.340,4065.660,4067.960,2010
2026-07-15T18:15:00.000Z,4067.980,4070.190,4066.810,4069.850,2109
2026-07-15T18:20:00.000Z,4069.860,4071.890,4068.880,4070.880,1949
2026-07-15T18:25:00.000Z,4070.900,4075.330,4069.640,4074.290,2104
2026-07-15T18:30:00.000Z,4074.500,4081.140,4072.510,4072.770,2559
2026-07-15T18:35:00.000Z,4072.780,4073.500,4070.660,4070.840,1943
2026-07-15T18:40:00.000Z,4070.960,4071.100,4067.760,4067.770,1935
2026-07-15T18:45:00.000Z,4067.740,4068.620,4064.660,4064.670,2100
2026-07-15T18:50:00.000Z,4064.690,4064.730,4062.580,4063.360,1831
2026-07-15T18:55:00.000Z,4063.370,4064.760,4058.130,4059.180,1790
2026-07-15T19:00:00.000Z,4059.320,4062.940,4057.300,4061.150,1827
2026-07-15T19:05:00.000Z,4061.170,4061.510,4058.830,4060.760,1697
2026-07-15T19:10:00.000Z,4060.750,4062.560,4059.370,4061.050,1665
2026-07-15T19:15:00.000Z,4061.040,4061.460,4056.730,4056.790,1635
2026-07-15T19:20:00.000Z,4056.260,4056.690,4052.950,4054.740,1719
2026-07-15T19:25:00.000Z,4054.870,4057.860,4054.550,4056.030,1614
2026-07-15T19:30:00.000Z,4056.350,4057.570,4048.850,4049.680,2364
2026-07-15T19:35:00.000Z,4049.660,4052.120,4047.980,4050.570,2034
2026-07-15T19:40:00.000Z,4050.540,4053.000,4050.210,4051.180,1503
2026-07-15T19:45:00.000Z,4051.170,4053.290,4050.720,4052.150,1444
2026-07-15T19:50:00.000Z,4052.510,4054.580,4051.280,4053.490,1639
2026-07-15T19:55:00.000Z,4053.570,4057.310,4052.420,4057.010,2020
2026-07-15T20:00:00.000Z,4056.990,4058.360,4055.190,4058.110,1239
2026-07-15T20:05:00.000Z,4058.090,4058.130,4056.420,4056.910,845
2026-07-15T20:10:00.000Z,4056.920,4057.800,4056.610,4057.520,829
2026-07-15T20:15:00.000Z,4057.600,4060.120,4057.370,4059.360,744
2026-07-15T20:20:00.000Z,4059.250,4061.940,4059.010,4060.410,799
2026-07-15T20:25:00.000Z,4060.410,4062.130,4060.160,4061.310,733
2026-07-15T20:30:00.000Z,4061.470,4061.510,4060.250,4060.550,620
2026-07-15T20:35:00.000Z,4060.630,4063.130,4060.630,4062.990,674
2026-07-15T20:40:00.000Z,4062.930,4062.980,4060.830,4061.700,419
2026-07-15T20:45:00.000Z,4061.330,4061.920,4060.970,4061.430,371
2026-07-15T20:50:00.000Z,4061.540,4062.920,4060.560,4061.050,463
2026-07-15T20:55:00.000Z,4061.160,4061.280,4059.890,4060.420,334
2026-07-15T22:00:00.000Z,4061.660,4067.360,4060.830,4061.290,1195
2026-07-15T22:05:00.000Z,4061.710,4064.380,4061.260,4063.510,869
2026-07-15T22:10:00.000Z,4063.510,4064.870,4063.280,4063.770,727
2026-07-15T22:15:00.000Z,4063.760,4064.390,4062.770,4063.730,824
2026-07-15T22:20:00.000Z,4063.740,4064.010,4062.280,4062.280,900
2026-07-15T22:25:00.000Z,4062.310,4062.750,4061.380,4062.340,1031
2026-07-15T22:30:00.000Z,4062.350,4062.520,4060.680,4060.720,851
2026-07-15T22:35:00.000Z,4060.730,4061.440,4059.250,4059.990,801
2026-07-15T22:40:00.000Z,4060.020,4060.700,4059.400,4060.170,747
2026-07-15T22:45:00.000Z,4060.180,4061.020,4059.170,4059.770,748
2026-07-15T22:50:00.000Z,4059.760,4060.000,4058.300,4059.740,861
2026-07-15T22:55:00.000Z,4059.740,4061.490,4059.380,4059.790,897
2026-07-15T23:00:00.000Z,4059.700,4061.860,4059.010,4059.930,912
2026-07-15T23:05:00.000Z,4059.960,4062.150,4059.530,4061.470,803
2026-07-15T23:10:00.000Z,4061.460,4061.620,4059.180,4060.400,966
2026-07-15T23:15:00.000Z,4060.410,4060.490,4058.080,4059.140,961
2026-07-15T23:20:00.000Z,4059.130,4059.290,4057.170,4057.310,613
2026-07-15T23:25:00.000Z,4057.320,4059.370,4057.100,4057.820,827
2026-07-15T23:30:00.000Z,4057.900,4058.570,4056.230,4058.040,641
2026-07-15T23:35:00.000Z,4058.030,4059.360,4056.850,4057.170,829
2026-07-15T23:40:00.000Z,4057.180,4058.290,4055.760,4057.800,959
2026-07-15T23:45:00.000Z,4057.810,4059.570,4056.280,4058.530,1247
2026-07-15T23:50:00.000Z,4058.530,4060.820,4056.790,4058.150,1106
2026-07-15T23:55:00.000Z,4058.280,4059.420,4057.750,4057.870,1157
2026-07-16T00:00:00.000Z,4057.950,4059.470,4056.380,4057.910,1939
2026-07-16T00:05:00.000Z,4057.880,4058.230,4054.830,4055.560,1616
2026-07-16T00:10:00.000Z,4055.730,4057.160,4054.890,4056.390,1609
2026-07-16T00:15:00.000Z,4056.380,4057.620,4055.980,4056.880,1561
2026-07-16T00:20:00.000Z,4056.890,4060.290,4055.120,4058.570,1583
2026-07-16T00:25:00.000Z,4058.540,4060.220,4057.820,4058.490,1389
2026-07-16T00:30:00.000Z,4058.520,4060.860,4058.350,4060.840,1689
2026-07-16T00:35:00.000Z,4060.840,4061.270,4058.500,4058.580,1408
2026-07-16T00:40:00.000Z,4058.650,4058.650,4054.130,4055.240,1621
2026-07-16T00:45:00.000Z,4055.140,4060.080,4055.090,4059.320,1809
2026-07-16T00:50:00.000Z,4059.330,4061.030,4053.420,4053.510,2032
2026-07-16T00:55:00.000Z,4053.580,4053.660,4043.830,4044.720,2160
2026-07-16T01:00:00.000Z,4044.540,4050.570,4041.060,4044.950,3278
2026-07-16T01:05:00.000Z,4044.830,4046.770,4042.520,4045.730,2641
2026-07-16T01:10:00.000Z,4045.600,4049.120,4042.470,4045.290,2354
2026-07-16T01:15:00.000Z,4045.280,4045.370,4039.120,4040.850,2625
2026-07-16T01:20:00.000Z,4040.850,4044.030,4035.850,4037.780,2341
2026-07-16T01:25:00.000Z,4037.810,4038.990,4033.890,4036.880,2364
2026-07-16T01:30:00.000Z,4036.830,4041.530,4036.650,4041.430,2394
2026-07-16T01:35:00.000Z,4041.450,4044.890,4040.580,4044.500,2311
2026-07-16T01:40:00.000Z,4044.410,4046.020,4041.250,4042.210,2088
2026-07-16T01:45:00.000Z,4042.190,4043.900,4040.030,4041.370,2087
2026-07-16T01:50:00.000Z,4041.310,4041.310,4037.290,4038.820,2205
2026-07-16T01:55:00.000Z,4038.840,4041.040,4038.350,4039.090,1758
2026-07-16T02:00:00.000Z,4039.180,4040.180,4036.250,4036.250,1962
2026-07-16T02:05:00.000Z,4036.210,4036.720,4032.730,4033.090,2002
2026-07-16T02:10:00.000Z,4033.040,4035.430,4031.330,4032.590,2054
2026-07-16T02:15:00.000Z,4032.550,4033.230,4028.930,4033.230,1727
2026-07-16T02:20:00.000Z,4033.230,4034.900,4031.620,4033.240,1800
2026-07-16T02:25:00.000Z,4033.120,4034.820,4032.150,4034.590,1463
2026-07-16T02:30:00.000Z,4034.540,4035.730,4030.400,4031.800,2268
2026-07-16T02:35:00.000Z,4031.850,4033.060,4026.150,4027.350,2029
2026-07-16T02:40:00.000Z,4027.320,4028.430,4023.950,4027.770,2261
2026-07-16T02:45:00.000Z,4027.760,4030.170,4027.450,4029.430,1903
2026-07-16T02:50:00.000Z,4029.420,4029.810,4024.780,4029.450,2155
2026-07-16T02:55:00.000Z,4029.480,4032.560,4028.790,4031.570,1778
2026-07-16T03:00:00.000Z,4031.460,4032.110,4030.210,4030.630,1715
2026-07-16T03:05:00.000Z,4030.690,4033.030,4030.300,4032.720,1639
2026-07-16T03:10:00.000Z,4032.750,4033.160,4029.280,4029.830,1879
2026-07-16T03:15:00.000Z,4029.840,4031.520,4029.150,4030.020,1696
2026-07-16T03:20:00.000Z,4030.030,4030.790,4027.750,4029.150,1684
2026-07-16T03:25:00.000Z,4029.150,4034.050,4028.920,4033.990,1611
2026-07-16T03:30:00.000Z,4034.010,4034.500,4032.430,4033.960,1623
2026-07-16T03:35:00.000Z,4033.960,4034.960,4033.150,4033.350,1316
2026-07-16T03:40:00.000Z,4033.340,4036.310,4033.340,4035.500,1197
2026-07-16T03:45:00.000Z,4035.490,4035.660,4034.190,4034.840,1018
2026-07-16T03:50:00.000Z,4034.840,4036.710,4034.670,4035.770,1037
2026-07-16T03:55:00.000Z,4035.890,4036.900,4035.300,4036.350,986
2026-07-16T04:00:00.000Z,4036.330,4036.670,4033.710,4033.910,1017
2026-07-16T04:05:00.000Z,4033.920,4034.230,4031.980,4032.080,1082
2026-07-16T04:10:00.000Z,4032.060,4037.890,4031.990,4036.970,1117
2026-07-16T04:15:00.000Z,4036.980,4036.980,4032.830,4033.380,832
2026-07-16T04:20:00.000Z,4033.350,4035.390,4032.870,4033.440,890
2026-07-16T04:25:00.000Z,4033.450,4034.050,4031.890,4033.890,1159
2026-07-16T04:30:00.000Z,4033.900,4035.360,4031.970,4033.030,1093
2026-07-16T04:35:00.000Z,4033.030,4034.010,4032.590,4033.530,943
2026-07-16T04:40:00.000Z,4033.430,4034.310,4032.530,4032.630,975
2026-07-16T04:45:00.000Z,4032.620,4035.250,4032.310,4034.510,1102
2026-07-16T04:50:00.000Z,4034.520,4035.080,4034.170,4034.950,852
2026-07-16T04:55:00.000Z,4034.920,4034.920,4033.170,4033.190,1049
2026-07-16T05:00:00.000Z,4033.060,4034.010,4030.960,4031.940,1335
2026-07-16T05:05:00.000Z,4031.970,4032.590,4030.600,4031.500,1178
2026-07-16T05:10:00.000Z,4031.510,4031.510,4029.410,4030.760,1391
2026-07-16T05:15:00.000Z,4030.860,4033.040,4028.740,4029.480,1549
2026-07-16T05:20:00.000Z,4029.460,4029.570,4027.050,4027.230,1615
2026-07-16T05:25:00.000Z,4027.180,4029.440,4026.710,4027.690,1551
2026-07-16T05:30:00.000Z,4027.680,4031.770,4025.250,4030.230,2741
2026-07-16T05:35:00.000Z,4029.880,4030.970,4027.510,4029.630,2540
2026-07-16T05:40:00.000Z,4029.600,4033.090,4026.900,4032.400,2430
2026-07-16T05:45:00.000Z,4032.410,4032.920,4027.370,4027.630,2143
2026-07-16T05:50:00.000Z,4027.600,4030.730,4025.520,4027.000,2366
2026-07-16T05:55:00.000Z,4026.990,4029.200,4026.870,4027.350,2183
2026-07-16T06:00:00.000Z,4027.350,4033.060,4027.110,4031.380,2568
2026-07-16T06:05:00.000Z,4031.430,4036.450,4031.330,4034.960,2481
2026-07-16T06:10:00.000Z,4034.950,4035.040,4030.970,4032.250,2193
2026-07-16T06:15:00.000Z,4032.230,4032.930,4028.100,4029.370,2095
2026-07-16T06:20:00.000Z,4029.450,4031.680,4027.890,4031.600,1884
2026-07-16T06:25:00.000Z,4031.590,4032.050,4030.290,4030.300,1713
2026-07-16T06:30:00.000Z,4030.070,4030.720,4026.750,4026.840,1960
2026-07-16T06:35:00.000Z,4026.850,4026.870,4022.980,4026.750,2698
2026-07-16T06:40:00.000Z,4026.740,4027.060,4025.030,4027.040,1894
2026-07-16T06:45:00.000Z,4027.050,4028.930,4026.430,4028.290,1849
2026-07-16T06:50:00.000Z,4028.310,4030.210,4027.870,4030.200,1529
2026-07-16T06:55:00.000Z,4030.210,4031.460,4030.210,4030.640,1949
2026-07-16T07:00:00.000Z,4030.600,4030.720,4027.360,4029.300,2060
2026-07-16T07:05:00.000Z,4029.290,4029.820,4028.010,4029.400,1594
2026-07-16T07:10:00.000Z,4029.410,4029.770,4025.710,4026.330,1660
2026-07-16T07:15:00.000Z,4026.320,4026.410,4023.760,4024.700,1877
2026-07-16T07:20:00.000Z,4024.740,4026.950,4024.650,4025.260,1753
2026-07-16T07:25:00.000Z,4025.270,4026.760,4024.100,4024.480,1869
2026-07-16T07:30:00.000Z,4024.470,4025.370,4023.020,4024.100,1841
2026-07-16T07:35:00.000Z,4024.070,4025.670,4023.340,4025.160,1505
2026-07-16T07:40:00.000Z,4025.930,4028.350,4025.300,4026.180,1781
2026-07-16T07:45:00.000Z,4026.190,4031.830,4026.010,4030.460,1986
2026-07-16T07:50:00.000Z,4030.480,4030.940,4026.620,4028.270,1706
2026-07-16T07:55:00.000Z,4028.310,4031.170,4028.010,4030.760,1821
2026-07-16T08:00:00.000Z,4030.590,4034.110,4029.560,4030.020,2251
2026-07-16T08:05:00.000Z,4030.000,4030.840,4028.360,4028.380,1763
2026-07-16T08:10:00.000Z,4028.370,4029.170,4025.410,4025.820,2067
2026-07-16T08:15:00.000Z,4025.810,4029.330,4025.290,4029.330,1691
2026-07-16T08:20:00.000Z,4029.210,4032.090,4029.050,4031.600,1737
2026-07-16T08:25:00.000Z,4031.620,4033.730,4031.300,4032.380,1852
2026-07-16T08:30:00.000Z,4032.480,4035.020,4032.220,4032.360,1719
2026-07-16T08:35:00.000Z,4032.350,4035.600,4032.340,4033.540,1731
2026-07-16T08:40:00.000Z,4033.560,4034.380,4032.070,4033.650,1438
2026-07-16T08:45:00.000Z,4033.640,4036.640,4033.610,4035.640,1636
2026-07-16T08:50:00.000Z,4035.620,4035.880,4033.260,4033.480,1372
2026-07-16T08:55:00.000Z,4033.500,4035.870,4033.200,4035.360,1239
2026-07-16T09:00:00.000Z,4035.370,4037.300,4035.340,4035.470,1467
2026-07-16T09:05:00.000Z,4035.450,4036.930,4035.420,4036.490,1242
2026-07-16T09:10:00.000Z,4036.510,4037.440,4035.770,4036.910,1091
2026-07-16T09:15:00.000Z,4036.980,4037.730,4035.890,4036.110,1382
2026-07-16T09:20:00.000Z,4036.170,4036.240,4032.490,4032.720,1425
2026-07-16T09:25:00.000Z,4032.730,4033.900,4030.950,4033.160,1441
2026-07-16T09:30:00.000Z,4033.120,4034.120,4030.500,4031.920,1708
2026-07-16T09:35:00.000Z,4031.930,4034.630,4031.560,4033.350,1410
2026-07-16T09:40:00.000Z,4033.260,4035.060,4032.920,4034.370,1141
2026-07-16T09:45:00.000Z,4034.370,4034.470,4031.710,4032.480,1189
2026-07-16T09:50:00.000Z,4032.460,4036.400,4032.320,4035.860,1290
2026-07-16T09:55:00.000Z,4035.970,4036.290,4031.850,4031.850,1329
2026-07-16T10:00:00.000Z,4031.810,4032.390,4029.880,4031.050,1511
2026-07-16T10:05:00.000Z,4031.000,4032.760,4030.390,4032.430,1244
2026-07-16T10:10:00.000Z,4032.440,4032.740,4029.740,4031.770,1189
2026-07-16T10:15:00.000Z,4031.800,4033.080,4031.710,4032.610,1093
2026-07-16T10:20:00.000Z,4032.600,4034.750,4031.700,4034.590,1268
2026-07-16T10:25:00.000Z,4034.710,4034.740,4031.890,4033.420,1122
2026-07-16T10:30:00.000Z,4033.250,4033.960,4031.740,4033.820,1290
2026-07-16T10:35:00.000Z,4033.800,4034.240,4031.750,4031.880,1187
2026-07-16T10:40:00.000Z,4031.890,4034.670,4031.690,4033.130,1263
2026-07-16T10:45:00.000Z,4033.100,4033.270,4030.740,4030.930,1198
2026-07-16T10:50:00.000Z,4030.900,4032.310,4030.360,4031.500,1327
2026-07-16T10:55:00.000Z,4031.480,4031.960,4028.730,4029.610,1386
2026-07-16T11:00:00.000Z,4029.570,4030.250,4027.880,4028.630,1776
2026-07-16T11:05:00.000Z,4028.630,4029.620,4027.810,4029.520,1268
2026-07-16T11:10:00.000Z,4029.430,4029.820,4026.410,4028.080,1493
2026-07-16T11:15:00.000Z,4027.930,4027.930,4025.170,4026.410,1656
2026-07-16T11:20:00.000Z,4026.360,4027.430,4024.760,4025.090,1312
2026-07-16T11:25:00.000Z,4025.060,4027.600,4021.140,4024.420,1765
2026-07-16T11:30:00.000Z,4024.360,4030.250,4023.600,4029.890,1653
2026-07-16T11:35:00.000Z,4029.900,4032.440,4029.130,4030.900,1782
2026-07-16T11:40:00.000Z,4030.890,4036.040,4030.440,4035.030,1853
2026-07-16T11:45:00.000Z,4034.960,4042.370,4027.850,4032.520,2246
2026-07-16T11:50:00.000Z,4032.370,4040.180,4028.960,4039.580,3128
2026-07-16T11:55:00.000Z,4039.570,4041.540,4037.300,4038.540,2144
2026-07-16T12:00:00.000Z,4038.660,4043.360,4036.100,4042.440,2233
2026-07-16T12:05:00.000Z,4042.390,4043.400,4032.450,4033.430,2626
2026-07-16T12:10:00.000Z,4033.180,4033.180,4027.600,4031.860,2341
2026-07-16T12:15:00.000Z,4031.860,4032.320,4012.770,4028.850,3218
2026-07-16T12:20:00.000Z,4028.650,4029.170,4020.460,4021.070,2700
2026-07-16T12:25:00.000Z,4020.980,4025.700,4016.780,4024.980,2411
2026-07-16T12:30:00.000Z,4024.970,4029.600,4020.550,4022.610,2870
2026-07-16T12:35:00.000Z,4022.650,4022.800,4014.970,4015.060,2856
2026-07-16T12:40:00.000Z,4015.100,4015.260,4000.720,4002.770,3278
2026-07-16T12:45:00.000Z,4002.780,4008.890,3999.150,3999.600,3228
2026-07-16T12:50:00.000Z,3999.130,4002.330,3994.080,3996.110,3023
2026-07-16T12:55:00.000Z,3996.030,3996.980,3990.440,3992.390,3406
2026-07-16T13:00:00.000Z,3992.450,3996.950,3975.390,3978.170,4097
2026-07-16T13:05:00.000Z,3978.400,3986.340,3973.950,3983.920,3696
2026-07-16T13:10:00.000Z,3983.820,3993.330,3982.170,3992.250,3297
2026-07-16T13:15:00.000Z,3992.430,3995.910,3991.350,3995.240,2860
2026-07-16T13:20:00.000Z,3995.160,3999.470,3991.330,3998.970,2680
2026-07-16T13:25:00.000Z,3998.430,4006.160,3998.240,4005.600,2962
2026-07-16T13:30:00.000Z,4005.740,4008.370,3993.210,3993.210,3865
2026-07-16T13:35:00.000Z,3993.120,3993.820,3981.680,3983.380,3857
2026-07-16T13:40:00.000Z,3983.340,3989.510,3983.340,3986.400,3673
2026-07-16T13:45:00.000Z,3986.310,3993.150,3986.300,3992.000,3515
2026-07-16T13:50:00.000Z,3991.930,3997.060,3991.780,3994.270,3413
2026-07-16T13:55:00.000Z,3994.270,3994.270,3988.150,3990.210,3046
2026-07-16T14:00:00.000Z,3989.850,3997.280,3989.450,3997.020,3587
2026-07-16T14:05:00.000Z,3997.030,3997.030,3991.120,3992.780,3138
2026-07-16T14:10:00.000Z,3992.760,3994.200,3987.170,3989.040,3211
2026-07-16T14:15:00.000Z,3989.090,3997.280,3987.690,3995.740,3337
2026-07-16T14:20:00.000Z,3995.760,3996.320,3990.710,3992.280,3088
2026-07-16T14:25:00.000Z,3992.270,4000.600,3991.820,3999.320,3141
2026-07-16T14:30:00.000Z,3999.290,4004.710,3995.310,4002.690,3147
2026-07-16T14:35:00.000Z,4002.720,4003.870,3999.080,3999.850,2860
2026-07-16T14:40:00.000Z,4000.010,4004.810,3999.900,4004.810,2754
2026-07-16T14:45:00.000Z,4004.880,4006.640,3999.300,3999.350,2777
2026-07-16T14:50:00.000Z,3999.500,4000.440,3995.100,3995.380,2919
2026-07-16T14:55:00.000Z,3995.390,3999.310,3992.520,3997.900,2955
2026-07-16T15:00:00.000Z,3998.020,3998.680,3992.450,3993.030,2890
2026-07-16T15:05:00.000Z,3993.140,3995.780,3990.260,3995.250,2685
2026-07-16T15:10:00.000Z,3995.310,3995.310,3989.420,3992.850,2449
2026-07-16T15:15:00.000Z,3992.770,3999.100,3992.690,3998.820,2721
2026-07-16T15:20:00.000Z,3998.760,4009.180,3998.610,4007.770,2962
2026-07-16T15:25:00.000Z,4007.980,4016.740,4006.930,4011.480,3246
2026-07-16T15:30:00.000Z,4011.390,4014.990,4007.700,4014.470,3023
2026-07-16T15:35:00.000Z,4014.360,4016.320,4010.890,4014.160,2628
2026-07-16T15:40:00.000Z,4014.150,4014.270,4009.600,4010.430,2541
2026-07-16T15:45:00.000Z,4010.440,4011.510,4008.310,4010.760,2436
2026-07-16T15:50:00.000Z,4010.740,4013.160,4008.540,4009.200,2299
2026-07-16T15:55:00.000Z,4009.180,4009.490,4005.510,4007.050,2199
2026-07-16T16:00:00.000Z,4007.030,4007.610,3999.020,3999.710,2600
2026-07-16T16:05:00.000Z,3999.790,4001.060,3997.510,3998.600,2525
2026-07-16T16:10:00.000Z,3998.610,3998.720,3989.850,3989.850,2620
2026-07-16T16:15:00.000Z,3989.710,3991.660,3985.670,3987.070,2914
2026-07-16T16:20:00.000Z,3987.290,3989.280,3982.420,3986.790,3068
2026-07-16T16:25:00.000Z,3986.850,3988.020,3984.610,3987.560,2753
2026-07-16T16:30:00.000Z,3987.380,3990.050,3986.980,3989.250,2555
2026-07-16T16:35:00.000Z,3989.260,3992.040,3989.080,3991.150,2332
2026-07-16T16:40:00.000Z,3991.300,3992.550,3988.340,3992.060,1870
2026-07-16T16:45:00.000Z,3992.000,3992.750,3989.410,3992.220,1944
2026-07-16T16:50:00.000Z,3992.050,3995.740,3991.200,3994.650,2317
2026-07-16T16:55:00.000Z,3994.660,3996.940,3991.990,3992.130,2256
2026-07-16T17:00:00.000Z,3992.200,3992.950,3990.170,3991.320,2149
2026-07-16T17:05:00.000Z,3991.350,3991.570,3987.530,3987.890,1989
2026-07-16T17:10:00.000Z,3987.980,3988.690,3984.610,3985.780,2175
2026-07-16T17:15:00.000Z,3986.030,3988.230,3985.250,3987.870,2211
2026-07-16T17:20:00.000Z,3987.810,3988.800,3985.830,3986.500,1769
2026-07-16T17:25:00.000Z,3986.450,3988.510,3982.910,3987.770,2698
2026-07-16T17:30:00.000Z,3987.560,3988.700,3983.280,3984.470,2189
2026-07-16T17:35:00.000Z,3984.500,3985.600,3981.450,3982.580,2162
2026-07-16T17:40:00.000Z,3982.530,3983.170,3980.140,3981.630,2574
2026-07-16T17:45:00.000Z,3981.830,3986.260,3981.150,3984.960,2085
2026-07-16T17:50:00.000Z,3985.040,3987.630,3984.410,3986.700,1937
2026-07-16T17:55:00.000Z,3986.680,3986.690,3983.750,3984.760,1722
2026-07-16T18:00:00.000Z,3984.830,3986.960,3983.880,3985.570,2195
2026-07-16T18:05:00.000Z,3985.470,3988.120,3983.690,3987.240,2026
2026-07-16T18:10:00.000Z,3987.270,3989.400,3985.330,3985.330,2036
2026-07-16T18:15:00.000Z,3985.300,3988.700,3984.480,3988.200,1973
2026-07-16T18:20:00.000Z,3988.190,3990.460,3986.870,3986.880,1883
2026-07-16T18:25:00.000Z,3986.910,3987.710,3985.550,3986.550,2173
2026-07-16T18:30:00.000Z,3986.380,3986.410,3979.060,3979.310,2422
2026-07-16T18:35:00.000Z,3979.270,3979.440,3976.650,3978.600,2437
2026-07-16T18:40:00.000Z,3978.580,3983.670,3977.820,3983.180,2120
2026-07-16T18:45:00.000Z,3983.140,3984.930,3982.160,3983.020,1750
2026-07-16T18:50:00.000Z,3983.030,3984.100,3980.420,3981.290,1485
2026-07-16T18:55:00.000Z,3981.310,3982.770,3979.610,3980.380,1569
2026-07-16T19:00:00.000Z,3980.470,3985.580,3979.270,3985.190,1974
2026-07-16T19:05:00.000Z,3985.210,3986.170,3982.110,3982.790,1768
2026-07-16T19:10:00.000Z,3982.780,3982.780,3979.070,3980.550,1903
2026-07-16T19:15:00.000Z,3980.540,3982.790,3980.070,3982.760,1567
2026-07-16T19:20:00.000Z,3982.780,3984.120,3980.440,3981.310,1555
2026-07-16T19:25:00.000Z,3981.310,3981.930,3978.700,3979.060,1568
2026-07-16T19:30:00.000Z,3979.270,3979.640,3974.870,3975.130,2165
2026-07-16T19:35:00.000Z,3975.140,3975.400,3969.350,3975.250,2686
2026-07-16T19:40:00.000Z,3975.180,3977.460,3975.010,3975.830,1906
2026-07-16T19:45:00.000Z,3975.770,3976.930,3973.090,3975.130,2055
2026-07-16T19:50:00.000Z,3975.230,3982.470,3973.880,3981.530,2360
2026-07-16T19:55:00.000Z,3981.680,3981.910,3976.460,3979.970,2754
2026-07-16T20:00:00.000Z,3980.010,3980.120,3977.110,3978.110,1367
2026-07-16T20:05:00.000Z,3978.020,3978.090,3975.370,3976.340,1031
2026-07-16T20:10:00.000Z,3976.320,3976.650,3974.610,3975.010,862
2026-07-16T20:15:00.000Z,3974.940,3975.290,3972.360,3972.780,826
2026-07-16T20:20:00.000Z,3972.740,3973.250,3971.990,3972.670,682
2026-07-16T20:25:00.000Z,3972.700,3975.300,3972.210,3974.870,750
2026-07-16T20:30:00.000Z,3975.020,3975.320,3973.520,3974.900,879
2026-07-16T20:35:00.000Z,3975.190,3976.350,3974.900,3975.090,974
2026-07-16T20:40:00.000Z,3975.040,3975.550,3974.460,3974.550,435
2026-07-16T20:45:00.000Z,3974.290,3976.280,3974.180,3974.710,868
2026-07-16T20:50:00.000Z,3974.790,3975.740,3974.290,3975.740,743
2026-07-16T20:55:00.000Z,3975.640,3976.810,3974.870,3976.490,480
2026-07-16T22:00:00.000Z,3975.540,3980.590,3973.790,3978.670,1011
2026-07-16T22:05:00.000Z,3978.660,3978.660,3976.610,3977.850,791
2026-07-16T22:10:00.000Z,3977.900,3978.110,3975.930,3976.270,877
2026-07-16T22:15:00.000Z,3976.300,3977.590,3975.640,3975.690,850
2026-07-16T22:20:00.000Z,3975.780,3976.090,3974.860,3975.130,750
2026-07-16T22:25:00.000Z,3975.160,3976.420,3974.880,3976.420,767
2026-07-16T22:30:00.000Z,3976.430,3976.810,3974.570,3976.000,778
2026-07-16T22:35:00.000Z,3975.980,3976.980,3975.370,3975.900,811
2026-07-16T22:40:00.000Z,3975.900,3976.370,3973.550,3973.610,711
2026-07-16T22:45:00.000Z,3973.630,3974.470,3973.320,3973.650,766
2026-07-16T22:50:00.000Z,3973.640,3975.380,3973.640,3975.160,572
2026-07-16T22:55:00.000Z,3975.160,3978.410,3975.160,3978.320,696
2026-07-16T23:00:00.000Z,3978.290,3978.820,3975.120,3978.400,1198
2026-07-16T23:05:00.000Z,3978.320,3979.300,3977.940,3978.560,912
2026-07-16T23:10:00.000Z,3978.610,3980.340,3978.070,3980.160,878
2026-07-16T23:15:00.000Z,3980.120,3980.540,3978.950,3979.130,907
2026-07-16T23:20:00.000Z,3979.150,3979.150,3977.740,3978.400,750
2026-07-16T23:25:00.000Z,3978.410,3980.630,3978.400,3978.620,760
2026-07-16T23:30:00.000Z,3978.240,3978.730,3975.730,3977.410,943
2026-07-16T23:35:00.000Z,3977.440,3981.100,3977.440,3979.630,931
2026-07-16T23:40:00.000Z,3979.630,3981.900,3979.630,3981.530,818
2026-07-16T23:45:00.000Z,3981.540,3981.630,3976.700,3978.520,1525
2026-07-16T23:50:00.000Z,3978.530,3980.820,3978.530,3980.430,1297
2026-07-16T23:55:00.000Z,3980.310,3986.430,3980.310,3985.960,1585
2026-07-17T00:00:00.000Z,3986.180,3987.060,3983.530,3985.040,2415
2026-07-17T00:05:00.000Z,3985.060,3987.360,3983.510,3986.030,2135
2026-07-17T00:10:00.000Z,3986.020,3986.970,3983.240,3983.810,1972
2026-07-17T00:15:00.000Z,3983.900,3990.990,3983.850,3988.090,2120
2026-07-17T00:20:00.000Z,3988.060,3990.350,3986.810,3986.810,2079
2026-07-17T00:25:00.000Z,3986.560,3986.650,3984.190,3984.900,1862
2026-07-17T00:30:00.000Z,3984.870,3985.080,3980.730,3981.430,1872
2026-07-17T00:35:00.000Z,3981.400,3984.630,3981.080,3981.370,1561
2026-07-17T00:40:00.000Z,3981.360,3982.830,3980.680,3982.000,1596
2026-07-17T00:45:00.000Z,3982.010,3987.410,3981.640,3986.450,2119
2026-07-17T00:50:00.000Z,3986.490,3988.480,3985.740,3987.230,1854
2026-07-17T00:55:00.000Z,3987.220,3992.050,3985.930,3992.000,1723
2026-07-17T01:00:00.000Z,3992.030,3992.190,3987.410,3988.560,3139
2026-07-17T01:05:00.000Z,3988.530,3994.930,3988.490,3990.720,2994
2026-07-17T01:10:00.000Z,3990.690,3993.430,3988.620,3992.190,2658
2026-07-17T01:15:00.000Z,3992.200,3996.190,3991.000,3993.760,2570
2026-07-17T01:20:00.000Z,3993.810,3995.480,3989.270,3990.620,2267
2026-07-17T01:25:00.000Z,3990.780,3992.060,3988.020,3991.070,2467
2026-07-17T01:30:00.000Z,3991.040,3992.920,3988.890,3992.530,2459
2026-07-17T01:35:00.000Z,3992.600,3995.380,3991.160,3992.320,2442
2026-07-17T01:40:00.000Z,3992.410,3994.650,3990.280,3991.330,2222
2026-07-17T01:45:00.000Z,3991.320,3992.650,3983.910,3984.090,2800
2026-07-17T01:50:00.000Z,3984.050,3985.130,3979.790,3979.950,2762
2026-07-17T01:55:00.000Z,3979.970,3983.430,3979.250,3983.200,2340
2026-07-17T02:00:00.000Z,3983.210,3987.310,3981.720,3983.250,2540
2026-07-17T02:05:00.000Z,3983.230,3983.280,3980.120,3980.180,2121
2026-07-17T02:10:00.000Z,3980.200,3982.010,3979.850,3980.960,1994
2026-07-17T02:15:00.000Z,3980.950,3984.220,3980.430,3983.230,1683
2026-07-17T02:20:00.000Z,3983.260,3983.850,3981.100,3983.730,1516
2026-07-17T02:25:00.000Z,3983.720,3984.440,3980.860,3983.130,1506
2026-07-17T02:30:00.000Z,3982.760,3984.220,3976.160,3977.630,2731
2026-07-17T02:35:00.000Z,3977.590,3978.840,3970.800,3973.430,2580
2026-07-17T02:40:00.000Z,3973.440,3976.750,3972.560,3974.970,2293
2026-07-17T02:45:00.000Z,3974.970,3979.360,3974.400,3977.520,2468
2026-07-17T02:50:00.000Z,3977.620,3978.900,3975.000,3978.100,2234
2026-07-17T02:55:00.000Z,3978.080,3980.170,3976.980,3979.260,1898
2026-07-17T03:00:00.000Z,3979.020,3989.640,3978.860,3989.050,2400
2026-07-17T03:05:00.000Z,3989.080,3992.710,3988.120,3990.390,2593
2026-07-17T03:10:00.000Z,3990.320,3990.640,3987.680,3988.810,2053
2026-07-17T03:15:00.000Z,3988.820,4002.620,3988.690,4002.580,2395
2026-07-17T03:20:00.000Z,4002.590,4008.710,4002.560,4003.270,2791
2026-07-17T03:25:00.000Z,4002.990,4003.960,3998.840,4001.190,2189
2026-07-17T03:30:00.000Z,4000.950,4001.610,3995.960,3998.130,1646
2026-07-17T03:35:00.000Z,3998.110,4000.430,3997.150,3999.170,1308
2026-07-17T03:40:00.000Z,3999.220,4000.130,3996.280,3997.520,1260
2026-07-17T03:45:00.000Z,3997.550,3998.430,3994.540,3995.010,1280
2026-07-17T03:50:00.000Z,3994.930,3995.980,3992.830,3993.350,1267
2026-07-17T03:55:00.000Z,3993.380,3993.490,3990.670,3991.440,1178
2026-07-17T04:00:00.000Z,3991.170,3991.710,3988.700,3989.590,1494
2026-07-17T04:05:00.000Z,3989.530,3990.460,3987.530,3987.790,1311
2026-07-17T04:10:00.000Z,3987.750,3989.650,3987.400,3988.810,1607
2026-07-17T04:15:00.000Z,3988.840,3990.130,3986.690,3988.840,1476
2026-07-17T04:20:00.000Z,3988.850,3990.200,3985.960,3986.810,1402
2026-07-17T04:25:00.000Z,3986.800,3987.110,3985.180,3986.310,1612
2026-07-17T04:30:00.000Z,3986.310,3988.140,3983.840,3985.040,1597
2026-07-17T04:35:00.000Z,3985.080,3986.390,3981.130,3983.520,1718
2026-07-17T04:40:00.000Z,3983.530,3983.870,3980.210,3982.020,1536
2026-07-17T04:45:00.000Z,3982.020,3984.620,3981.710,3981.980,1556
2026-07-17T04:50:00.000Z,3981.920,3982.530,3980.300,3981.140,1190
2026-07-17T04:55:00.000Z,3981.140,3982.080,3981.120,3981.800,1054
2026-07-17T05:00:00.000Z,3981.660,3982.800,3979.930,3982.740,1675
2026-07-17T05:05:00.000Z,3982.790,3982.810,3977.200,3978.220,1680
2026-07-17T05:10:00.000Z,3978.200,3981.230,3978.180,3979.720,1630
2026-07-17T05:15:00.000Z,3979.510,3980.320,3976.040,3976.080,1863
2026-07-17T05:20:00.000Z,3975.910,3980.110,3975.430,3979.150,1855
2026-07-17T05:25:00.000Z,3979.170,3981.720,3977.940,3979.880,1815
2026-07-17T05:30:00.000Z,3979.840,3986.340,3978.480,3982.730,3213
2026-07-17T05:35:00.000Z,3982.810,3985.950,3981.570,3985.880,2611
2026-07-17T05:40:00.000Z,3985.930,3990.480,3984.660,3986.800,2585
2026-07-17T05:45:00.000Z,3986.780,3989.290,3981.950,3988.070,2572
2026-07-17T05:50:00.000Z,3988.130,3991.450,3987.230,3989.880,2293
2026-07-17T05:55:00.000Z,3989.720,3990.020,3984.660,3985.040,2153
2026-07-17T06:00:00.000Z,3985.140,3992.130,3985.140,3992.090,2666
2026-07-17T06:05:00.000Z,3992.100,3993.060,3988.120,3988.690,2451
2026-07-17T06:10:00.000Z,3988.720,4000.880,3988.710,3999.710,2825
2026-07-17T06:15:00.000Z,3999.740,4002.530,3997.880,4002.210,2447
2026-07-17T06:20:00.000Z,4002.300,4006.040,4001.900,4003.310,2271
2026-07-17T06:25:00.000Z,4003.580,4005.340,4000.990,4003.850,2404
2026-07-17T06:30:00.000Z,4003.860,4007.200,4003.550,4004.800,2294
2026-07-17T06:35:00.000Z,4004.840,4004.870,3998.710,3999.790,2090
2026-07-17T06:40:00.000Z,3999.860,4000.120,3995.800,3996.300,2103
2026-07-17T06:45:00.000Z,3996.320,4000.020,3996.060,3997.880,1864
2026-07-17T06:50:00.000Z,3997.880,3999.470,3996.580,3997.310,1769
2026-07-17T06:55:00.000Z,3997.390,4001.570,3997.390,3999.470,2123
2026-07-17T07:00:00.000Z,3999.240,4002.590,3996.950,4000.900,2383
2026-07-17T07:05:00.000Z,4000.940,4001.850,3994.670,3995.040,2074
2026-07-17T07:10:00.000Z,3995.030,3997.030,3993.310,3996.550,2062
2026-07-17T07:15:00.000Z,3996.490,3999.370,3995.900,3997.160,1751
2026-07-17T07:20:00.000Z,3997.140,3997.550,3994.160,3997.290,1820
2026-07-17T07:25:00.000Z,3997.260,3998.210,3995.660,3996.360,1751
2026-07-17T07:30:00.000Z,3996.370,3998.270,3995.200,3996.380,1776
2026-07-17T07:35:00.000Z,3996.550,3996.990,3994.120,3996.890,1554
2026-07-17T07:40:00.000Z,3996.870,3998.730,3994.130,3998.730,1459
2026-07-17T07:45:00.000Z,3998.530,3998.770,3995.760,3996.400,1469
2026-07-17T07:50:00.000Z,3996.310,3997.350,3994.520,3994.970,1432
2026-07-17T07:55:00.000Z,3994.940,3995.890,3992.800,3992.800,1540
2026-07-17T08:00:00.000Z,3992.700,3999.850,3992.300,3999.180,2034
2026-07-17T08:05:00.000Z,3999.000,3999.220,3996.520,3997.530,1991
2026-07-17T08:10:00.000Z,3997.540,3997.570,3991.450,3993.230,2253
2026-07-17T08:15:00.000Z,3993.240,3994.730,3989.540,3990.200,2351
2026-07-17T08:20:00.000Z,3990.370,3993.060,3990.320,3992.460,2281
2026-07-17T08:25:00.000Z,3992.290,3995.110,3988.280,3992.440,2553
2026-07-17T08:30:00.000Z,3992.450,3993.490,3989.970,3991.410,1843
2026-07-17T08:35:00.000Z,3991.360,3992.350,3987.960,3989.150,1852
2026-07-17T08:40:00.000Z,3989.130,3993.390,3989.080,3993.390,1933
2026-07-17T08:45:00.000Z,3993.430,3999.500,3991.650,3998.570,2041
2026-07-17T08:50:00.000Z,3998.470,3998.520,3994.120,3995.180,1680
2026-07-17T08:55:00.000Z,3995.300,3998.290,3993.790,3994.280,1601
2026-07-17T09:00:00.000Z,3994.110,3995.510,3992.670,3993.890,2274
2026-07-17T09:05:00.000Z,3994.080,3997.810,3993.860,3996.000,1787
2026-07-17T09:10:00.000Z,3995.990,3998.530,3995.380,3997.950,1805
2026-07-17T09:15:00.000Z,3998.010,3998.390,3995.790,3996.240,1660
2026-07-17T09:20:00.000Z,3996.220,4002.220,3995.710,4001.920,1768
2026-07-17T09:25:00.000Z,4001.920,4002.470,3998.410,3999.100,1756
2026-07-17T09:30:00.000Z,3999.150,3999.800,3995.310,3995.750,1734
2026-07-17T09:35:00.000Z,3995.740,3998.010,3995.330,3997.550,1547
2026-07-17T09:40:00.000Z,3997.570,3999.170,3995.530,3995.800,1511
2026-07-17T09:45:00.000Z,3995.910,3996.900,3994.680,3995.550,1487
2026-07-17T09:50:00.000Z,3995.530,3998.650,3994.910,3997.750,1659
2026-07-17T09:55:00.000Z,3997.750,3998.130,3996.190,3998.100,1093
2026-07-17T10:00:00.000Z,3998.120,3998.740,3995.550,3996.190,1726
2026-07-17T10:05:00.000Z,3996.180,3997.340,3994.940,3996.690,1657
2026-07-17T10:10:00.000Z,3996.650,3998.510,3995.720,3997.310,1477
2026-07-17T10:15:00.000Z,3997.330,3997.950,3994.370,3994.760,1418
2026-07-17T10:20:00.000Z,3994.670,3999.100,3994.560,3995.390,1532
2026-07-17T10:25:00.000Z,3995.350,3997.060,3995.020,3996.210,1260
2026-07-17T10:30:00.000Z,3996.120,3997.560,3995.140,3996.820,1224
2026-07-17T10:35:00.000Z,3996.820,3996.820,3994.160,3995.990,1140
2026-07-17T10:40:00.000Z,3995.970,3996.790,3994.020,3996.450,1244
2026-07-17T10:45:00.000Z,3996.440,3997.320,3995.240,3995.670,1165
2026-07-17T10:50:00.000Z,3995.630,3995.900,3991.260,3993.450,1529
2026-07-17T10:55:00.000Z,3993.440,3993.910,3990.600,3990.830,1476
2026-07-17T11:00:00.000Z,3990.850,3994.280,3990.850,3992.530,1649
2026-07-17T11:05:00.000Z,3992.540,3992.900,3990.310,3991.430,1596
2026-07-17T11:10:00.000Z,3991.460,3993.340,3991.070,3991.770,1612
2026-07-17T11:15:00.000Z,3991.780,3993.700,3990.060,3993.270,1660
2026-07-17T11:20:00.000Z,3993.280,3996.000,3992.590,3993.750,1562
2026-07-17T11:25:00.000Z,3993.740,3995.840,3993.170,3995.690,1639
2026-07-17T11:30:00.000Z,3995.740,3996.540,3991.760,3993.090,1347
2026-07-17T11:35:00.000Z,3993.040,3993.990,3991.530,3993.510,1455
2026-07-17T11:40:00.000Z,3993.540,3994.830,3991.820,3992.130,1386
2026-07-17T11:45:00.000Z,3992.160,3996.120,3991.570,3993.760,1432
2026-07-17T11:50:00.000Z,3993.690,3998.730,3993.100,3998.670,1519
2026-07-17T11:55:00.000Z,3998.700,3998.700,3993.610,3994.160,1531
2026-07-17T12:00:00.000Z,3994.130,3995.540,3990.150,3990.400,1871
2026-07-17T12:05:00.000Z,3990.380,3991.680,3988.340,3990.910,1819
2026-07-17T12:10:00.000Z,3990.920,3993.840,3989.690,3989.960,1787
2026-07-17T12:15:00.000Z,3989.940,3992.330,3988.920,3991.820,1795
2026-07-17T12:20:00.000Z,3991.750,3991.930,3984.380,3985.710,2219
2026-07-17T12:25:00.000Z,3985.660,3987.800,3984.450,3987.290,1691
2026-07-17T12:30:00.000Z,3987.280,3988.290,3981.580,3981.790,2096
2026-07-17T12:35:00.000Z,3981.940,3983.130,3977.730,3977.880,1944
2026-07-17T12:40:00.000Z,3977.850,3978.450,3965.480,3969.610,2774
2026-07-17T12:45:00.000Z,3969.570,3973.180,3965.410,3967.190,2564
2026-07-17T12:50:00.000Z,3967.270,3971.140,3964.160,3969.020,2272
2026-07-17T12:55:00.000Z,3969.020,3972.600,3964.430,3966.150,2316
2026-07-17T13:00:00.000Z,3966.320,3975.890,3959.560,3974.190,3711
2026-07-17T13:05:00.000Z,3974.540,3974.710,3968.950,3969.500,2912
2026-07-17T13:10:00.000Z,3969.480,3971.560,3966.240,3970.170,2659
2026-07-17T13:15:00.000Z,3969.580,3972.420,3967.580,3970.870,2911
2026-07-17T13:20:00.000Z,3970.770,3975.050,3967.200,3969.570,2765
2026-07-17T13:25:00.000Z,3969.950,3973.440,3966.710,3968.100,2834
2026-07-17T13:30:00.000Z,3968.110,3972.280,3963.790,3965.910,3695
2026-07-17T13:35:00.000Z,3965.880,4003.470,3965.360,3993.870,4026
2026-07-17T13:40:00.000Z,3994.000,3994.140,3982.390,3985.040,3731
2026-07-17T13:45:00.000Z,3985.050,3990.800,3981.270,3989.930,3629
2026-07-17T13:50:00.000Z,3989.620,3994.130,3988.210,3989.060,3478
2026-07-17T13:55:00.000Z,3989.050,3997.620,3987.950,3997.410,2804
2026-07-17T14:00:00.000Z,3997.140,4000.100,3990.250,3994.520,3572
2026-07-17T14:05:00.000Z,3994.290,4000.670,3994.290,3996.650,3458
2026-07-17T14:10:00.000Z,3996.790,4000.500,3994.140,3994.720,3094
2026-07-17T14:15:00.000Z,3995.240,4000.400,3993.860,3997.320,3356
2026-07-17T14:20:00.000Z,3997.330,4004.530,3996.240,4002.800,3261
2026-07-17T14:25:00.000Z,4002.820,4004.140,3997.990,3998.610,3233
2026-07-17T14:30:00.000Z,3998.700,3998.940,3992.200,3994.620,3022
2026-07-17T14:35:00.000Z,3994.590,3999.670,3994.350,3997.530,2943
2026-07-17T14:40:00.000Z,3997.450,3998.700,3995.150,3997.820,2524
2026-07-17T14:45:00.000Z,3997.790,4000.440,3994.670,3995.660,2840
2026-07-17T14:50:00.000Z,3995.890,3998.980,3993.350,3994.180,2689
2026-07-17T14:55:00.000Z,3994.190,4001.400,3992.960,4001.250,2628
2026-07-17T15:00:00.000Z,4001.140,4013.640,3997.860,4012.480,3090
2026-07-17T15:05:00.000Z,4012.340,4014.080,4003.180,4008.430,3401
2026-07-17T15:10:00.000Z,4007.990,4013.670,4003.190,4006.050,2868
2026-07-17T15:15:00.000Z,4005.910,4008.300,4004.710,4005.590,2806
2026-07-17T15:20:00.000Z,4005.570,4012.440,4004.960,4008.540,2808
2026-07-17T15:25:00.000Z,4008.530,4013.380,4006.360,4013.380,2794
2026-07-17T15:30:00.000Z,4013.430,4015.890,4009.330,4011.010,3077
2026-07-17T15:35:00.000Z,4011.120,4016.170,4010.130,4014.320,2921
2026-07-17T15:40:00.000Z,4014.310,4015.940,4011.850,4015.420,2441
2026-07-17T15:45:00.000Z,4015.400,4018.130,4013.870,4016.590,2543
2026-07-17T15:50:00.000Z,4016.550,4020.950,4016.500,4020.360,2579
2026-07-17T15:55:00.000Z,4020.420,4021.200,4017.470,4019.170,2277
2026-07-17T16:00:00.000Z,4019.320,4019.450,4011.010,4017.220,3374
2026-07-17T16:05:00.000Z,4017.230,4019.060,4014.610,4017.870,2975
2026-07-17T16:10:00.000Z,4017.960,4020.440,4017.850,4018.010,2591
2026-07-17T16:15:00.000Z,4018.130,4021.710,4018.050,4021.260,2539
2026-07-17T16:20:00.000Z,4021.280,4023.860,4018.170,4023.750,2480
2026-07-17T16:25:00.000Z,4023.740,4023.740,4016.910,4018.790,2596
2026-07-17T16:30:00.000Z,4018.910,4019.390,4015.500,4016.330,2295
2026-07-17T16:35:00.000Z,4016.330,4017.010,4013.310,4013.940,2189
2026-07-17T16:40:00.000Z,4014.010,4017.850,4012.940,4017.520,2054
2026-07-17T16:45:00.000Z,4017.530,4020.260,4016.540,4020.100,2202
2026-07-17T16:50:00.000Z,4020.160,4020.670,4015.670,4016.130,2188
2026-07-17T16:55:00.000Z,4016.210,4016.410,4014.770,4015.050,1813
2026-07-17T17:00:00.000Z,4015.140,4019.300,4015.140,4017.280,2228
2026-07-17T17:05:00.000Z,4017.190,4018.580,4016.540,4017.770,1762
2026-07-17T17:10:00.000Z,4017.720,4018.320,4013.380,4013.440,1734
2026-07-17T17:15:00.000Z,4013.410,4015.420,4012.990,4013.110,2148
2026-07-17T17:20:00.000Z,4013.130,4015.700,4012.590,4014.830,1995
2026-07-17T17:25:00.000Z,4014.840,4016.000,4013.340,4013.970,1940
2026-07-17T17:30:00.000Z,4013.840,4014.570,4011.530,4012.460,1494
2026-07-17T17:35:00.000Z,4012.550,4013.010,4010.350,4012.440,1826
2026-07-17T17:40:00.000Z,4012.400,4012.470,4009.750,4011.000,1704
2026-07-17T17:45:00.000Z,4010.810,4013.030,4010.450,4012.960,1596
2026-07-17T17:50:00.000Z,4012.970,4013.330,4008.430,4009.450,1884
2026-07-17T17:55:00.000Z,4009.460,4010.460,4008.530,4010.100,1701
2026-07-17T18:00:00.000Z,4010.310,4011.260,4007.840,4010.070,1831
2026-07-17T18:05:00.000Z,4010.080,4012.480,4009.420,4012.200,1776
2026-07-17T18:10:00.000Z,4012.190,4012.980,4009.980,4010.480,1656
2026-07-17T18:15:00.000Z,4010.470,4013.260,4009.130,4012.160,2010
2026-07-17T18:20:00.000Z,4012.130,4013.300,4010.550,4012.220,1851
2026-07-17T18:25:00.000Z,4012.190,4016.190,4011.600,4015.520,2036
2026-07-17T18:30:00.000Z,4015.370,4016.220,4011.470,4013.210,1959
2026-07-17T18:35:00.000Z,4013.200,4013.280,4011.500,4011.560,1512
2026-07-17T18:40:00.000Z,4011.550,4011.860,4007.350,4008.270,1693
2026-07-17T18:45:00.000Z,4008.230,4009.020,4006.660,4007.730,1596
2026-07-17T18:50:00.000Z,4007.610,4010.460,4007.190,4010.460,1465
2026-07-17T18:55:00.000Z,4010.790,4012.320,4010.010,4011.320,1628
2026-07-17T19:00:00.000Z,4011.400,4011.500,4007.620,4008.140,1744
2026-07-17T19:05:00.000Z,4008.240,4008.380,4005.050,4005.520,1430
2026-07-17T19:10:00.000Z,4005.530,4006.310,4004.480,4005.880,1392
2026-07-17T19:15:00.000Z,4005.800,4006.760,4004.640,4006.380,1607
2026-07-17T19:20:00.000Z,4006.370,4006.370,4002.280,4002.650,1531
2026-07-17T19:25:00.000Z,4002.580,4005.630,4002.530,4005.420,1647
2026-07-17T19:30:00.000Z,4005.580,4007.360,4005.020,4006.430,1788
2026-07-17T19:35:00.000Z,4006.410,4009.060,4005.860,4006.710,1404
2026-07-17T19:40:00.000Z,4006.680,4010.140,4006.060,4009.970,1612
2026-07-17T19:45:00.000Z,4010.020,4011.370,4009.420,4010.630,1908
2026-07-17T19:50:00.000Z,4010.680,4015.910,4010.590,4015.710,2148
2026-07-17T19:55:00.000Z,4015.670,4016.630,4014.870,4015.470,2249
2026-07-17T20:00:00.000Z,4015.540,4015.900,4012.600,4014.070,1466
2026-07-17T20:05:00.000Z,4014.020,4014.020,4012.330,4013.610,1103
2026-07-17T20:10:00.000Z,4013.620,4013.750,4012.190,4012.250,704
2026-07-17T20:15:00.000Z,4012.240,4012.620,4009.240,4009.360,704
2026-07-17T20:20:00.000Z,4009.380,4010.710,4009.020,4010.380,810
2026-07-17T20:25:00.000Z,4010.420,4011.510,4009.180,4010.890,636
2026-07-17T20:30:00.000Z,4010.950,4011.090,4008.710,4009.400,782
2026-07-17T20:35:00.000Z,4009.330,4010.930,4009.280,4010.790,652
2026-07-17T20:40:00.000Z,4010.710,4013.500,4010.580,4013.430,619
2026-07-17T20:45:00.000Z,4013.290,4017.100,4013.230,4015.760,1091
2026-07-17T20:50:00.000Z,4015.810,4018.400,4015.320,4016.500,534
2026-07-17T20:55:00.000Z,4016.390,4018.130,4014.760,4016.810,270
2026-07-19T22:00:00.000Z,4001.880,4004.160,3994.860,3996.700,1877
2026-07-19T22:05:00.000Z,3996.690,4002.270,3994.980,3997.750,1907
2026-07-19T22:10:00.000Z,3997.800,3998.150,3996.300,3996.660,1240
2026-07-19T22:15:00.000Z,3996.230,3999.990,3995.810,3999.740,1381
2026-07-19T22:20:00.000Z,3999.700,4000.330,3997.270,3998.100,1285
2026-07-19T22:25:00.000Z,3998.100,3998.100,3994.970,3995.030,1300
2026-07-19T22:30:00.000Z,3994.970,3999.020,3993.480,3998.260,1454
2026-07-19T22:35:00.000Z,3998.270,3998.890,3996.630,3997.220,880
2026-07-19T22:40:00.000Z,3997.160,3999.440,3996.640,3996.890,1225
2026-07-19T22:45:00.000Z,3996.880,3998.400,3995.980,3997.460,964
2026-07-19T22:50:00.000Z,3997.530,3998.180,3996.620,3997.050,798
2026-07-19T22:55:00.000Z,3997.010,3998.460,3994.790,3994.860,913
2026-07-19T23:00:00.000Z,3994.940,3995.580,3991.650,3994.930,1514
2026-07-19T23:05:00.000Z,3994.930,3995.350,3993.390,3994.430,1054
2026-07-19T23:10:00.000Z,3994.440,3994.630,3990.590,3991.220,1237
2026-07-19T23:15:00.000Z,3991.220,3993.970,3991.040,3991.330,973
2026-07-19T23:20:00.000Z,3991.340,3993.420,3990.620,3993.290,998
2026-07-19T23:25:00.000Z,3993.350,3993.880,3992.060,3993.120,921
2026-07-19T23:30:00.000Z,3993.130,3994.290,3992.190,3994.160,940
2026-07-19T23:35:00.000Z,3994.140,3994.480,3991.420,3993.270,1167
2026-07-19T23:40:00.000Z,3993.280,3993.540,3990.060,3992.520,1389
2026-07-19T23:45:00.000Z,3992.520,3993.540,3989.610,3991.460,1802
2026-07-19T23:50:00.000Z,3991.420,3996.050,3991.420,3993.240,1820
2026-07-19T23:55:00.000Z,3993.250,3995.640,3992.740,3995.440,1550
2026-07-20T00:00:00.000Z,3995.410,3995.730,3982.810,3987.190,2812
2026-07-20T00:05:00.000Z,3987.210,3991.650,3986.380,3988.530,2269
2026-07-20T00:10:00.000Z,3988.600,3998.810,3987.570,3996.120,2352
2026-07-20T00:15:00.000Z,3996.170,4000.190,3993.900,3999.890,2252
2026-07-20T00:20:00.000Z,3999.960,4005.500,3999.060,4002.800,2431
2026-07-20T00:25:00.000Z,4002.530,4005.140,4001.270,4003.850,2147
2026-07-20T00:30:00.000Z,4003.830,4003.940,3998.680,4002.210,2282
2026-07-20T00:35:00.000Z,4002.190,4007.290,4000.050,4000.050,2213
2026-07-20T00:40:00.000Z,4000.060,4003.670,3998.500,3998.770,2058
2026-07-20T00:45:00.000Z,3998.770,4003.010,3998.770,3999.810,1873
2026-07-20T00:50:00.000Z,3999.820,4002.320,3998.600,4002.000,1591
2026-07-20T00:55:00.000Z,4001.980,4010.020,4000.530,4008.610,2240
2026-07-20T01:00:00.000Z,4008.840,4016.230,4005.950,4013.900,3911
2026-07-20T01:05:00.000Z,4013.880,4016.920,4010.400,4016.770,2964
2026-07-20T01:10:00.000Z,4016.710,4020.770,4009.300,4010.210,3002
2026-07-20T01:15:00.000Z,4010.160,4010.320,4003.930,4004.520,2837
2026-07-20T01:20:00.000Z,4004.500,4005.120,4000.060,4000.970,2650
2026-07-20T01:25:00.000Z,4000.690,4004.640,3999.890,4003.150,2372
2026-07-20T01:30:00.000Z,4003.160,4005.700,4002.450,4004.320,2753
2026-07-20T01:35:00.000Z,4004.260,4004.720,4000.460,4001.970,2417
2026-07-20T01:40:00.000Z,4002.010,4002.850,3995.800,3997.130,2643
2026-07-20T01:45:00.000Z,3997.240,4004.380,3997.050,4003.930,2409
2026-07-20T01:50:00.000Z,4003.910,4003.910,3997.820,3998.720,2383
2026-07-20T01:55:00.000Z,3998.730,4004.080,3998.310,4002.310,2327
2026-07-20T02:00:00.000Z,4002.350,4009.970,4001.430,4008.410,2810
2026-07-20T02:05:00.000Z,4008.390,4008.820,4004.840,4007.560,2321
2026-07-20T02:10:00.000Z,4007.540,4007.790,4005.080,4006.290,2060
2026-07-20T02:15:00.000Z,4006.300,4006.800,4004.160,4004.620,1556
2026-07-20T02:20:00.000Z,4004.630,4008.110,4004.630,4007.410,1641
2026-07-20T02:25:00.000Z,4007.420,4008.810,4006.270,4006.930,1817
2026-07-20T02:30:00.000Z,4006.940,4012.790,4006.070,4010.530,2609
2026-07-20T02:35:00.000Z,4010.540,4014.410,4010.540,4013.180,2267
2026-07-20T02:40:00.000Z,4013.180,4016.220,4009.570,4014.870,2191
2026-07-20T02:45:00.000Z,4014.930,4028.710,4014.010,4025.160,2700
2026-07-20T02:50:00.000Z,4025.150,4026.720,4020.870,4023.120,2467
2026-07-20T02:55:00.000Z,4023.150,4024.060,4021.400,4021.970,2065
2026-07-20T03:00:00.000Z,4021.960,4022.760,4020.010,4021.210,2332
2026-07-20T03:05:00.000Z,4021.140,4021.860,4018.660,4020.560,2358
2026-07-20T03:10:00.000Z,4020.570,4024.490,4020.250,4024.270,2290
2026-07-20T03:15:00.000Z,4024.280,4026.180,4023.420,4025.500,2360
2026-07-20T03:20:00.000Z,4025.510,4026.770,4024.370,4025.590,2204
2026-07-20T03:25:00.000Z,4025.590,4025.730,4021.700,4022.240,1934
2026-07-20T03:30:00.000Z,4022.360,4024.800,4019.020,4020.130,1726
2026-07-20T03:35:00.000Z,4020.130,4025.590,4018.830,4024.920,1642
2026-07-20T03:40:00.000Z,4024.910,4027.930,4024.540,4027.230,1511
2026-07-20T03:45:00.000Z,4027.240,4027.850,4026.030,4026.120,1476
2026-07-20T03:50:00.000Z,4026.110,4027.460,4024.670,4024.740,1393
2026-07-20T03:55:00.000Z,4024.730,4024.790,4022.890,4024.140,1401
2026-07-20T04:00:00.000Z,4024.100,4026.730,4023.980,4025.940,1546
2026-07-20T04:05:00.000Z,4025.950,4026.540,4024.080,4024.220,1176
2026-07-20T04:10:00.000Z,4024.310,4024.910,4021.510,4021.540,1166
2026-07-20T04:15:00.000Z,4021.540,4023.570,4021.540,4023.320,1019
2026-07-20T04:20:00.000Z,4023.330,4024.370,4021.500,4021.510,1070
2026-07-20T04:25:00.000Z,4021.530,4025.560,4021.530,4025.330,1241
2026-07-20T04:30:00.000Z,4025.330,4025.480,4022.320,4023.770,1469
2026-07-20T04:35:00.000Z,4023.800,4024.490,4022.480,4023.380,1167
2026-07-20T04:40:00.000Z,4023.370,4023.870,4022.550,4023.110,1050
2026-07-20T04:45:00.000Z,4023.100,4023.100,4019.450,4020.100,1313
2026-07-20T04:50:00.000Z,4020.020,4022.110,4019.420,4021.290,1187
2026-07-20T04:55:00.000Z,4021.280,4021.930,4018.580,4018.880,1021
2026-07-20T05:00:00.000Z,4018.970,4021.120,4017.040,4017.890,1382
2026-07-20T05:05:00.000Z,4017.910,4019.310,4015.520,4015.970,1248
2026-07-20T05:10:00.000Z,4015.940,4016.010,4011.830,4014.120,1703
2026-07-20T05:15:00.000Z,4013.910,4014.790,4012.860,4013.550,1421
2026-07-20T05:20:00.000Z,4013.500,4013.520,4011.160,4012.170,1199
2026-07-20T05:25:00.000Z,4012.150,4013.240,4009.960,4010.890,1491
2026-07-20T05:30:00.000Z,4010.920,4014.470,4010.150,4010.920,2699
2026-07-20T05:35:00.000Z,4010.920,4011.190,4007.960,4010.180,2290
2026-07-20T05:40:00.000Z,4010.110,4012.600,4009.200,4009.980,2207
2026-07-20T05:45:00.000Z,4009.970,4010.450,4005.740,4005.760,2333
2026-07-20T05:50:00.000Z,4006.000,4008.960,4005.450,4007.490,1999
2026-07-20T05:55:00.000Z,4007.450,4010.800,4007.300,4008.710,1908
2026-07-20T06:00:00.000Z,4008.680,4011.720,4008.680,4010.580,2208
2026-07-20T06:05:00.000Z,4010.600,4011.760,4007.080,4009.750,2109
2026-07-20T06:10:00.000Z,4009.730,4010.180,4006.870,4007.530,1865
2026-07-20T06:15:00.000Z,4007.520,4009.460,4006.530,4008.900,2080
2026-07-20T06:20:00.000Z,4008.890,4009.560,4006.810,4008.400,1950
2026-07-20T06:25:00.000Z,4008.410,4008.640,4004.110,4004.910,1881
2026-07-20T06:30:00.000Z,4004.930,4005.700,4003.070,4004.740,2117
2026-07-20T06:35:00.000Z,4004.930,4005.060,4003.370,4004.700,1927
2026-07-20T06:40:00.000Z,4004.690,4006.600,4003.930,4004.830,1598
2026-07-20T06:45:00.000Z,4004.850,4007.560,4004.850,4006.320,1614
2026-07-20T06:50:00.000Z,4006.300,4007.530,4003.340,4005.250,1698
2026-07-20T06:55:00.000Z,4005.390,4005.720,4003.300,4003.850,1652
2026-07-20T07:00:00.000Z,4003.950,4006.570,4002.060,4005.180,1939
2026-07-20T07:05:00.000Z,4005.160,4006.830,4004.920,4005.470,1470
2026-07-20T07:10:00.000Z,4005.450,4005.720,4003.160,4004.310,1715
2026-07-20T07:15:00.000Z,4004.300,4004.600,4002.280,4003.870,1237
2026-07-20T07:20:00.000Z,4003.940,4008.690,4003.140,4008.590,2087
2026-07-20T07:25:00.000Z,4008.570,4008.570,4003.530,4006.840,1998
2026-07-20T07:30:00.000Z,4006.760,4013.560,4006.680,4013.020,2415
2026-07-20T07:35:00.000Z,4013.110,4018.180,4013.010,4016.490,2302
2026-07-20T07:40:00.000Z,4016.490,4021.110,4016.110,4021.110,2277
2026-07-20T07:45:00.000Z,4021.230,4021.880,4016.440,4017.940,2248
2026-07-20T07:50:00.000Z,4017.930,4018.670,4015.860,4017.390,1433
2026-07-20T07:55:00.000Z,4017.400,4019.120,4016.890,4017.360,1784
2026-07-20T08:00:00.000Z,4017.510,4025.570,4017.440,4023.270,2423
2026-07-20T08:05:00.000Z,4023.380,4023.380,4018.760,4019.990,1787
2026-07-20T08:10:00.000Z,4020.110,4024.700,4019.330,4024.180,1704
2026-07-20T08:15:00.000Z,4024.190,4027.900,4023.690,4025.240,1905
2026-07-20T08:20:00.000Z,4025.380,4030.290,4023.210,4029.240,1873
2026-07-20T08:25:00.000Z,4029.270,4029.520,4021.990,4022.120,1820
2026-07-20T08:30:00.000Z,4022.050,4022.230,4019.000,4021.800,1828
2026-07-20T08:35:00.000Z,4021.820,4024.440,4020.120,4024.110,1434
2026-07-20T08:40:00.000Z,4024.130,4024.910,4021.600,4021.850,1361
2026-07-20T08:45:00.000Z,4022.010,4022.860,4020.260,4021.920,1480
2026-07-20T08:50:00.000Z,4021.940,4022.310,4017.540,4018.950,1672
2026-07-20T08:55:00.000Z,4018.960,4020.480,4018.640,4019.000,1340
2026-07-20T09:00:00.000Z,4018.950,4020.660,4018.330,4018.580,1500
2026-07-20T09:05:00.000Z,4018.550,4019.670,4015.300,4018.030,1751
2026-07-20T09:10:00.000Z,4018.020,4021.070,4018.020,4019.440,1338
2026-07-20T09:15:00.000Z,4019.430,4022.110,4019.370,4019.720,1364
2026-07-20T09:20:00.000Z,4019.560,4020.790,4019.220,4019.940,1200
2026-07-20T09:25:00.000Z,4019.960,4019.960,4015.560,4016.470,1436
2026-07-20T09:30:00.000Z,4016.350,4018.780,4015.000,4018.420,1902
2026-07-20T09:35:00.000Z,4018.450,4020.550,4018.160,4020.090,1253
2026-07-20T09:40:00.000Z,4020.070,4021.020,4019.060,4019.220,1383
2026-07-20T09:45:00.000Z,4019.100,4023.290,4017.650,4022.860,1473
2026-07-20T09:50:00.000Z,4022.870,4023.010,4019.140,4020.500,1519
2026-07-20T09:55:00.000Z,4020.520,4021.240,4018.970,4021.200,1253
2026-07-20T10:00:00.000Z,4021.220,4021.380,4018.270,4020.440,1506
2026-07-20T10:05:00.000Z,4020.410,4021.590,4019.820,4020.420,1199
2026-07-20T10:10:00.000Z,4020.480,4021.800,4020.060,4020.850,1212
2026-07-20T10:15:00.000Z,4020.850,4021.460,4018.820,4019.420,1234
2026-07-20T10:20:00.000Z,4019.400,4023.050,4019.400,4021.570,1351
2026-07-20T10:25:00.000Z,4021.440,4023.290,4021.170,4021.890,1212
2026-07-20T10:30:00.000Z,4021.830,4024.300,4021.520,4022.880,1233
2026-07-20T10:35:00.000Z,4022.890,4022.920,4021.260,4022.520,1264
2026-07-20T10:40:00.000Z,4022.530,4023.190,4021.550,4022.290,1166
2026-07-20T10:45:00.000Z,4022.290,4022.900,4021.060,4021.260,1165
2026-07-20T10:50:00.000Z,4021.370,4025.650,4020.990,4024.660,1297
2026-07-20T10:55:00.000Z,4024.960,4025.040,4022.600,4024.200,1252
2026-07-20T11:00:00.000Z,4024.000,4027.320,4022.910,4024.430,2017
2026-07-20T11:05:00.000Z,4024.410,4025.380,4022.720,4022.770,1450
2026-07-20T11:10:00.000Z,4022.780,4022.940,4019.680,4022.150,1515
2026-07-20T11:15:00.000Z,4022.200,4023.850,4021.680,4023.140,1209
2026-07-20T11:20:00.000Z,4023.160,4023.160,4021.240,4021.580,1027
2026-07-20T11:25:00.000Z,4021.560,4023.650,4020.020,4022.250,1280
2026-07-20T11:30:00.000Z,4022.240,4040.800,4021.530,4036.950,4146
2026-07-20T11:35:00.000Z,4037.020,4037.830,4029.550,4032.540,3102
2026-07-20T11:40:00.000Z,4032.490,4033.430,4029.380,4032.590,2506
2026-07-20T11:45:00.000Z,4032.170,4032.410,4026.750,4027.780,2280
2026-07-20T11:50:00.000Z,4027.790,4028.580,4025.470,4027.840,2097
2026-07-20T11:55:00.000Z,4027.930,4028.800,4025.100,4025.390,1764
2026-07-20T12:00:00.000Z,4025.270,4025.300,4012.330,4014.450,3426
2026-07-20T12:05:00.000Z,4014.430,4017.650,4012.900,4016.150,2535
2026-07-20T12:10:00.000Z,4016.180,4016.950,4011.570,4012.800,2337
2026-07-20T12:15:00.000Z,4012.530,4014.910,4010.130,4013.710,2262
2026-07-20T12:20:00.000Z,4013.680,4013.680,4006.890,4007.900,2441
2026-07-20T12:25:00.000Z,4007.720,4013.330,4007.060,4013.010,1928
2026-07-20T12:30:00.000Z,4013.000,4014.140,4011.170,4012.830,2219
2026-07-20T12:35:00.000Z,4012.840,4014.830,4011.880,4011.910,1850
2026-07-20T12:40:00.000Z,4011.920,4011.920,4006.620,4010.010,2224
2026-07-20T12:45:00.000Z,4009.980,4015.710,4009.090,4012.020,2438
2026-07-20T12:50:00.000Z,4011.950,4012.190,4009.220,4009.400,1881
2026-07-20T12:55:00.000Z,4009.410,4010.470,4008.100,4008.280,1850
2026-07-20T13:00:00.000Z,4008.270,4013.910,4007.940,4012.640,2974
2026-07-20T13:05:00.000Z,4012.410,4012.880,4008.460,4008.630,2169
2026-07-20T13:10:00.000Z,4008.610,4011.170,4008.000,4008.790,2216
2026-07-20T13:15:00.000Z,4008.780,4011.820,4007.080,4010.100,2159
2026-07-20T13:20:00.000Z,4010.270,4012.640,4009.400,4012.130,1995
2026-07-20T13:25:00.000Z,4011.830,4012.710,4007.990,4008.640,2096
2026-07-20T13:30:00.000Z,4009.060,4015.490,4008.270,4014.040,2849
2026-07-20T13:35:00.000Z,4013.950,4014.340,4008.730,4014.230,2753
2026-07-20T13:40:00.000Z,4014.340,4017.380,4012.470,4013.060,2895
2026-07-20T13:45:00.000Z,4013.090,4013.340,4009.450,4010.860,2538
2026-07-20T13:50:00.000Z,4010.860,4013.360,4007.260,4010.130,2686
2026-07-20T13:55:00.000Z,4010.060,4011.940,4005.440,4005.820,2695
2026-07-20T14:00:00.000Z,4005.720,4007.880,4001.260,4003.950,3136
2026-07-20T14:05:00.000Z,4004.040,4005.700,4000.720,4000.950,2942
2026-07-20T14:10:00.000Z,4000.970,4002.110,3998.360,3998.830,2971
2026-07-20T14:15:00.000Z,3998.940,4002.730,3998.430,4002.280,2869
2026-07-20T14:20:00.000Z,4002.030,4003.000,3998.320,4002.810,2690
2026-07-20T14:25:00.000Z,4002.830,4006.800,4002.580,4006.690,2644
2026-07-20T14:30:00.000Z,4006.750,4009.750,4006.120,4009.680,2646
2026-07-20T14:35:00.000Z,4009.690,4010.480,4007.130,4009.780,2303
2026-07-20T14:40:00.000Z,4009.770,4010.940,4007.080,4007.440,2246
2026-07-20T14:45:00.000Z,4007.360,4013.460,4006.920,4012.900,2665
2026-07-20T14:50:00.000Z,4012.810,4013.240,4008.110,4008.110,2200
2026-07-20T14:55:00.000Z,4008.120,4008.180,4005.130,4006.220,2648
2026-07-20T15:00:00.000Z,4006.410,4010.880,4004.410,4009.440,2735
2026-07-20T15:05:00.000Z,4009.430,4019.390,4006.970,4019.380,2717
2026-07-20T15:10:00.000Z,4018.520,4018.830,4012.540,4014.330,2729
2026-07-20T15:15:00.000Z,4014.320,4015.510,4011.140,4012.410,2180
2026-07-20T15:20:00.000Z,4012.410,4015.030,4011.290,4015.020,2109
2026-07-20T15:25:00.000Z,4015.160,4016.690,4014.860,4016.520,1916
2026-07-20T15:30:00.000Z,4016.510,4016.890,4012.710,4013.320,2136
2026-07-20T15:35:00.000Z,4013.270,4014.500,4010.330,4011.290,2148
2026-07-20T15:40:00.000Z,4011.150,4013.010,4010.380,4012.940,1931
2026-07-20T15:45:00.000Z,4012.950,4015.160,4012.110,4014.790,1844
2026-07-20T15:50:00.000Z,4014.770,4016.450,4014.290,4014.350,1932
2026-07-20T15:55:00.000Z,4014.440,4015.190,4011.820,4011.880,1596
2026-07-20T16:00:00.000Z,4011.890,4015.930,4011.330,4015.600,1866
2026-07-20T16:05:00.000Z,4015.540,4018.420,4015.200,4017.440,1661
2026-07-20T16:10:00.000Z,4017.430,4018.290,4012.820,4013.820,1627
2026-07-20T16:15:00.000Z,4013.850,4014.450,4012.150,4012.350,1600
2026-07-20T16:20:00.000Z,4012.360,4012.760,4011.770,4012.080,1137
2026-07-20T16:25:00.000Z,4012.090,4013.420,4010.820,4012.600,1528
2026-07-20T16:30:00.000Z,4012.620,4012.740,4009.240,4009.500,1803
2026-07-20T16:35:00.000Z,4009.500,4012.150,4009.340,4012.080,1514
2026-07-20T16:40:00.000Z,4012.100,4012.400,4001.430,4009.650,2485
2026-07-20T16:45:00.000Z,4009.640,4010.380,4007.180,4009.000,1845
2026-07-20T16:50:00.000Z,4008.980,4009.060,4007.320,4008.390,1562
2026-07-20T16:55:00.000Z,4008.380,4010.580,4007.940,4009.870,1462
2026-07-20T17:00:00.000Z,4009.850,4012.390,4009.840,4011.260,1579
2026-07-20T17:05:00.000Z,4011.220,4012.100,4010.200,4011.820,1359
2026-07-20T17:10:00.000Z,4011.800,4012.160,4009.580,4010.180,1373
2026-07-20T17:15:00.000Z,4010.160,4011.620,4008.960,4010.560,1382
2026-07-20T17:20:00.000Z,4010.550,4013.010,4009.910,4011.490,1624
2026-07-20T17:25:00.000Z,4011.500,4012.870,4010.980,4012.140,1660
2026-07-20T17:30:00.000Z,4012.250,4013.050,4010.760,4012.220,1460
2026-07-20T17:35:00.000Z,4012.160,4012.680,4009.950,4010.090,1322
2026-07-20T17:40:00.000Z,4010.050,4010.480,4007.830,4008.070,1457
2026-07-20T17:45:00.000Z,4008.070,4008.070,4005.640,4005.880,1503
2026-07-20T17:50:00.000Z,4005.730,4005.990,4003.860,4004.790,1640
2026-07-20T17:55:00.000Z,4004.770,4005.520,4003.810,4005.310,1467
2026-07-20T18:00:00.000Z,4005.330,4008.920,4005.310,4007.510,1699
2026-07-20T18:05:00.000Z,4007.480,4009.930,4007.280,4009.650,1210
2026-07-20T18:10:00.000Z,4009.710,4010.910,4008.390,4008.820,1138
2026-07-20T18:15:00.000Z,4008.830,4011.800,4007.410,4008.030,1582
2026-07-20T18:20:00.000Z,4008.020,4008.350,4003.390,4004.970,1878
2026-07-20T18:25:00.000Z,4004.820,4007.390,4004.340,4006.720,1694
2026-07-20T18:30:00.000Z,4006.830,4007.100,4004.420,4005.030,1752
2026-07-20T18:35:00.000Z,4005.000,4006.770,4005.000,4006.450,1359
2026-07-20T18:40:00.000Z,4006.440,4007.500,4005.640,4006.520,1526
2026-07-20T18:45:00.000Z,4006.460,4008.730,4005.380,4007.990,1581
2026-07-20T18:50:00.000Z,4007.950,4008.830,4006.900,4007.640,1400
2026-07-20T18:55:00.000Z,4007.590,4007.800,4005.950,4007.390,1275
2026-07-20T19:00:00.000Z,4007.230,4008.140,4005.010,4005.820,1422
2026-07-20T19:05:00.000Z,4005.850,4006.960,4004.720,4006.560,1397
2026-07-20T19:10:00.000Z,4006.570,4007.470,4004.450,4004.670,1481
2026-07-20T19:15:00.000Z,4004.660,4008.360,4004.340,4008.300,1481
2026-07-20T19:20:00.000Z,4008.310,4010.280,4007.990,4008.000,1402
2026-07-20T19:25:00.000Z,4007.840,4012.890,4006.850,4012.820,1425
2026-07-20T19:30:00.000Z,4012.520,4017.940,4012.010,4013.860,2276
2026-07-20T19:35:00.000Z,4013.770,4014.170,4009.910,4010.940,1830
2026-07-20T19:40:00.000Z,4010.970,4011.050,4005.350,4005.900,1525
2026-07-20T19:45:00.000Z,4005.880,4009.810,4005.680,4008.930,1584
2026-07-20T19:50:00.000Z,4008.940,4010.010,4008.160,4009.710,1600
2026-07-20T19:55:00.000Z,4009.800,4009.800,4006.000,4007.020,1819
2026-07-20T20:00:00.000Z,4007.200,4009.220,4006.670,4008.420,1385
2026-07-20T20:05:00.000Z,4008.380,4009.320,4005.780,4006.200,1035
2026-07-20T20:10:00.000Z,4006.290,4008.330,4006.170,4007.720,902
2026-07-20T20:15:00.000Z,4007.760,4008.380,4007.200,4007.350,626
2026-07-20T20:20:00.000Z,4007.350,4008.980,4007.350,4008.360,673
2026-07-20T20:25:00.000Z,4008.350,4009.170,4008.110,4008.250,652
2026-07-20T20:30:00.000Z,4008.340,4009.250,4007.400,4009.190,567
2026-07-20T20:35:00.000Z,4009.090,4009.390,4008.130,4008.730,512
2026-07-20T20:40:00.000Z,4008.670,4009.420,4008.210,4008.810,421
2026-07-20T20:45:00.000Z,4008.660,4008.700,4007.780,4007.920,409
2026-07-20T20:50:00.000Z,4007.970,4008.640,4007.320,4008.310,417
2026-07-20T20:55:00.000Z,4008.140,4008.820,4007.120,4007.560,599
2026-07-20T22:00:00.000Z,4010.070,4010.590,4008.130,4008.190,804
2026-07-20T22:05:00.000Z,4008.180,4008.220,4006.000,4006.360,740
2026-07-20T22:10:00.000Z,4006.360,4007.720,4006.140,4007.070,755
2026-07-20T22:15:00.000Z,4007.080,4007.550,4006.140,4007.170,798
2026-07-20T22:20:00.000Z,4007.160,4008.230,4005.100,4008.000,1261
2026-07-20T22:25:00.000Z,4008.000,4010.700,4007.790,4009.840,1042
2026-07-20T22:30:00.000Z,4009.840,4009.840,4006.980,4008.250,898
2026-07-20T22:35:00.000Z,4008.110,4008.660,4005.720,4008.040,1450
2026-07-20T22:40:00.000Z,4008.050,4008.160,4003.030,4004.260,1215
2026-07-20T22:45:00.000Z,4004.250,4008.220,4001.970,4001.970,1151
2026-07-20T22:50:00.000Z,4001.940,4003.050,3999.970,4000.930,1397
2026-07-20T22:55:00.000Z,4000.980,4002.870,3999.760,4000.450,1434
2026-07-20T23:00:00.000Z,4000.650,4005.260,4000.200,4004.310,1520
2026-07-20T23:05:00.000Z,4004.350,4009.810,4004.290,4008.910,1397
2026-07-20T23:10:00.000Z,4008.910,4008.910,4000.760,4003.210,1629
2026-07-20T23:15:00.000Z,4003.240,4007.350,4003.200,4006.440,966
2026-07-20T23:20:00.000Z,4006.450,4006.800,4004.040,4005.030,962
2026-07-20T23:25:00.000Z,4004.670,4005.230,4003.230,4003.760,1019
2026-07-20T23:30:00.000Z,4003.620,4007.820,4003.540,4006.150,863
2026-07-20T23:35:00.000Z,4006.150,4007.680,4004.730,4005.160,573
2026-07-20T23:40:00.000Z,4005.130,4008.560,4003.980,4007.640,1246
2026-07-20T23:45:00.000Z,4007.620,4008.040,4004.290,4007.020,1204
2026-07-20T23:50:00.000Z,4007.040,4008.130,4005.950,4007.890,1129
2026-07-20T23:55:00.000Z,4008.200,4010.440,4007.250,4009.970,1475
2026-07-21T00:00:00.000Z,4009.930,4010.080,4003.880,4005.170,2867
2026-07-21T00:05:00.000Z,4005.160,4008.440,4004.690,4007.740,2344
2026-07-21T00:10:00.000Z,4007.770,4012.550,4006.820,4010.680,2618
2026-07-21T00:15:00.000Z,4010.720,4016.180,4007.950,4015.610,2468
2026-07-21T00:20:00.000Z,4015.690,4017.660,4013.050,4017.370,2231
2026-07-21T00:25:00.000Z,4017.380,4018.600,4014.580,4015.110,1832
2026-07-21T00:30:00.000Z,4015.120,4018.000,4014.360,4017.370,1706
2026-07-21T00:35:00.000Z,4017.310,4022.100,4016.720,4019.110,1915
2026-07-21T00:40:00.000Z,4019.090,4023.840,4018.400,4022.480,1724
2026-07-21T00:45:00.000Z,4022.480,4025.020,4022.100,4024.690,1966
2026-07-21T00:50:00.000Z,4024.650,4027.190,4023.780,4024.820,1970
2026-07-21T00:55:00.000Z,4024.780,4026.460,4023.180,4024.900,1753
2026-07-21T01:00:00.000Z,4024.990,4025.970,4018.520,4023.800,3157
2026-07-21T01:05:00.000Z,4023.910,4029.200,4023.880,4027.490,2562
2026-07-21T01:10:00.000Z,4027.470,4029.960,4026.610,4029.020,2473
2026-07-21T01:15:00.000Z,4029.050,4035.840,4027.130,4034.330,2673
2026-07-21T01:20:00.000Z,4034.150,4034.150,4026.340,4028.100,2350
2026-07-21T01:25:00.000Z,4028.090,4031.620,4027.640,4028.200,2356
2026-07-21T01:30:00.000Z,4028.330,4030.880,4026.980,4030.320,2418
2026-07-21T01:35:00.000Z,4030.300,4030.860,4023.140,4023.820,2475
2026-07-21T01:40:00.000Z,4023.830,4026.470,4023.570,4024.490,1972
2026-07-21T01:45:00.000Z,4024.460,4026.780,4022.680,4025.770,2052
2026-07-21T01:50:00.000Z,4025.900,4028.280,4024.970,4028.130,2007
2026-07-21T01:55:00.000Z,4028.110,4028.110,4021.510,4023.290,2038
2026-07-21T02:00:00.000Z,4023.320,4024.310,4022.140,4022.820,1845
2026-07-21T02:05:00.000Z,4022.790,4026.590,4022.460,4025.970,1738
2026-07-21T02:10:00.000Z,4026.020,4026.700,4023.490,4024.460,1647
2026-07-21T02:15:00.000Z,4024.470,4025.420,4022.100,4022.730,1274
2026-07-21T02:20:00.000Z,4022.740,4028.640,4022.210,4028.200,1698
2026-07-21T02:25:00.000Z,4028.460,4030.030,4025.710,4028.870,1724
2026-07-21T02:30:00.000Z,4029.000,4032.550,4028.090,4030.620,2471
2026-07-21T02:35:00.000Z,4030.620,4044.100,4030.170,4037.360,3093
2026-07-21T02:40:00.000Z,4037.400,4040.310,4035.260,4035.690,2430
2026-07-21T02:45:00.000Z,4035.760,4036.380,4034.080,4034.280,1756
2026-07-21T02:50:00.000Z,4034.290,4035.040,4031.070,4033.370,1971
2026-07-21T02:55:00.000Z,4033.380,4038.330,4032.940,4038.110,1990
2026-07-21T03:00:00.000Z,4037.880,4042.250,4037.880,4040.620,2403
2026-07-21T03:05:00.000Z,4040.610,4042.290,4038.260,4040.900,1883
2026-07-21T03:10:00.000Z,4040.900,4041.570,4037.850,4038.190,1707
2026-07-21T03:15:00.000Z,4038.200,4038.830,4036.970,4037.430,1784
2026-07-21T03:20:00.000Z,4037.460,4042.070,4037.120,4041.920,1980
2026-07-21T03:25:00.000Z,4041.930,4051.150,4041.500,4047.530,2536
2026-07-21T03:30:00.000Z,4047.520,4049.580,4044.880,4044.990,1673
2026-07-21T03:35:00.000Z,4044.960,4045.240,4043.070,4044.370,1429
2026-07-21T03:40:00.000Z,4044.320,4044.550,4041.880,4042.010,1025
2026-07-21T03:45:00.000Z,4041.990,4045.690,4041.970,4045.480,1384
2026-07-21T03:50:00.000Z,4045.550,4046.910,4044.900,4045.760,1181
2026-07-21T03:55:00.000Z,4045.750,4047.530,4045.440,4046.970,1337
2026-07-21T04:00:00.000Z,4047.030,4050.260,4047.030,4048.110,1490
2026-07-21T04:05:00.000Z,4048.110,4051.670,4047.320,4048.650,1605
2026-07-21T04:10:00.000Z,4048.620,4048.670,4045.830,4046.130,1263
2026-07-21T04:15:00.000Z,4046.140,4046.500,4043.940,4044.130,1093
2026-07-21T04:20:00.000Z,4044.130,4046.830,4044.120,4045.090,1061
2026-07-21T04:25:00.000Z,4045.100,4045.440,4043.770,4044.820,1000
2026-07-21T04:30:00.000Z,4044.780,4046.070,4044.430,4045.570,882
2026-07-21T04:35:00.000Z,4045.550,4046.620,4045.210,4046.150,1060
2026-07-21T04:40:00.000Z,4046.120,4047.600,4045.190,4047.020,1025
2026-07-21T04:45:00.000Z,4047.210,4047.850,4045.770,4046.600,886
2026-07-21T04:50:00.000Z,4046.650,4047.450,4045.570,4047.380,910
2026-07-21T04:55:00.000Z,4047.450,4049.800,4046.830,4049.680,1128
2026-07-21T05:00:00.000Z,4049.690,4050.490,4048.430,4048.690,1227
2026-07-21T05:05:00.000Z,4048.670,4050.470,4046.480,4050.320,1373
2026-07-21T05:10:00.000Z,4050.330,4051.840,4048.340,4051.610,1344
2026-07-21T05:15:00.000Z,4051.550,4053.310,4049.010,4050.560,1343
2026-07-21T05:20:00.000Z,4050.400,4051.560,4048.150,4051.120,1256
2026-07-21T05:25:00.000Z,4051.150,4056.490,4051.080,4054.450,1695
2026-07-21T05:30:00.000Z,4054.450,4060.480,4054.450,4059.760,2553
2026-07-21T05:35:00.000Z,4059.730,4061.790,4059.060,4061.330,1950
2026-07-21T05:40:00.000Z,4061.320,4066.620,4060.340,4066.030,2513
2026-07-21T05:45:00.000Z,4066.250,4068.020,4064.030,4066.180,2362
2026-07-21T05:50:00.000Z,4065.940,4066.770,4062.320,4063.040,2183
2026-07-21T05:55:00.000Z,4063.060,4064.820,4061.370,4061.640,1760
2026-07-21T06:00:00.000Z,4061.570,4066.670,4061.570,4065.330,2231
2026-07-21T06:05:00.000Z,4065.340,4067.780,4064.130,4067.780,2009
2026-07-21T06:10:00.000Z,4067.800,4072.490,4066.820,4071.480,2463
2026-07-21T06:15:00.000Z,4071.500,4072.790,4068.500,4071.600,2278
2026-07-21T06:20:00.000Z,4071.620,4074.410,4069.940,4073.700,1946
2026-07-21T06:25:00.000Z,4073.500,4074.270,4071.210,4072.440,1798
2026-07-21T06:30:00.000Z,4072.600,4074.730,4072.020,4072.620,2145
2026-07-21T06:35:00.000Z,4072.630,4076.020,4072.590,4074.530,1923
2026-07-21T06:40:00.000Z,4074.500,4080.680,4073.970,4077.250,2080
2026-07-21T06:45:00.000Z,4077.280,4084.090,4077.280,4083.080,2049
2026-07-21T06:50:00.000Z,4083.040,4083.410,4079.410,4080.280,1775
2026-07-21T06:55:00.000Z,4080.250,4080.760,4078.480,4078.480,1714
2026-07-21T07:00:00.000Z,4078.620,4080.240,4077.360,4077.620,1887
2026-07-21T07:05:00.000Z,4077.580,4078.080,4074.760,4074.770,1834
2026-07-21T07:10:00.000Z,4074.770,4075.450,4071.910,4072.220,1778
2026-07-21T07:15:00.000Z,4072.220,4073.510,4071.150,4073.450,1392
2026-07-21T07:20:00.000Z,4073.340,4073.360,4070.700,4070.700,1235
2026-07-21T07:25:00.000Z,4070.700,4071.120,4068.410,4069.670,1600
2026-07-21T07:30:00.000Z,4069.680,4073.770,4067.840,4073.370,1762
2026-07-21T07:35:00.000Z,4073.390,4075.380,4072.800,4073.230,1539
2026-07-21T07:40:00.000Z,4073.200,4074.160,4071.440,4071.510,1364
2026-07-21T07:45:00.000Z,4071.550,4072.600,4070.320,4071.520,1367
2026-07-21T07:50:00.000Z,4071.530,4072.080,4070.510,4070.570,1339
2026-07-21T07:55:00.000Z,4070.550,4071.850,4069.890,4071.410,1490
2026-07-21T08:00:00.000Z,4071.230,4072.540,4066.310,4066.440,2122
2026-07-21T08:05:00.000Z,4066.520,4069.730,4065.740,4066.780,1877
2026-07-21T08:10:00.000Z,4066.770,4068.560,4065.990,4068.120,1434
2026-07-21T08:15:00.000Z,4068.150,4068.710,4066.270,4067.090,1478
2026-07-21T08:20:00.000Z,4067.080,4067.140,4063.290,4063.990,1703
2026-07-21T08:25:00.000Z,4064.050,4064.830,4063.160,4063.600,1727
2026-07-21T08:30:00.000Z,4063.670,4065.220,4062.100,4062.800,1589
2026-07-21T08:35:00.000Z,4062.810,4063.640,4061.080,4062.510,1503
2026-07-21T08:40:00.000Z,4062.500,4064.060,4062.150,4062.290,1284
2026-07-21T08:45:00.000Z,4062.410,4062.490,4059.300,4060.160,1362
2026-07-21T08:50:00.000Z,4060.180,4063.530,4059.240,4061.250,1691
2026-07-21T08:55:00.000Z,4061.260,4063.690,4060.310,4062.950,1160
2026-07-21T09:00:00.000Z,4062.990,4066.750,4062.990,4066.240,1394
2026-07-21T09:05:00.000Z,4066.220,4066.800,4063.760,4066.080,1439
2026-07-21T09:10:00.000Z,4066.090,4066.380,4064.800,4065.260,903
2026-07-21T09:15:00.000Z,4065.290,4066.800,4064.910,4066.520,1289
2026-07-21T09:20:00.000Z,4066.510,4068.280,4065.240,4067.060,1651
2026-07-21T09:25:00.000Z,4067.050,4068.450,4062.700,4062.870,1467
2026-07-21T09:30:00.000Z,4062.880,4065.570,4061.940,4063.140,1612
2026-07-21T09:35:00.000Z,4063.150,4064.140,4061.870,4062.510,1190
2026-07-21T09:40:00.000Z,4062.550,4062.970,4061.170,4062.520,1153
2026-07-21T09:45:00.000Z,4062.530,4067.040,4062.210,4066.550,1306
2026-07-21T09:50:00.000Z,4066.390,4069.740,4064.680,4069.290,1624
2026-07-21T09:55:00.000Z,4069.320,4069.320,4065.950,4066.060,1338
2026-07-21T10:00:00.000Z,4066.070,4068.160,4063.620,4064.160,1565
2026-07-21T10:05:00.000Z,4064.160,4064.340,4061.670,4061.740,1312
2026-07-21T10:10:00.000Z,4061.750,4068.520,4060.990,4066.400,2412
2026-07-21T10:15:00.000Z,4066.280,4068.260,4065.080,4067.510,1697
2026-07-21T10:20:00.000Z,4067.520,4069.150,4067.190,4067.510,1605
2026-07-21T10:25:00.000Z,4067.520,4069.340,4066.420,4066.880,1447
2026-07-21T10:30:00.000Z,4066.890,4068.510,4066.630,4068.360,1251
2026-07-21T10:35:00.000Z,4068.340,4070.240,4068.140,4068.970,1398
2026-07-21T10:40:00.000Z,4068.950,4068.950,4066.740,4067.180,1093
2026-07-21T10:45:00.000Z,4067.200,4068.600,4063.070,4063.130,1491
2026-07-21T10:50:00.000Z,4063.190,4066.300,4062.920,4064.910,1368
2026-07-21T10:55:00.000Z,4064.950,4065.130,4062.660,4063.010,1469
2026-07-21T11:00:00.000Z,4063.000,4063.740,4056.330,4056.940,1829
2026-07-21T11:05:00.000Z,4056.960,4059.030,4055.620,4056.300,1798
2026-07-21T11:10:00.000Z,4056.170,4059.080,4056.090,4058.620,1482
2026-07-21T11:15:00.000Z,4058.540,4059.690,4058.050,4058.050,1250
2026-07-21T11:20:00.000Z,4058.060,4059.440,4056.310,4059.440,1293
2026-07-21T11:25:00.000Z,4059.430,4059.840,4057.290,4058.110,1280
2026-07-21T11:30:00.000Z,4058.120,4059.680,4057.880,4058.930,1292
2026-07-21T11:35:00.000Z,4059.030,4061.240,4058.790,4060.090,1395
2026-07-21T11:40:00.000Z,4060.080,4060.210,4055.660,4056.160,1421
2026-07-21T11:45:00.000Z,4055.980,4057.960,4054.520,4057.960,1089
2026-07-21T11:50:00.000Z,4057.820,4058.600,4055.800,4056.500,1220
2026-07-21T11:55:00.000Z,4056.510,4057.080,4055.030,4056.060,1240
2026-07-21T12:00:00.000Z,4056.060,4058.760,4055.800,4058.370,1738
2026-07-21T12:05:00.000Z,4058.390,4060.980,4058.230,4058.710,1591
2026-07-21T12:10:00.000Z,4058.680,4059.660,4056.550,4059.510,1369
2026-07-21T12:15:00.000Z,4059.520,4060.270,4055.900,4059.160,1883
2026-07-21T12:20:00.000Z,4059.050,4065.640,4057.880,4065.190,2100
2026-07-21T12:25:00.000Z,4065.170,4065.220,4060.550,4061.620,1962
2026-07-21T12:30:00.000Z,4061.810,4063.770,4059.120,4059.510,2094
2026-07-21T12:35:00.000Z,4059.510,4059.560,4053.860,4055.180,2086
2026-07-21T12:40:00.000Z,4055.190,4056.160,4051.150,4053.960,2095
2026-07-21T12:45:00.000Z,4053.990,4062.240,4053.710,4060.100,2185
2026-07-21T12:50:00.000Z,4060.120,4060.120,4055.500,4055.780,1846
2026-07-21T12:55:00.000Z,4055.780,4055.970,4052.990,4053.990,1858
2026-07-21T13:00:00.000Z,4054.190,4060.510,4054.100,4057.000,2673
2026-07-21T13:05:00.000Z,4057.060,4060.460,4057.060,4057.640,2223
2026-07-21T13:10:00.000Z,4057.630,4060.400,4056.890,4059.820,1940
2026-07-21T13:15:00.000Z,4059.800,4061.700,4054.680,4055.860,2210
2026-07-21T13:20:00.000Z,4055.850,4057.500,4051.830,4052.680,2144
2026-07-21T13:25:00.000Z,4052.900,4054.740,4050.320,4051.050,2360
2026-07-21T13:30:00.000Z,4051.040,4057.500,4046.150,4056.020,3301
2026-07-21T13:35:00.000Z,4055.980,4057.480,4051.240,4052.940,3005
2026-07-21T13:40:00.000Z,4052.960,4053.800,4044.790,4046.540,3207
2026-07-21T13:45:00.000Z,4046.520,4050.540,4044.580,4050.470,2944
2026-07-21T13:50:00.000Z,4050.510,4052.810,4046.480,4052.330,2787
2026-07-21T13:55:00.000Z,4052.320,4053.700,4049.890,4053.250,2503
2026-07-21T14:00:00.000Z,4053.330,4056.820,4051.850,4056.590,2894
2026-07-21T14:05:00.000Z,4056.650,4059.510,4054.630,4055.060,2652
2026-07-21T14:10:00.000Z,4055.160,4066.030,4055.020,4065.980,2944
2026-07-21T14:15:00.000Z,4065.840,4067.700,4061.170,4064.160,2982
2026-07-21T14:20:00.000Z,4064.170,4065.250,4061.400,4064.990,2668
2026-07-21T14:25:00.000Z,4064.970,4069.470,4064.250,4069.470,2521
2026-07-21T14:30:00.000Z,4069.480,4073.760,4066.890,4066.890,2786
2026-07-21T14:35:00.000Z,4066.900,4067.370,4062.350,4064.680,2523
2026-07-21T14:40:00.000Z,4064.690,4068.020,4063.010,4067.570,2437
2026-07-21T14:45:00.000Z,4067.620,4070.530,4066.370,4069.640,2615
2026-07-21T14:50:00.000Z,4069.640,4070.770,4066.700,4069.070,2453
2026-07-21T14:55:00.000Z,4069.150,4070.330,4067.390,4068.450,2364
2026-07-21T15:00:00.000Z,4068.380,4071.000,4067.910,4068.360,2433
2026-07-21T15:05:00.000Z,4068.310,4070.380,4065.680,4069.290,2219
2026-07-21T15:10:00.000Z,4069.310,4073.820,4069.220,4073.390,2322
2026-07-21T15:15:00.000Z,4073.430,4078.690,4073.360,4077.070,2391
2026-07-21T15:20:00.000Z,4077.100,4079.140,4075.610,4078.310,2498
2026-07-21T15:25:00.000Z,4078.290,4078.350,4075.820,4076.880,1854
2026-07-21T15:30:00.000Z,4076.740,4082.610,4076.170,4081.290,2474
2026-07-21T15:35:00.000Z,4081.270,4083.350,4078.940,4080.350,2186
2026-07-21T15:40:00.000Z,4080.360,4080.930,4075.520,4076.010,1943
2026-07-21T15:45:00.000Z,4076.030,4076.120,4072.280,4073.220,1894
2026-07-21T15:50:00.000Z,4073.180,4078.240,4073.180,4076.700,1541
2026-07-21T15:55:00.000Z,4076.790,4076.840,4074.000,4074.260,1498
2026-07-21T16:00:00.000Z,4074.240,4077.950,4073.680,4077.950,1672
2026-07-21T16:05:00.000Z,4077.880,4078.130,4076.640,4077.210,1421
2026-07-21T16:10:00.000Z,4077.140,4079.170,4076.510,4078.450,1560
2026-07-21T16:15:00.000Z,4078.460,4078.570,4076.850,4077.410,1301
2026-07-21T16:20:00.000Z,4077.450,4078.190,4076.240,4077.990,1172
2026-07-21T16:25:00.000Z,4078.010,4078.180,4074.140,4075.740,1384
2026-07-21T16:30:00.000Z,4075.750,4076.450,4074.890,4075.910,1404
2026-07-21T16:35:00.000Z,4075.930,4076.100,4071.190,4074.390,1430
2026-07-21T16:40:00.000Z,4074.330,4075.170,4071.570,4072.080,1318
2026-07-21T16:45:00.000Z,4072.030,4072.760,4069.970,4072.410,1525
2026-07-21T16:50:00.000Z,4072.340,4073.360,4071.680,4073.010,1123
2026-07-21T16:55:00.000Z,4072.990,4073.210,4071.160,4071.650,1118
2026-07-21T17:00:00.000Z,4071.660,4072.300,4069.440,4070.330,1584
2026-07-21T17:05:00.000Z,4070.350,4072.610,4069.990,4071.590,1413
2026-07-21T17:10:00.000Z,4071.550,4072.360,4070.010,4070.600,1390
2026-07-21T17:15:00.000Z,4070.590,4071.020,4069.160,4069.190,1351
2026-07-21T17:20:00.000Z,4069.170,4071.930,4069.060,4071.490,1226
2026-07-21T17:25:00.000Z,4071.350,4072.850,4071.060,4072.280,1336
2026-07-21T17:30:00.000Z,4072.190,4072.350,4069.810,4070.500,1151
2026-07-21T17:35:00.000Z,4070.470,4070.470,4069.120,4069.460,886
2026-07-21T17:40:00.000Z,4069.420,4069.610,4066.880,4068.190,1247
2026-07-21T17:45:00.000Z,4068.190,4068.240,4066.880,4067.160,1007
2026-07-21T17:50:00.000Z,4067.140,4068.130,4066.890,4067.880,861
2026-07-21T17:55:00.000Z,4067.850,4068.680,4066.970,4068.680,882
2026-07-21T18:00:00.000Z,4068.690,4069.680,4067.920,4067.920,1217
2026-07-21T18:05:00.000Z,4067.910,4072.070,4067.740,4071.830,1226
2026-07-21T18:10:00.000Z,4071.820,4072.360,4071.330,4071.530,962
2026-07-21T18:15:00.000Z,4071.520,4073.800,4071.230,4073.280,1213
2026-07-21T18:20:00.000Z,4073.190,4081.760,4072.550,4081.380,1683
2026-07-21T18:25:00.000Z,4081.300,4086.640,4081.200,4083.900,2389
2026-07-21T18:30:00.000Z,4083.910,4085.700,4081.410,4084.600,1573
2026-07-21T18:35:00.000Z,4084.590,4085.400,4081.640,4082.820,1355
2026-07-21T18:40:00.000Z,4082.780,4084.030,4081.840,4082.470,1192
2026-07-21T18:45:00.000Z,4082.490,4082.670,4080.410,4080.800,1020
2026-07-21T18:50:00.000Z,4080.810,4081.520,4079.370,4081.070,962
2026-07-21T18:55:00.000Z,4081.060,4083.400,4081.060,4082.330,983
2026-07-21T19:00:00.000Z,4082.340,4085.280,4082.340,4084.440,1215
2026-07-21T19:05:00.000Z,4084.460,4085.600,4081.380,4081.420,1245
2026-07-21T19:10:00.000Z,4081.370,4081.800,4080.190,4080.910,1181
2026-07-21T19:15:00.000Z,4080.870,4084.110,4080.870,4083.640,1144
2026-07-21T19:20:00.000Z,4083.670,4084.590,4082.450,4083.820,1092
2026-07-21T19:25:00.000Z,4083.850,4085.350,4083.790,4084.170,1231
2026-07-21T19:30:00.000Z,4084.530,4085.130,4083.100,4083.470,1179
2026-07-21T19:35:00.000Z,4083.460,4083.590,4081.940,4082.700,1043
2026-07-21T19:40:00.000Z,4082.690,4084.550,4082.480,4083.330,1038
2026-07-21T19:45:00.000Z,4083.430,4085.320,4082.970,4084.780,1024
2026-07-21T19:50:00.000Z,4084.320,4085.360,4083.630,4084.280,1485
2026-07-21T19:55:00.000Z,4084.360,4085.460,4083.640,4084.610,1545
2026-07-21T20:00:00.000Z,4084.540,4086.340,4083.300,4084.640,1248
2026-07-21T20:05:00.000Z,4084.500,4086.090,4083.980,4085.120,649
2026-07-21T20:10:00.000Z,4084.860,4085.200,4083.690,4084.450,474
2026-07-21T20:15:00.000Z,4084.440,4084.560,4083.110,4084.080,477
2026-07-21T20:20:00.000Z,4084.000,4084.000,4081.610,4083.010,425
2026-07-21T20:25:00.000Z,4083.120,4083.200,4082.320,4082.780,291
2026-07-21T20:30:00.000Z,4083.120,4085.400,4083.010,4083.190,678
2026-07-21T20:35:00.000Z,4083.420,4083.480,4081.910,4082.030,585
2026-07-21T20:40:00.000Z,4082.020,4082.020,4080.450,4081.010,598
2026-07-21T20:45:00.000Z,4080.950,4080.950,4078.070,4078.440,683
2026-07-21T20:50:00.000Z,4078.410,4079.070,4077.360,4077.680,495
2026-07-21T20:55:00.000Z,4077.630,4078.140,4076.690,4077.700,391
2026-07-21T22:00:00.000Z,4082.430,4082.430,4078.490,4078.680,1118
2026-07-21T22:05:00.000Z,4078.770,4079.790,4077.200,4078.000,911
2026-07-21T22:10:00.000Z,4078.010,4079.350,4077.650,4079.070,639
2026-07-21T22:15:00.000Z,4079.080,4081.000,4078.240,4080.150,895
2026-07-21T22:20:00.000Z,4080.160,4082.270,4080.160,4080.770,666
2026-07-21T22:25:00.000Z,4080.770,4083.190,4080.720,4082.730,808
2026-07-21T22:30:00.000Z,4082.740,4084.960,4082.670,4084.000,1039
2026-07-21T22:35:00.000Z,4083.980,4085.020,4082.860,4084.610,940
2026-07-21T22:40:00.000Z,4084.590,4084.920,4083.890,4084.030,654
2026-07-21T22:45:00.000Z,4084.030,4084.410,4081.290,4081.290,1004
2026-07-21T22:50:00.000Z,4081.290,4082.090,4078.370,4079.880,920
2026-07-21T22:55:00.000Z,4079.870,4081.280,4079.800,4080.510,681
2026-07-21T23:00:00.000Z,4080.500,4081.390,4079.520,4080.580,990
2026-07-21T23:05:00.000Z,4080.590,4081.960,4080.260,4081.190,632
2026-07-21T23:10:00.000Z,4081.160,4081.950,4080.230,4081.350,597
2026-07-21T23:15:00.000Z,4081.340,4082.560,4080.940,4082.510,449
2026-07-21T23:20:00.000Z,4082.450,4082.520,4081.410,4082.260,448
2026-07-21T23:25:00.000Z,4082.250,4082.570,4081.210,4081.300,618
2026-07-21T23:30:00.000Z,4081.310,4081.820,4080.640,4080.780,564
2026-07-21T23:35:00.000Z,4080.790,4082.170,4080.590,4082.040,611
2026-07-21T23:40:00.000Z,4082.040,4082.400,4079.370,4080.550,895
2026-07-21T23:45:00.000Z,4080.530,4083.140,4079.610,4081.090,964
2026-07-21T23:50:00.000Z,4081.100,4081.420,4080.310,4080.560,739
2026-07-21T23:55:00.000Z,4080.590,4081.120,4079.350,4080.690,841
2026-07-22T00:00:00.000Z,4080.970,4082.830,4076.890,4082.790,2257
2026-07-22T00:05:00.000Z,4082.760,4090.110,4081.460,4088.210,2420
2026-07-22T00:10:00.000Z,4088.020,4092.810,4087.650,4092.200,2115
2026-07-22T00:15:00.000Z,4092.200,4098.120,4092.190,4095.530,2141
2026-07-22T00:20:00.000Z,4095.540,4097.740,4092.950,4097.170,1859
2026-07-22T00:25:00.000Z,4097.200,4098.690,4096.700,4098.180,1773
2026-07-22T00:30:00.000Z,4098.210,4102.150,4090.430,4091.460,2279
2026-07-22T00:35:00.000Z,4091.450,4097.280,4089.530,4094.830,1948
2026-07-22T00:40:00.000Z,4094.840,4095.300,4091.870,4092.810,1655
2026-07-22T00:45:00.000Z,4092.780,4099.270,4091.640,4096.720,2093
2026-07-22T00:50:00.000Z,4096.730,4097.380,4093.580,4094.090,1738
2026-07-22T00:55:00.000Z,4094.050,4097.600,4093.170,4097.550,1801
2026-07-22T01:00:00.000Z,4097.600,4113.720,4096.660,4110.740,3550
2026-07-22T01:05:00.000Z,4110.460,4117.480,4110.120,4116.000,3044
2026-07-22T01:10:00.000Z,4115.990,4121.460,4113.770,4121.350,2963
2026-07-22T01:15:00.000Z,4121.200,4121.670,4112.070,4112.840,2721
2026-07-22T01:20:00.000Z,4112.840,4115.790,4111.810,4112.450,2383
2026-07-22T01:25:00.000Z,4112.470,4116.800,4112.200,4115.540,2172
2026-07-22T01:30:00.000Z,4115.510,4117.170,4113.070,4116.790,2456
2026-07-22T01:35:00.000Z,4116.800,4121.490,4114.840,4119.720,2613
2026-07-22T01:40:00.000Z,4119.700,4122.930,4118.080,4121.760,2358
2026-07-22T01:45:00.000Z,4121.750,4123.460,4118.840,4119.780,2019
2026-07-22T01:50:00.000Z,4119.780,4121.150,4118.430,4119.590,2110
2026-07-22T01:55:00.000Z,4119.600,4122.910,4117.420,4122.180,2081
2026-07-22T02:00:00.000Z,4122.100,4122.690,4119.630,4121.870,1984
2026-07-22T02:05:00.000Z,4121.970,4122.120,4118.820,4121.540,1947
2026-07-22T02:10:00.000Z,4121.540,4123.260,4120.520,4122.040,1765
2026-07-22T02:15:00.000Z,4122.030,4125.010,4120.030,4120.540,1697
2026-07-22T02:20:00.000Z,4120.530,4125.630,4120.440,4124.810,1574
2026-07-22T02:25:00.000Z,4124.840,4126.130,4124.000,4124.290,1538
2026-07-22T02:30:00.000Z,4124.500,4130.450,4122.330,4130.240,2552
2026-07-22T02:35:00.000Z,4130.240,4130.310,4124.670,4124.670,2197
2026-07-22T02:40:00.000Z,4124.650,4129.350,4124.530,4128.340,1956
2026-07-22T02:45:00.000Z,4128.340,4130.580,4127.560,4128.450,2171
2026-07-22T02:50:00.000Z,4128.440,4129.180,4126.390,4128.410,2041
2026-07-22T02:55:00.000Z,4128.380,4130.850,4126.870,4130.580,1729
2026-07-22T03:00:00.000Z,4130.410,4133.610,4129.340,4133.530,2028
2026-07-22T03:05:00.000Z,4133.530,4140.730,4132.610,4137.480,2547
2026-07-22T03:10:00.000Z,4137.480,4138.470,4135.240,4137.430,1732
2026-07-22T03:15:00.000Z,4137.260,4139.850,4136.850,4139.160,1890
2026-07-22T03:20:00.000Z,4139.180,4141.720,4138.310,4138.960,1676
2026-07-22T03:25:00.000Z,4138.980,4139.900,4137.190,4138.310,1768
2026-07-22T03:30:00.000Z,4138.320,4138.350,4134.800,4135.250,1735
2026-07-22T03:35:00.000Z,4135.270,4135.800,4132.720,4133.680,1380
2026-07-22T03:40:00.000Z,4133.660,4134.320,4132.580,4133.620,1272
2026-07-22T03:45:00.000Z,4133.610,4134.470,4132.330,4132.760,1316
2026-07-22T03:50:00.000Z,4132.780,4132.810,4130.830,4131.170,1207
2026-07-22T03:55:00.000Z,4131.150,4131.750,4130.180,4130.960,1241
2026-07-22T04:00:00.000Z,4130.800,4131.290,4126.650,4128.390,1569
2026-07-22T04:05:00.000Z,4128.400,4130.530,4127.790,4128.110,1022
2026-07-22T04:10:00.000Z,4128.090,4128.530,4126.360,4127.030,1192
2026-07-22T04:15:00.000Z,4126.990,4129.650,4126.960,4128.180,1078
2026-07-22T04:20:00.000Z,4128.190,4129.470,4127.640,4128.830,1142
2026-07-22T04:25:00.000Z,4128.840,4129.020,4127.660,4128.860,1061
2026-07-22T04:30:00.000Z,4128.860,4129.120,4124.890,4126.790,1268
2026-07-22T04:35:00.000Z,4126.810,4126.940,4124.710,4126.310,1261
2026-07-22T04:40:00.000Z,4126.390,4127.730,4126.370,4127.320,1151
2026-07-22T04:45:00.000Z,4127.410,4127.650,4125.520,4126.340,1167
2026-07-22T04:50:00.000Z,4126.370,4127.020,4125.310,4126.100,1081
2026-07-22T04:55:00.000Z,4126.090,4127.340,4125.650,4127.070,1037
2026-07-22T05:00:00.000Z,4127.080,4129.260,4125.980,4128.430,1488
2026-07-22T05:05:00.000Z,4128.380,4129.160,4126.680,4127.320,1392
2026-07-22T05:10:00.000Z,4127.280,4129.990,4127.090,4128.610,1300
2026-07-22T05:15:00.000Z,4128.630,4128.800,4123.390,4124.180,1789
2026-07-22T05:20:00.000Z,4124.160,4124.820,4123.260,4124.490,1309
2026-07-22T05:25:00.000Z,4124.540,4126.290,4123.660,4123.790,1504
2026-07-22T05:30:00.000Z,4123.810,4128.860,4123.200,4127.660,2522
2026-07-22T05:35:00.000Z,4127.650,4134.040,4127.340,4132.560,2343
2026-07-22T05:40:00.000Z,4132.630,4133.270,4130.320,4132.530,2032
2026-07-22T05:45:00.000Z,4132.540,4133.300,4130.300,4132.080,2038
2026-07-22T05:50:00.000Z,4132.120,4133.020,4129.210,4129.580,2042
2026-07-22T05:55:00.000Z,4129.630,4131.580,4128.180,4131.120,1948
2026-07-22T06:00:00.000Z,4131.030,4135.280,4131.030,4134.410,2233
2026-07-22T06:05:00.000Z,4134.370,4134.370,4130.650,4130.890,1764
2026-07-22T06:10:00.000Z,4130.860,4132.370,4129.460,4129.890,1851
2026-07-22T06:15:00.000Z,4129.900,4131.960,4129.290,4130.480,1752
2026-07-22T06:20:00.000Z,4130.660,4130.730,4124.520,4125.310,2040
2026-07-22T06:25:00.000Z,4125.280,4125.340,4114.060,4117.530,2750
2026-07-22T06:30:00.000Z,4117.860,4119.300,4114.930,4119.300,2655
2026-07-22T06:35:00.000Z,4119.320,4120.350,4116.560,4117.430,2138
2026-07-22T06:40:00.000Z,4117.360,4120.170,4117.110,4118.790,1763
2026-07-22T06:45:00.000Z,4118.720,4120.620,4117.020,4117.660,1925
2026-07-22T06:50:00.000Z,4117.660,4117.660,4114.380,4116.540,1986
2026-07-22T06:55:00.000Z,4116.520,4117.130,4113.490,4116.610,1985
2026-07-22T07:00:00.000Z,4116.950,4117.310,4111.770,4112.740,1911
2026-07-22T07:05:00.000Z,4112.740,4115.670,4112.530,4113.440,1880
2026-07-22T07:10:00.000Z,4113.440,4116.570,4112.410,4116.570,1809
2026-07-22T07:15:00.000Z,4116.410,4119.220,4116.060,4118.900,1687
2026-07-22T07:20:00.000Z,4118.910,4122.480,4117.900,4117.900,1626
2026-07-22T07:25:00.000Z,4117.890,4120.120,4117.840,4119.800,1482
2026-07-22T07:30:00.000Z,4119.700,4123.050,4118.300,4118.370,2000
2026-07-22T07:35:00.000Z,4118.350,4118.470,4115.090,4115.110,1878
2026-07-22T07:40:00.000Z,4115.090,4115.350,4111.020,4112.360,2165
2026-07-22T07:45:00.000Z,4112.360,4113.360,4109.920,4110.250,1973
2026-07-22T07:50:00.000Z,4110.310,4114.140,4109.680,4114.140,1968
2026-07-22T07:55:00.000Z,4114.140,4114.350,4109.260,4110.650,1872
2026-07-22T08:00:00.000Z,4111.130,4115.280,4110.730,4114.980,2267
2026-07-22T08:05:00.000Z,4114.990,4115.940,4113.660,4114.630,1875
2026-07-22T08:10:00.000Z,4114.830,4116.030,4112.470,4114.700,1746
2026-07-22T08:15:00.000Z,4114.770,4115.590,4113.530,4114.950,1758
2026-07-22T08:20:00.000Z,4114.950,4117.890,4114.920,4116.980,1575
2026-07-22T08:25:00.000Z,4116.990,4117.710,4115.450,4117.490,1862
2026-07-22T08:30:00.000Z,4117.430,4119.190,4116.570,4118.070,1761
2026-07-22T08:35:00.000Z,4118.050,4118.790,4116.670,4116.850,1569
2026-07-22T08:40:00.000Z,4116.840,4117.480,4114.300,4114.630,1480
2026-07-22T08:45:00.000Z,4114.760,4116.360,4113.400,4114.770,1581
2026-07-22T08:50:00.000Z,4114.790,4117.790,4113.760,4117.690,1647
2026-07-22T08:55:00.000Z,4117.690,4120.090,4117.670,4118.330,1467
2026-07-22T09:00:00.000Z,4118.390,4120.610,4117.830,4119.960,1842
2026-07-22T09:05:00.000Z,4119.930,4122.240,4118.170,4120.230,1643
2026-07-22T09:10:00.000Z,4120.100,4122.290,4119.660,4121.800,1542
2026-07-22T09:15:00.000Z,4121.800,4122.270,4119.820,4122.270,1361
2026-07-22T09:20:00.000Z,4122.190,4122.350,4119.460,4120.770,1604
2026-07-22T09:25:00.000Z,4120.770,4121.320,4117.970,4118.750,1470
2026-07-22T09:30:00.000Z,4118.670,4121.750,4116.540,4117.420,1770
2026-07-22T09:35:00.000Z,4117.440,4118.890,4114.430,4114.650,1730
2026-07-22T09:40:00.000Z,4114.560,4118.950,4114.510,4116.060,1654
2026-07-22T09:45:00.000Z,4116.040,4117.500,4115.850,4117.010,1257
2026-07-22T09:50:00.000Z,4117.000,4117.690,4113.370,4115.230,1531
2026-07-22T09:55:00.000Z,4115.220,4117.990,4114.230,4115.100,1475
2026-07-22T10:00:00.000Z,4115.150,4120.070,4115.080,4116.470,1710
2026-07-22T10:05:00.000Z,4116.470,4117.940,4116.070,4116.310,1421
2026-07-22T10:10:00.000Z,4116.300,4118.100,4116.140,4117.480,1316
2026-07-22T10:15:00.000Z,4117.470,4119.260,4116.540,4117.760,1347
2026-07-22T10:20:00.000Z,4117.880,4121.880,4117.880,4121.520,1736
2026-07-22T10:25:00.000Z,4121.570,4121.820,4119.150,4119.450,1488
2026-07-22T10:30:00.000Z,4119.450,4120.020,4117.930,4118.900,1161
2026-07-22T10:35:00.000Z,4118.890,4119.140,4116.770,4117.150,1414
2026-07-22T10:40:00.000Z,4117.160,4117.770,4116.020,4117.150,1265
2026-07-22T10:45:00.000Z,4117.160,4119.070,4116.320,4118.990,1415
2026-07-22T10:50:00.000Z,4119.050,4120.340,4118.090,4118.360,1311
2026-07-22T10:55:00.000Z,4118.330,4118.360,4116.280,4117.600,1138
2026-07-22T11:00:00.000Z,4117.630,4118.250,4115.260,4117.130,1739
2026-07-22T11:05:00.000Z,4117.090,4118.870,4116.220,4118.830,1366
2026-07-22T11:10:00.000Z,4118.830,4120.950,4118.130,4119.330,1191
2026-07-22T11:15:00.000Z,4119.320,4123.020,4118.790,4121.090,1214
2026-07-22T11:20:00.000Z,4121.090,4122.750,4120.420,4120.630,1264
2026-07-22T11:25:00.000Z,4120.630,4120.880,4117.660,4118.650,1396
2026-07-22T11:30:00.000Z,4118.830,4120.710,4118.300,4120.020,1310
2026-07-22T11:35:00.000Z,4120.010,4120.010,4117.300,4118.720,1319
2026-07-22T11:40:00.000Z,4118.730,4119.300,4112.720,4115.280,2500
2026-07-22T11:45:00.000Z,4115.270,4120.350,4114.890,4120.340,1779
2026-07-22T11:50:00.000Z,4120.290,4121.440,4118.160,4119.820,1600
2026-07-22T11:55:00.000Z,4120.010,4123.060,4119.610,4122.640,1587
2026-07-22T12:00:00.000Z,4122.830,4126.490,4121.870,4125.350,2035
2026-07-22T12:05:00.000Z,4125.350,4127.000,4123.640,4124.930,1771
2026-07-22T12:10:00.000Z,4125.030,4127.380,4123.700,4127.050,1578
2026-07-22T12:15:00.000Z,4127.410,4127.830,4125.000,4126.060,1619
2026-07-22T12:20:00.000Z,4126.120,4130.200,4125.740,4129.650,2065
2026-07-22T12:25:00.000Z,4129.960,4133.230,4128.660,4132.740,1879
2026-07-22T12:30:00.000Z,4132.730,4134.430,4127.540,4127.690,2094
2026-07-22T12:35:00.000Z,4127.700,4128.250,4124.730,4127.130,1949
2026-07-22T12:40:00.000Z,4127.150,4128.490,4125.510,4127.290,1675
2026-07-22T12:45:00.000Z,4127.380,4127.650,4118.760,4118.800,2136
2026-07-22T12:50:00.000Z,4119.000,4119.660,4116.830,4118.080,1822
2026-07-22T12:55:00.000Z,4118.080,4118.340,4106.550,4112.940,2566
2026-07-22T13:00:00.000Z,4113.150,4120.350,4112.770,4119.360,2796
2026-07-22T13:05:00.000Z,4119.260,4121.270,4117.490,4121.160,2140
2026-07-22T13:10:00.000Z,4121.180,4125.860,4120.460,4125.790,1784
2026-07-22T13:15:00.000Z,4125.670,4131.370,4125.060,4130.740,2002
2026-07-22T13:20:00.000Z,4130.790,4133.940,4128.740,4133.740,2257
2026-07-22T13:25:00.000Z,4133.940,4135.010,4131.410,4131.920,2043
2026-07-22T13:30:00.000Z,4132.450,4146.490,4132.450,4142.270,3547
2026-07-22T13:35:00.000Z,4142.260,4145.620,4138.810,4144.540,3109
2026-07-22T13:40:00.000Z,4144.530,4146.060,4141.010,4142.800,2998
2026-07-22T13:45:00.000Z,4142.840,4149.590,4142.770,4146.580,2938
2026-07-22T13:50:00.000Z,4146.620,4148.200,4143.990,4145.620,2868
2026-07-22T13:55:00.000Z,4145.850,4156.040,4144.840,4154.800,2939
2026-07-22T14:00:00.000Z,4154.830,4163.450,4153.400,4156.880,3548
2026-07-22T14:05:00.000Z,4156.730,4159.070,4153.570,4156.670,2946
2026-07-22T14:10:00.000Z,4156.700,4159.010,4155.560,4156.660,2680
2026-07-22T14:15:00.000Z,4156.650,4156.650,4148.910,4149.060,3056
2026-07-22T14:20:00.000Z,4149.040,4152.690,4148.750,4149.840,2702
2026-07-22T14:25:00.000Z,4149.890,4150.560,4144.520,4146.460,2695
2026-07-22T14:30:00.000Z,4146.460,4152.630,4146.350,4150.660,2556
2026-07-22T14:35:00.000Z,4150.830,4152.120,4148.930,4152.110,2479
2026-07-22T14:40:00.000Z,4152.090,4153.060,4147.770,4151.100,2557
2026-07-22T14:45:00.000Z,4151.090,4152.980,4145.710,4148.340,2658
2026-07-22T14:50:00.000Z,4148.390,4148.950,4146.390,4147.900,2427
2026-07-22T14:55:00.000Z,4147.890,4150.040,4144.120,4148.630,2538
2026-07-22T15:00:00.000Z,4148.690,4155.260,4148.690,4154.870,2489
2026-07-22T15:05:00.000Z,4154.730,4156.460,4153.760,4155.000,2262
2026-07-22T15:10:00.000Z,4154.760,4158.560,4154.320,4157.640,1980
2026-07-22T15:15:00.000Z,4157.650,4157.750,4153.280,4155.080,2017
2026-07-22T15:20:00.000Z,4155.160,4161.490,4154.490,4159.900,1924
2026-07-22T15:25:00.000Z,4159.890,4160.400,4156.700,4157.330,1848
2026-07-22T15:30:00.000Z,4157.320,4158.850,4156.290,4156.780,1884
2026-07-22T15:35:00.000Z,4156.880,4159.120,4155.810,4157.360,1953
2026-07-22T15:40:00.000Z,4157.600,4160.940,4157.370,4160.010,2064
2026-07-22T15:45:00.000Z,4160.040,4165.170,4158.720,4164.430,2044
2026-07-22T15:50:00.000Z,4164.490,4166.040,4162.270,4162.600,2158
2026-07-22T15:55:00.000Z,4162.610,4162.610,4158.470,4159.450,2248
2026-07-22T16:00:00.000Z,4159.470,4159.490,4156.250,4156.990,2019
2026-07-22T16:05:00.000Z,4156.980,4159.300,4156.490,4156.890,1645
2026-07-22T16:10:00.000Z,4156.860,4156.880,4153.280,4154.560,1783
2026-07-22T16:15:00.000Z,4154.590,4155.480,4150.960,4155.100,1854
2026-07-22T16:20:00.000Z,4155.090,4155.600,4152.250,4152.470,1533
2026-07-22T16:25:00.000Z,4152.550,4152.630,4147.910,4149.240,1951
2026-07-22T16:30:00.000Z,4149.250,4150.640,4146.150,4146.380,1859
2026-07-22T16:35:00.000Z,4146.360,4149.060,4144.470,4148.450,2029
2026-07-22T16:40:00.000Z,4148.460,4151.380,4146.680,4147.200,1842
2026-07-22T16:45:00.000Z,4147.630,4148.580,4145.860,4147.160,1682
2026-07-22T16:50:00.000Z,4147.290,4147.420,4144.660,4146.810,1638
2026-07-22T16:55:00.000Z,4146.790,4149.010,4146.020,4146.930,1428
2026-07-22T17:00:00.000Z,4147.180,4147.920,4144.640,4147.100,1794
2026-07-22T17:05:00.000Z,4147.090,4147.360,4143.090,4144.360,1768
2026-07-22T17:10:00.000Z,4144.350,4145.870,4143.150,4145.420,1647
2026-07-22T17:15:00.000Z,4145.340,4145.880,4142.860,4143.100,1765
2026-07-22T17:20:00.000Z,4143.040,4145.680,4142.810,4143.700,1930
2026-07-22T17:25:00.000Z,4143.640,4147.180,4143.340,4146.080,1803
2026-07-22T17:30:00.000Z,4146.030,4147.500,4144.300,4144.880,1667
2026-07-22T17:35:00.000Z,4144.850,4145.890,4138.970,4139.040,1920
2026-07-22T17:40:00.000Z,4139.080,4141.440,4138.410,4140.640,1623
2026-07-22T17:45:00.000Z,4140.710,4143.400,4140.540,4143.210,1381
2026-07-22T17:50:00.000Z,4143.220,4143.780,4142.370,4142.790,1421
2026-07-22T17:55:00.000Z,4142.540,4143.440,4141.180,4142.520,1234
2026-07-22T18:00:00.000Z,4142.550,4142.860,4136.790,4137.770,1953
2026-07-22T18:05:00.000Z,4137.750,4141.520,4137.530,4139.370,1787
2026-07-22T18:10:00.000Z,4139.360,4140.600,4137.580,4138.130,1391
2026-07-22T18:15:00.000Z,4138.120,4139.230,4136.770,4138.830,1418
2026-07-22T18:20:00.000Z,4138.860,4139.790,4135.220,4136.770,1672
2026-07-22T18:25:00.000Z,4136.780,4136.890,4134.790,4135.220,1674
2026-07-22T18:30:00.000Z,4135.270,4135.670,4132.040,4132.780,1757
2026-07-22T18:35:00.000Z,4132.790,4136.160,4132.620,4135.830,1325
2026-07-22T18:40:00.000Z,4135.860,4136.270,4133.890,4135.970,1290
2026-07-22T18:45:00.000Z,4135.950,4138.290,4135.360,4137.610,1424
2026-07-22T18:50:00.000Z,4137.620,4138.920,4137.500,4137.650,1160
2026-07-22T18:55:00.000Z,4137.630,4138.080,4136.000,4136.140,1271
2026-07-22T19:00:00.000Z,4136.130,4136.130,4133.070,4135.000,1608
2026-07-22T19:05:00.000Z,4135.090,4137.300,4135.090,4135.710,1305
2026-07-22T19:10:00.000Z,4135.700,4135.950,4134.100,4134.130,1082
2026-07-22T19:15:00.000Z,4134.060,4135.460,4133.390,4134.370,1244
2026-07-22T19:20:00.000Z,4134.400,4134.950,4131.820,4134.300,1361
2026-07-22T19:25:00.000Z,4134.480,4134.940,4132.690,4134.510,1338
2026-07-22T19:30:00.000Z,4134.420,4136.250,4132.670,4135.720,1399
2026-07-22T19:35:00.000Z,4135.730,4136.150,4133.780,4134.620,1300
2026-07-22T19:40:00.000Z,4134.610,4136.060,4133.330,4134.010,1243
2026-07-22T19:45:00.000Z,4134.050,4135.240,4133.230,4135.160,1447
2026-07-22T19:50:00.000Z,4135.230,4135.380,4129.130,4130.680,1829
2026-07-22T19:55:00.000Z,4130.330,4132.880,4130.050,4131.840,1941
2026-07-22T20:00:00.000Z,4131.810,4135.240,4130.400,4130.990,2732
2026-07-22T20:05:00.000Z,4130.900,4134.360,4130.560,4133.450,1688
2026-07-22T20:10:00.000Z,4133.410,4135.600,4132.280,4134.580,1235
2026-07-22T20:15:00.000Z,4134.500,4136.560,4133.950,4135.440,1382
2026-07-22T20:20:00.000Z,4135.420,4136.770,4134.920,4136.660,859
2026-07-22T20:25:00.000Z,4136.660,4137.870,4136.100,4136.760,811
2026-07-22T20:30:00.000Z,4136.700,4137.560,4135.480,4135.490,921
2026-07-22T20:35:00.000Z,4135.330,4135.550,4133.800,4134.870,919
2026-07-22T20:40:00.000Z,4134.810,4135.300,4130.890,4130.980,870
2026-07-22T20:45:00.000Z,4130.960,4131.190,4128.400,4130.180,1072
2026-07-22T20:50:00.000Z,4129.920,4130.180,4128.400,4129.390,924
2026-07-22T20:55:00.000Z,4129.260,4130.440,4129.030,4129.970,639
2026-07-22T22:00:00.000Z,4119.980,4137.040,4112.930,4120.950,2224
2026-07-22T22:05:00.000Z,4120.910,4125.690,4120.350,4123.410,1442
2026-07-22T22:10:00.000Z,4123.480,4124.020,4121.350,4124.020,1047
2026-07-22T22:15:00.000Z,4124.350,4125.560,4121.020,4124.190,1634
2026-07-22T22:20:00.000Z,4124.090,4126.120,4122.360,4123.090,1584
2026-07-22T22:25:00.000Z,4123.090,4129.010,4122.910,4128.860,1559
2026-07-22T22:30:00.000Z,4128.870,4129.680,4125.670,4125.710,1299
2026-07-22T22:35:00.000Z,4125.660,4127.960,4124.270,4125.590,1429
2026-07-22T22:40:00.000Z,4125.550,4126.090,4120.060,4121.650,1522
2026-07-22T22:45:00.000Z,4121.640,4125.660,4120.720,4124.520,1282
2026-07-22T22:50:00.000Z,4124.760,4126.020,4121.250,4123.550,1718
2026-07-22T22:55:00.000Z,4123.560,4126.600,4120.930,4122.020,1897
2026-07-22T23:00:00.000Z,4122.050,4122.930,4117.380,4118.760,2066
2026-07-22T23:05:00.000Z,4118.780,4119.300,4116.730,4118.230,1486
2026-07-22T23:10:00.000Z,4118.250,4124.770,4116.860,4123.850,1799
2026-07-22T23:15:00.000Z,4123.900,4124.120,4120.010,4120.550,1171
2026-07-22T23:20:00.000Z,4120.540,4122.090,4119.570,4120.640,734
2026-07-22T23:25:00.000Z,4120.640,4122.470,4119.160,4119.940,1151
2026-07-22T23:30:00.000Z,4119.980,4122.470,4118.850,4120.660,768
2026-07-22T23:35:00.000Z,4120.610,4123.560,4120.050,4121.720,843
2026-07-22T23:40:00.000Z,4121.680,4124.540,4121.230,4123.690,936
2026-07-22T23:45:00.000Z,4123.680,4131.700,4123.170,4129.810,1757
2026-07-22T23:50:00.000Z,4129.760,4131.630,4128.790,4131.410,1465
2026-07-22T23:55:00.000Z,4131.400,4134.210,4130.840,4133.440,1508
2026-07-23T00:00:00.000Z,4133.730,4134.430,4128.380,4130.860,2350
2026-07-23T00:05:00.000Z,4130.820,4131.180,4127.560,4128.990,1631
2026-07-23T00:10:00.000Z,4128.870,4128.950,4126.290,4127.000,1414
2026-07-23T00:15:00.000Z,4126.890,4129.240,4126.890,4128.400,1456
2026-07-23T00:20:00.000Z,4128.410,4133.020,4127.610,4132.940,1678
2026-07-23T00:25:00.000Z,4133.470,4134.750,4128.940,4129.260,1675
2026-07-23T00:30:00.000Z,4129.260,4131.700,4128.270,4130.240,1474
2026-07-23T00:35:00.000Z,4130.270,4132.180,4127.960,4128.490,1498
2026-07-23T00:40:00.000Z,4128.470,4129.160,4127.260,4127.930,1311
2026-07-23T00:45:00.000Z,4127.870,4130.160,4127.020,4127.200,1408
2026-07-23T00:50:00.000Z,4127.200,4129.450,4125.160,4129.050,1529
2026-07-23T00:55:00.000Z,4129.180,4133.370,4127.630,4132.180,1550
2026-07-23T01:00:00.000Z,4132.180,4139.180,4129.860,4133.130,3250
2026-07-23T01:05:00.000Z,4133.190,4134.780,4130.530,4133.760,2441
2026-07-23T01:10:00.000Z,4133.760,4137.190,4131.980,4134.560,2419
2026-07-23T01:15:00.000Z,4134.560,4137.710,4133.720,4135.910,2077
2026-07-23T01:20:00.000Z,4135.910,4140.060,4134.880,4137.760,2072
2026-07-23T01:25:00.000Z,4137.770,4141.070,4136.720,4137.450,1980
2026-07-23T01:30:00.000Z,4137.450,4139.280,4129.070,4133.250,3026
2026-07-23T01:35:00.000Z,4133.560,4133.790,4122.970,4123.070,2770
2026-07-23T01:40:00.000Z,4123.190,4127.540,4121.760,4121.760,2641
2026-07-23T01:45:00.000Z,4121.680,4123.650,4118.150,4121.540,2539
2026-07-23T01:50:00.000Z,4121.540,4122.450,4117.930,4118.790,2559
2026-07-23T01:55:00.000Z,4118.630,4119.140,4114.330,4117.920,2575
2026-07-23T02:00:00.000Z,4117.840,4118.870,4113.070,4113.830,2672
2026-07-23T02:05:00.000Z,4113.890,4116.930,4112.140,4114.240,2432
2026-07-23T02:10:00.000Z,4114.210,4118.470,4114.160,4117.710,1982
2026-07-23T02:15:00.000Z,4117.900,4118.100,4113.330,4115.000,1820
2026-07-23T02:20:00.000Z,4114.960,4117.220,4113.750,4116.300,1736
2026-07-23T02:25:00.000Z,4116.290,4117.080,4114.150,4116.250,1772
2026-07-23T02:30:00.000Z,4116.210,4119.470,4113.940,4116.680,2473
2026-07-23T02:35:00.000Z,4116.660,4118.930,4114.860,4118.770,2148
2026-07-23T02:40:00.000Z,4118.990,4122.350,4117.960,4122.250,2019
2026-07-23T02:45:00.000Z,4122.190,4125.430,4122.190,4122.790,2136
2026-07-23T02:50:00.000Z,4122.780,4128.730,4121.530,4125.400,2001
2026-07-23T02:55:00.000Z,4125.410,4128.520,4125.180,4128.130,1483
2026-07-23T03:00:00.000Z,4128.140,4129.010,4126.030,4126.330,1855
2026-07-23T03:05:00.000Z,4126.140,4127.720,4124.540,4125.040,1711
2026-07-23T03:10:00.000Z,4125.060,4127.380,4124.170,4127.130,1629
2026-07-23T03:15:00.000Z,4127.190,4131.150,4126.700,4131.130,1984
2026-07-23T03:20:00.000Z,4131.110,4133.050,4130.660,4132.650,1746
2026-07-23T03:25:00.000Z,4132.660,4132.660,4129.560,4130.570,1614
2026-07-23T03:30:00.000Z,4130.380,4130.440,4128.430,4130.300,1500
2026-07-23T03:35:00.000Z,4130.320,4131.230,4128.730,4129.540,1207
2026-07-23T03:40:00.000Z,4129.470,4130.280,4126.030,4128.830,1483
2026-07-23T03:45:00.000Z,4128.850,4128.850,4125.210,4125.600,1142
2026-07-23T03:50:00.000Z,4125.610,4126.150,4125.050,4125.870,913
2026-07-23T03:55:00.000Z,4125.860,4126.100,4124.130,4124.710,1064
2026-07-23T04:00:00.000Z,4124.780,4125.220,4122.810,4123.680,1065
2026-07-23T04:05:00.000Z,4123.710,4125.670,4122.560,4125.380,1250
2026-07-23T04:10:00.000Z,4125.280,4127.740,4124.040,4127.740,1335
2026-07-23T04:15:00.000Z,4127.720,4128.360,4125.180,4125.450,1450
2026-07-23T04:20:00.000Z,4125.460,4129.310,4125.460,4128.170,1256
2026-07-23T04:25:00.000Z,4128.090,4129.860,4127.250,4129.810,1119
2026-07-23T04:30:00.000Z,4129.690,4130.270,4125.760,4126.970,1338
2026-07-23T04:35:00.000Z,4126.960,4127.440,4125.810,4125.850,1012
2026-07-23T04:40:00.000Z,4125.880,4125.880,4123.170,4123.260,1061
2026-07-23T04:45:00.000Z,4123.240,4124.340,4121.670,4121.890,1213
2026-07-23T04:50:00.000Z,4121.890,4122.770,4120.270,4120.790,1047
2026-07-23T04:55:00.000Z,4120.800,4121.650,4120.180,4121.280,1031
2026-07-23T05:00:00.000Z,4121.250,4122.610,4119.510,4120.510,1537
2026-07-23T05:05:00.000Z,4120.550,4124.330,4120.460,4124.220,1280
2026-07-23T05:10:00.000Z,4124.230,4125.020,4123.460,4124.520,1258
2026-07-23T05:15:00.000Z,4124.280,4124.310,4121.260,4122.000,1354
2026-07-23T05:20:00.000Z,4122.000,4122.920,4120.040,4121.500,1446
2026-07-23T05:25:00.000Z,4121.490,4125.570,4121.250,4125.570,1362
2026-07-23T05:30:00.000Z,4125.640,4128.520,4123.430,4127.660,2398
2026-07-23T05:35:00.000Z,4127.900,4128.580,4126.250,4126.250,1785
2026-07-23T05:40:00.000Z,4126.280,4127.850,4124.670,4127.770,1985
2026-07-23T05:45:00.000Z,4127.680,4130.530,4126.250,4126.710,1881
2026-07-23T05:50:00.000Z,4126.740,4127.550,4124.100,4125.320,1748
2026-07-23T05:55:00.000Z,4125.390,4125.400,4120.700,4124.070,2056
2026-07-23T06:00:00.000Z,4124.060,4128.230,4123.430,4124.130,2478
2026-07-23T06:05:00.000Z,4124.110,4124.980,4121.310,4122.580,2109
2026-07-23T06:10:00.000Z,4122.600,4124.470,4121.940,4123.240,1674
2026-07-23T06:15:00.000Z,4123.200,4127.710,4122.470,4126.890,1935
2026-07-23T06:20:00.000Z,4126.880,4127.260,4123.360,4124.890,1464
2026-07-23T06:25:00.000Z,4124.930,4124.950,4121.380,4122.130,1719
2026-07-23T06:30:00.000Z,4122.160,4123.040,4120.560,4122.350,1936
2026-07-23T06:35:00.000Z,4122.330,4123.820,4120.800,4120.840,1953
2026-07-23T06:40:00.000Z,4120.850,4121.410,4116.900,4120.040,2181
2026-07-23T06:45:00.000Z,4119.990,4122.350,4119.220,4121.710,1644
2026-07-23T06:50:00.000Z,4121.700,4122.050,4119.750,4120.240,1521
2026-07-23T06:55:00.000Z,4119.890,4120.430,4117.810,4118.640,1590
2026-07-23T07:00:00.000Z,4118.620,4119.400,4113.740,4115.290,2387
2026-07-23T07:05:00.000Z,4115.280,4116.270,4109.770,4110.510,2090
2026-07-23T07:10:00.000Z,4110.520,4110.540,4102.060,4106.690,2625
2026-07-23T07:15:00.000Z,4106.680,4112.020,4106.630,4109.580,2432
2026-07-23T07:20:00.000Z,4109.600,4109.840,4105.540,4105.720,1993
2026-07-23T07:25:00.000Z,4105.670,4110.590,4105.670,4108.460,1702
2026-07-23T07:30:00.000Z,4108.690,4108.850,4102.160,4105.300,2051
2026-07-23T07:35:00.000Z,4105.320,4105.690,4099.420,4100.720,1916
2026-07-23T07:40:00.000Z,4100.760,4102.100,4091.450,4095.610,2284
2026-07-23T07:45:00.000Z,4095.730,4096.840,4091.160,4093.160,2432
2026-07-23T07:50:00.000Z,4093.010,4095.170,4090.360,4093.540,2278
2026-07-23T07:55:00.000Z,4093.560,4097.010,4092.470,4095.510,2375
2026-07-23T08:00:00.000Z,4095.900,4097.480,4090.260,4092.430,2483
2026-07-23T08:05:00.000Z,4092.800,4096.140,4092.430,4096.040,1908
2026-07-23T08:10:00.000Z,4096.250,4097.760,4090.300,4091.440,1991
2026-07-23T08:15:00.000Z,4091.600,4092.490,4089.670,4089.840,1810
2026-07-23T08:20:00.000Z,4089.820,4091.490,4088.830,4090.670,1743
2026-07-23T08:25:00.000Z,4090.670,4092.160,4089.090,4091.920,1636
2026-07-23T08:30:00.000Z,4091.670,4093.490,4089.960,4092.740,1659
2026-07-23T08:35:00.000Z,4092.370,4093.820,4090.860,4092.090,1648
2026-07-23T08:40:00.000Z,4092.110,4092.760,4088.810,4092.540,1886
2026-07-23T08:45:00.000Z,4092.550,4092.550,4086.840,4089.500,1693
2026-07-23T08:50:00.000Z,4089.410,4093.100,4088.220,4092.970,1746
2026-07-23T08:55:00.000Z,4093.040,4094.870,4092.760,4093.440,1465
2026-07-23T09:00:00.000Z,4093.380,4099.430,4092.750,4099.130,2243
2026-07-23T09:05:00.000Z,4099.100,4099.100,4096.740,4097.050,1786
2026-07-23T09:10:00.000Z,4097.040,4098.650,4094.900,4094.970,1509
2026-07-23T09:15:00.000Z,4094.840,4096.990,4094.010,4096.850,1468
2026-07-23T09:20:00.000Z,4096.840,4096.840,4093.120,4093.400,1515
2026-07-23T09:25:00.000Z,4093.600,4094.180,4089.480,4091.460,1715
2026-07-23T09:30:00.000Z,4091.530,4092.330,4088.660,4092.070,1975
2026-07-23T09:35:00.000Z,4092.080,4092.770,4090.760,4092.030,1338
2026-07-23T09:40:00.000Z,4091.940,4093.200,4090.610,4091.920,1283
2026-07-23T09:45:00.000Z,4091.990,4094.260,4091.660,4093.390,1389
2026-07-23T09:50:00.000Z,4093.330,4093.960,4089.910,4092.980,1554
2026-07-23T09:55:00.000Z,4092.900,4093.060,4088.430,4089.920,1450
2026-07-23T10:00:00.000Z,4089.890,4091.650,4087.840,4090.750,1703
2026-07-23T10:05:00.000Z,4090.710,4091.270,4088.030,4088.960,1543
2026-07-23T10:10:00.000Z,4088.940,4091.580,4088.340,4090.870,1437
2026-07-23T10:15:00.000Z,4090.860,4092.560,4088.820,4088.830,1534
2026-07-23T10:20:00.000Z,4088.840,4089.180,4085.730,4087.680,1720
2026-07-23T10:25:00.000Z,4087.760,4090.430,4087.420,4089.900,1294
2026-07-23T10:30:00.000Z,4089.900,4092.790,4086.680,4087.310,1856
2026-07-23T10:35:00.000Z,4087.200,4090.200,4086.820,4090.030,1445
2026-07-23T10:40:00.000Z,4089.980,4089.980,4087.400,4089.450,1523
2026-07-23T10:45:00.000Z,4089.410,4093.580,4087.300,4093.440,1533
2026-07-23T10:50:00.000Z,4093.380,4094.270,4091.760,4094.010,1557
2026-07-23T10:55:00.000Z,4094.000,4095.270,4092.080,4093.250,1444
2026-07-23T11:00:00.000Z,4093.220,4093.880,4090.680,4092.050,1893
2026-07-23T11:05:00.000Z,4092.040,4092.260,4088.490,4088.720,1674
2026-07-23T11:10:00.000Z,4088.680,4089.650,4087.110,4087.740,1571
2026-07-23T11:15:00.000Z,4087.750,4089.290,4084.420,4085.660,1903
2026-07-23T11:20:00.000Z,4085.520,4086.870,4081.050,4084.010,2033
2026-07-23T11:25:00.000Z,4084.000,4085.040,4081.450,4084.370,1975
2026-07-23T11:30:00.000Z,4084.360,4084.360,4079.680,4080.870,2131
2026-07-23T11:35:00.000Z,4080.640,4083.280,4079.370,4079.380,2446
2026-07-23T11:40:00.000Z,4079.360,4079.550,4072.660,4078.730,2615
2026-07-23T11:45:00.000Z,4078.560,4082.150,4077.940,4081.860,2205
2026-07-23T11:50:00.000Z,4081.730,4088.560,4081.690,4084.590,2315
2026-07-23T11:55:00.000Z,4084.530,4086.300,4083.100,4085.710,1589
2026-07-23T12:00:00.000Z,4085.660,4085.870,4082.260,4083.340,1803
2026-07-23T12:05:00.000Z,4083.350,4085.410,4081.880,4083.140,1838
2026-07-23T12:10:00.000Z,4083.280,4085.380,4081.160,4081.400,1488
2026-07-23T12:15:00.000Z,4081.460,4083.070,4072.600,4077.940,2916
2026-07-23T12:20:00.000Z,4077.730,4078.340,4070.330,4071.740,2832
2026-07-23T12:25:00.000Z,4071.760,4077.320,4071.210,4074.980,2409
2026-07-23T12:30:00.000Z,4072.420,4075.110,4067.730,4074.730,3222
2026-07-23T12:35:00.000Z,4074.380,4074.820,4063.900,4073.290,3004
2026-07-23T12:40:00.000Z,4073.240,4073.240,4066.270,4069.210,2850
2026-07-23T12:45:00.000Z,4069.260,4069.380,4062.880,4066.100,3083
2026-07-23T12:50:00.000Z,4066.070,4068.240,4061.930,4064.180,2612
2026-07-23T12:55:00.000Z,4064.060,4066.820,4061.090,4061.870,2564
2026-07-23T13:00:00.000Z,4061.510,4063.540,4054.630,4055.750,3866
2026-07-23T13:05:00.000Z,4055.740,4057.100,4044.830,4047.090,3924
2026-07-23T13:10:00.000Z,4047.120,4047.340,4040.650,4040.940,3825
2026-07-23T13:15:00.000Z,4041.130,4049.680,4040.730,4049.060,3715
2026-07-23T13:20:00.000Z,4049.020,4054.330,4048.750,4051.640,3275
2026-07-23T13:25:00.000Z,4052.110,4059.260,4051.980,4058.880,2993
2026-07-23T13:30:00.000Z,4058.730,4067.500,4058.610,4063.570,4014
2026-07-23T13:35:00.000Z,4063.540,4064.690,4055.620,4056.780,3547
2026-07-23T13:40:00.000Z,4056.840,4062.330,4055.610,4056.410,3191
2026-07-23T13:45:00.000Z,4056.380,4056.970,4050.020,4052.850,3317
2026-07-23T13:50:00.000Z,4052.770,4059.130,4051.880,4056.360,3026
2026-07-23T13:55:00.000Z,4056.350,4057.710,4042.850,4043.340,3298
2026-07-23T14:00:00.000Z,4043.500,4050.790,4042.900,4044.000,3716
2026-07-23T14:05:00.000Z,4044.080,4046.000,4040.190,4045.650,3537
2026-07-23T14:10:00.000Z,4045.720,4051.470,4041.960,4048.000,3649
2026-07-23T14:15:00.000Z,4047.900,4050.200,4042.290,4044.200,3664
2026-07-23T14:20:00.000Z,4044.210,4052.230,4042.880,4052.170,3428
2026-07-23T14:25:00.000Z,4052.060,4056.940,4051.230,4056.380,3359
2026-07-23T14:30:00.000Z,4056.430,4058.080,4051.730,4054.600,3309
2026-07-23T14:35:00.000Z,4054.650,4060.350,4051.770,4059.140,3350
2026-07-23T14:40:00.000Z,4059.070,4059.870,4056.060,4057.100,3163
2026-07-23T14:45:00.000Z,4056.920,4061.730,4056.050,4059.180,3086
2026-07-23T14:50:00.000Z,4058.870,4060.360,4056.720,4056.970,2892
2026-07-23T14:55:00.000Z,4056.960,4060.090,4056.660,4057.950,2964
2026-07-23T15:00:00.000Z,4058.300,4059.490,4055.550,4056.790,2889
2026-07-23T15:05:00.000Z,4056.740,4057.630,4051.640,4052.020,3024
2026-07-23T15:10:00.000Z,4052.010,4054.040,4049.310,4051.410,3065
2026-07-23T15:15:00.000Z,4051.130,4056.770,4050.310,4052.570,3027
2026-07-23T15:20:00.000Z,4052.800,4053.550,4045.590,4050.090,3092
2026-07-23T15:25:00.000Z,4050.080,4050.690,4046.300,4046.890,2961
2026-07-23T15:30:00.000Z,4046.900,4047.030,4042.390,4045.980,3278
2026-07-23T15:35:00.000Z,4045.940,4050.870,4045.730,4049.270,3238
2026-07-23T15:40:00.000Z,4049.230,4053.230,4048.070,4048.070,2995
2026-07-23T15:45:00.000Z,4048.050,4051.040,4047.240,4049.460,2638
2026-07-23T15:50:00.000Z,4049.420,4050.850,4046.740,4050.320,2467
2026-07-23T15:55:00.000Z,4050.360,4050.680,4046.760,4048.700,2149
2026-07-23T16:00:00.000Z,4048.770,4051.020,4048.470,4048.490,2173
2026-07-23T16:05:00.000Z,4048.660,4050.320,4047.420,4048.640,1897
2026-07-23T16:10:00.000Z,4048.620,4050.940,4048.030,4050.190,1925
2026-07-23T16:15:00.000Z,4050.180,4050.880,4045.930,4046.530,1744
2026-07-23T16:20:00.000Z,4046.600,4051.610,4046.580,4048.610,1792
2026-07-23T16:25:00.000Z,4048.630,4051.560,4048.380,4050.000,1986
2026-07-23T16:30:00.000Z,4050.030,4050.850,4048.080,4048.230,2182
2026-07-23T16:35:00.000Z,4048.240,4050.830,4047.060,4050.410,2196
2026-07-23T16:40:00.000Z,4050.370,4051.170,4049.120,4049.860,1490
2026-07-23T16:45:00.000Z,4049.770,4051.150,4048.870,4049.180,1660
2026-07-23T16:50:00.000Z,4049.190,4049.740,4048.070,4049.060,1588
2026-07-23T16:55:00.000Z,4049.080,4051.810,4049.060,4051.480,1483
2026-07-23T17:00:00.000Z,4051.560,4054.630,4050.630,4051.690,2176
2026-07-23T17:05:00.000Z,4051.690,4053.230,4046.950,4048.090,1990
2026-07-23T17:10:00.000Z,4048.120,4049.480,4046.900,4047.260,1987
2026-07-23T17:15:00.000Z,4047.320,4049.750,4046.270,4046.540,1899
2026-07-23T17:20:00.000Z,4046.650,4050.530,4046.650,4048.810,2365
2026-07-23T17:25:00.000Z,4048.800,4049.750,4046.690,4047.230,2365
2026-07-23T17:30:00.000Z,4047.240,4049.160,4046.830,4047.470,2200
2026-07-23T17:35:00.000Z,4047.450,4047.500,4044.280,4044.760,1944
2026-07-23T17:40:00.000Z,4044.800,4045.460,4041.890,4042.880,1980
2026-07-23T17:45:00.000Z,4042.880,4044.400,4042.220,4044.260,1768
2026-07-23T17:50:00.000Z,4044.220,4044.270,4042.010,4043.090,1550
2026-07-23T17:55:00.000Z,4043.080,4043.580,4041.640,4041.810,1446
2026-07-23T18:00:00.000Z,4041.830,4043.380,4040.800,4041.790,2090
2026-07-23T18:05:00.000Z,4041.780,4044.240,4040.730,4043.370,1808
2026-07-23T18:10:00.000Z,4043.400,4044.130,4041.450,4041.890,2003
2026-07-23T18:15:00.000Z,4041.870,4044.720,4040.880,4043.050,2134
2026-07-23T18:20:00.000Z,4043.040,4043.570,4040.800,4042.000,1770
2026-07-23T18:25:00.000Z,4041.980,4045.180,4041.230,4044.540,2092
2026-07-23T18:30:00.000Z,4044.500,4048.120,4044.500,4045.470,1651
2026-07-23T18:35:00.000Z,4045.500,4046.900,4044.490,4045.380,1424
2026-07-23T18:40:00.000Z,4045.360,4046.780,4045.030,4046.520,1150
2026-07-23T18:45:00.000Z,4046.530,4048.400,4046.480,4047.380,1230
2026-07-23T18:50:00.000Z,4047.290,4047.500,4045.810,4046.210,1343
2026-07-23T18:55:00.000Z,4046.250,4047.050,4044.680,4046.170,1693
2026-07-23T19:00:00.000Z,4046.300,4048.590,4045.110,4045.210,1582
2026-07-23T19:05:00.000Z,4045.300,4046.330,4043.610,4043.610,1322
2026-07-23T19:10:00.000Z,4043.620,4044.490,4043.040,4043.290,1158
2026-07-23T19:15:00.000Z,4043.280,4045.890,4043.140,4045.100,1305
2026-07-23T19:20:00.000Z,4045.200,4048.400,4045.010,4048.040,1346
2026-07-23T19:25:00.000Z,4048.090,4049.210,4047.030,4048.260,1274
2026-07-23T19:30:00.000Z,4048.330,4050.890,4045.810,4047.400,1760
2026-07-23T19:35:00.000Z,4047.300,4048.310,4046.870,4047.970,1366
2026-07-23T19:40:00.000Z,4047.960,4048.340,4045.880,4045.880,1467
2026-07-23T19:45:00.000Z,4045.920,4046.800,4044.950,4046.160,1469
2026-07-23T19:50:00.000Z,4046.360,4050.470,4046.350,4050.440,2111
2026-07-23T19:55:00.000Z,4050.600,4051.130,4049.590,4049.920,2171
2026-07-23T20:00:00.000Z,4050.060,4051.150,4048.850,4049.040,1608
2026-07-23T20:05:00.000Z,4049.060,4050.030,4048.310,4048.790,992
2026-07-23T20:10:00.000Z,4048.890,4050.040,4048.590,4049.570,817
2026-07-23T20:15:00.000Z,4049.590,4049.670,4047.990,4048.690,735
2026-07-23T20:20:00.000Z,4048.870,4049.190,4047.410,4049.040,703
2026-07-23T20:25:00.000Z,4049.050,4050.590,4048.860,4050.260,730
2026-07-23T20:30:00.000Z,4050.270,4050.490,4049.190,4050.060,692
2026-07-23T20:35:00.000Z,4050.070,4050.740,4049.970,4050.270,575
2026-07-23T20:40:00.000Z,4050.190,4050.190,4048.880,4049.930,467
2026-07-23T20:45:00.000Z,4049.830,4050.010,4048.800,4049.700,440
2026-07-23T20:50:00.000Z,4049.710,4049.800,4047.480,4048.230,581
2026-07-23T20:55:00.000Z,4048.280,4049.590,4048.270,4049.270,545
2026-07-23T22:00:00.000Z,4046.490,4050.280,4046.490,4048.980,1057
2026-07-23T22:05:00.000Z,4048.950,4050.350,4048.640,4049.070,627
2026-07-23T22:10:00.000Z,4049.030,4049.510,4048.880,4048.980,345
2026-07-23T22:15:00.000Z,4049.290,4050.060,4049.270,4049.690,389
2026-07-23T22:20:00.000Z,4049.730,4050.240,4049.490,4050.110,479
2026-07-23T22:25:00.000Z,4050.100,4050.130,4049.350,4049.940,514
2026-07-23T22:30:00.000Z,4049.970,4050.510,4049.700,4050.260,519
2026-07-23T22:35:00.000Z,4050.260,4050.320,4049.720,4049.820,487
2026-07-23T22:40:00.000Z,4049.810,4050.310,4048.520,4049.400,566
2026-07-23T22:45:00.000Z,4049.430,4049.960,4048.520,4048.720,420
2026-07-23T22:50:00.000Z,4048.690,4050.440,4048.640,4049.910,430
2026-07-23T22:55:00.000Z,4050.060,4050.200,4048.580,4049.650,331
2026-07-23T23:00:00.000Z,4049.670,4049.950,4048.720,4048.850,368
2026-07-23T23:05:00.000Z,4048.900,4049.220,4047.760,4048.370,494
2026-07-23T23:10:00.000Z,4048.420,4048.650,4047.470,4048.450,478
2026-07-23T23:15:00.000Z,4048.490,4049.260,4047.130,4047.340,592
2026-07-23T23:20:00.000Z,4047.360,4049.270,4047.260,4049.260,379
2026-07-23T23:25:00.000Z,4049.260,4050.020,4048.910,4049.250,504
2026-07-23T23:30:00.000Z,4049.310,4050.720,4049.200,4050.530,708
2026-07-23T23:35:00.000Z,4050.470,4050.470,4048.340,4048.410,593
2026-07-23T23:40:00.000Z,4048.450,4048.650,4047.100,4048.280,828
2026-07-23T23:45:00.000Z,4048.270,4049.780,4047.080,4048.550,1088
2026-07-23T23:50:00.000Z,4048.490,4049.630,4047.300,4047.670,654
2026-07-23T23:55:00.000Z,4047.680,4048.420,4046.700,4047.080,643
2026-07-24T00:00:00.000Z,4047.400,4049.960,4046.900,4047.210,1875
2026-07-24T00:05:00.000Z,4047.200,4047.500,4044.980,4045.620,1717
2026-07-24T00:10:00.000Z,4045.900,4046.580,4041.320,4041.640,1837
2026-07-24T00:15:00.000Z,4041.630,4045.120,4041.240,4043.210,1819
2026-07-24T00:20:00.000Z,4043.230,4048.060,4042.950,4046.170,1767
2026-07-24T00:25:00.000Z,4046.170,4047.010,4044.100,4046.670,1636
2026-07-24T00:30:00.000Z,4046.660,4047.330,4044.900,4046.170,1409
2026-07-24T00:35:00.000Z,4046.110,4050.030,4045.340,4048.560,1640
2026-07-24T00:40:00.000Z,4048.570,4050.250,4047.670,4049.340,1382
2026-07-24T00:45:00.000Z,4049.320,4050.620,4048.910,4048.910,1345
2026-07-24T00:50:00.000Z,4048.930,4050.050,4048.410,4048.990,1121
2026-07-24T00:55:00.000Z,4048.980,4050.780,4048.770,4049.850,1620
2026-07-24T01:00:00.000Z,4049.930,4050.290,4039.580,4044.050,3345
2026-07-24T01:05:00.000Z,4044.010,4044.850,4041.880,4043.130,2066
2026-07-24T01:10:00.000Z,4043.070,4044.720,4040.550,4042.510,1978
2026-07-24T01:15:00.000Z,4042.470,4045.950,4041.530,4044.820,1997
2026-07-24T01:20:00.000Z,4044.810,4045.420,4042.120,4045.070,2008
2026-07-24T01:25:00.000Z,4045.060,4045.850,4042.820,4042.820,1783
2026-07-24T01:30:00.000Z,4042.830,4045.170,4041.630,4043.880,2039
2026-07-24T01:35:00.000Z,4043.890,4045.090,4042.120,4043.590,1728
2026-07-24T01:40:00.000Z,4043.550,4050.440,4043.490,4049.920,2118
2026-07-24T01:45:00.000Z,4049.960,4050.130,4047.900,4047.940,2187
2026-07-24T01:50:00.000Z,4047.930,4047.930,4045.060,4046.040,1785
2026-07-24T01:55:00.000Z,4046.060,4046.390,4041.310,4043.630,1777
2026-07-24T02:00:00.000Z,4043.740,4045.240,4042.370,4042.570,1622
2026-07-24T02:05:00.000Z,4042.540,4044.880,4040.980,4044.880,1514
2026-07-24T02:10:00.000Z,4044.810,4046.020,4043.990,4045.820,1510
2026-07-24T02:15:00.000Z,4045.780,4046.140,4044.720,4045.040,916
2026-07-24T02:20:00.000Z,4045.010,4046.360,4042.720,4046.360,1096
2026-07-24T02:25:00.000Z,4046.350,4048.190,4045.820,4046.580,1115
2026-07-24T02:30:00.000Z,4046.610,4048.130,4043.710,4044.170,1922
2026-07-24T02:35:00.000Z,4044.360,4044.870,4041.400,4042.460,1662
2026-07-24T02:40:00.000Z,4042.560,4043.860,4041.420,4041.680,1384
2026-07-24T02:45:00.000Z,4041.670,4041.830,4026.470,4026.470,2578
2026-07-24T02:50:00.000Z,4026.460,4030.500,4025.560,4025.610,3045
2026-07-24T02:55:00.000Z,4025.580,4027.480,4023.180,4024.640,2716
2026-07-24T03:00:00.000Z,4024.860,4027.430,4023.270,4026.770,2246
2026-07-24T03:05:00.000Z,4026.760,4028.890,4026.580,4026.950,1885
2026-07-24T03:10:00.000Z,4027.000,4032.340,4026.120,4031.920,1909
2026-07-24T03:15:00.000Z,4031.910,4033.730,4029.100,4029.270,1855
2026-07-24T03:20:00.000Z,4029.300,4031.850,4028.230,4030.370,1791
2026-07-24T03:25:00.000Z,4030.340,4031.230,4028.580,4030.300,1726
2026-07-24T03:30:00.000Z,4030.290,4033.180,4030.290,4032.150,1539
2026-07-24T03:35:00.000Z,4032.160,4032.990,4031.030,4031.500,1257
2026-07-24T03:40:00.000Z,4031.530,4032.880,4030.870,4031.690,1134
2026-07-24T03:45:00.000Z,4031.700,4032.120,4029.940,4031.640,1054
2026-07-24T03:50:00.000Z,4031.610,4032.160,4029.830,4029.880,1126
2026-07-24T03:55:00.000Z,4029.810,4029.810,4028.410,4029.280,1019
2026-07-24T04:00:00.000Z,4029.110,4029.710,4027.870,4029.430,1086
2026-07-24T04:05:00.000Z,4029.480,4030.350,4028.230,4029.320,1226
2026-07-24T04:10:00.000Z,4029.330,4029.340,4027.170,4028.190,1022
2026-07-24T04:15:00.000Z,4028.240,4028.940,4027.710,4028.630,830
2026-07-24T04:20:00.000Z,4028.560,4030.140,4027.940,4029.460,905
2026-07-24T04:25:00.000Z,4029.590,4030.430,4029.420,4029.860,840
2026-07-24T04:30:00.000Z,4030.090,4030.400,4028.720,4029.040,743
2026-07-24T04:35:00.000Z,4029.030,4029.880,4027.100,4027.470,799
2026-07-24T04:40:00.000Z,4027.540,4027.640,4026.010,4026.960,883
2026-07-24T04:45:00.000Z,4026.920,4027.310,4025.670,4026.970,774
2026-07-24T04:50:00.000Z,4026.980,4027.400,4026.000,4026.790,788
2026-07-24T04:55:00.000Z,4026.880,4028.800,4026.630,4027.060,852
2026-07-24T05:00:00.000Z,4027.180,4028.780,4025.320,4028.770,1165
2026-07-24T05:05:00.000Z,4028.750,4029.970,4027.780,4029.030,1157
2026-07-24T05:10:00.000Z,4029.130,4032.180,4027.490,4027.690,1414
2026-07-24T05:15:00.000Z,4027.690,4027.800,4022.410,4024.330,1500
2026-07-24T05:20:00.000Z,4024.420,4029.990,4024.250,4027.500,1367
2026-07-24T05:25:00.000Z,4027.450,4027.870,4025.530,4026.290,910
2026-07-24T05:30:00.000Z,4026.160,4031.550,4025.700,4031.360,2195
2026-07-24T05:35:00.000Z,4031.400,4031.480,4025.040,4026.220,2135
2026-07-24T05:40:00.000Z,4026.180,4028.560,4024.070,4024.910,1864
2026-07-24T05:45:00.000Z,4024.820,4029.130,4024.610,4028.190,1519
2026-07-24T05:50:00.000Z,4028.570,4029.340,4022.860,4023.660,1738
2026-07-24T05:55:00.000Z,4023.670,4024.060,4021.970,4023.110,1807
2026-07-24T06:00:00.000Z,4023.120,4025.780,4023.020,4025.200,1938
2026-07-24T06:05:00.000Z,4025.280,4027.370,4024.600,4027.280,1808
2026-07-24T06:10:00.000Z,4027.490,4031.360,4026.640,4031.010,1965
2026-07-24T06:15:00.000Z,4031.070,4034.150,4029.440,4034.140,1751
2026-07-24T06:20:00.000Z,4034.100,4037.000,4033.640,4036.170,2030
2026-07-24T06:25:00.000Z,4036.220,4039.090,4035.230,4036.660,1816
2026-07-24T06:30:00.000Z,4036.670,4036.670,4033.330,4034.710,1677
2026-07-24T06:35:00.000Z,4034.580,4037.180,4034.540,4035.600,1663
2026-07-24T06:40:00.000Z,4035.680,4036.850,4033.610,4033.970,1649
2026-07-24T06:45:00.000Z,4033.990,4037.020,4033.640,4034.150,1635
2026-07-24T06:50:00.000Z,4034.170,4035.680,4031.750,4035.380,1741
2026-07-24T06:55:00.000Z,4035.340,4038.780,4035.090,4035.730,1844
2026-07-24T07:00:00.000Z,4035.690,4040.360,4035.100,4038.460,2185
2026-07-24T07:05:00.000Z,4038.450,4045.830,4038.180,4045.770,2065
2026-07-24T07:10:00.000Z,4045.840,4047.490,4044.990,4045.540,1845
2026-07-24T07:15:00.000Z,4045.990,4047.500,4044.130,4047.400,2051
2026-07-24T07:20:00.000Z,4047.350,4049.000,4045.930,4048.200,1631
2026-07-24T07:25:00.000Z,4048.110,4050.820,4047.700,4048.780,1631
2026-07-24T07:30:00.000Z,4048.770,4053.620,4047.910,4053.620,2104
2026-07-24T07:35:00.000Z,4053.780,4053.780,4046.640,4046.960,1609
2026-07-24T07:40:00.000Z,4047.060,4048.620,4045.860,4048.440,1323
2026-07-24T07:45:00.000Z,4048.520,4048.520,4046.220,4047.520,1451
2026-07-24T07:50:00.000Z,4047.530,4048.810,4047.060,4047.860,1330
2026-07-24T07:55:00.000Z,4048.000,4049.760,4047.700,4048.440,1246
2026-07-24T08:00:00.000Z,4048.410,4049.120,4046.640,4047.430,1675
2026-07-24T08:05:00.000Z,4047.330,4047.900,4045.260,4047.510,1773
2026-07-24T08:10:00.000Z,4047.650,4047.790,4045.720,4046.900,1513
2026-07-24T08:15:00.000Z,4046.860,4047.900,4045.160,4046.820,1548
2026-07-24T08:20:00.000Z,4046.820,4048.110,4046.150,4046.880,1608
2026-07-24T08:25:00.000Z,4046.790,4052.620,4046.100,4052.620,1741
2026-07-24T08:30:00.000Z,4052.390,4052.390,4049.930,4049.930,1855
2026-07-24T08:35:00.000Z,4050.040,4053.110,4048.800,4052.700,1495
2026-07-24T08:40:00.000Z,4052.810,4055.540,4052.640,4054.710,1516
2026-07-24T08:45:00.000Z,4054.820,4055.020,4052.390,4054.820,1472
2026-07-24T08:50:00.000Z,4054.720,4057.140,4054.340,4056.380,1434
2026-07-24T08:55:00.000Z,4056.410,4058.730,4056.180,4057.590,1302
2026-07-24T09:00:00.000Z,4057.700,4060.800,4056.060,4056.750,1907
2026-07-24T09:05:00.000Z,4056.750,4057.620,4055.290,4057.580,1514
2026-07-24T09:10:00.000Z,4057.570,4058.000,4053.310,4054.230,1318
2026-07-24T09:15:00.000Z,4054.210,4056.640,4053.240,4055.080,1209
2026-07-24T09:20:00.000Z,4054.940,4055.240,4053.400,4054.690,1409
2026-07-24T09:25:00.000Z,4054.700,4056.080,4052.500,4052.950,1294
2026-07-24T09:30:00.000Z,4053.030,4054.570,4051.550,4053.910,1413
2026-07-24T09:35:00.000Z,4053.920,4055.240,4053.610,4055.090,1115
2026-07-24T09:40:00.000Z,4055.140,4056.220,4054.120,4055.710,1078
2026-07-24T09:45:00.000Z,4055.700,4056.230,4055.060,4055.270,1022
2026-07-24T09:50:00.000Z,4055.450,4058.360,4054.730,4058.230,1301
2026-07-24T09:55:00.000Z,4058.240,4059.900,4058.200,4059.880,1142
2026-07-24T10:00:00.000Z,4059.850,4061.510,4058.570,4059.890,1246
2026-07-24T10:05:00.000Z,4059.920,4060.560,4058.890,4060.440,1317
2026-07-24T10:10:00.000Z,4060.320,4060.600,4057.830,4058.260,1176
2026-07-24T10:15:00.000Z,4058.300,4061.920,4057.650,4059.600,1192
2026-07-24T10:20:00.000Z,4059.600,4061.270,4059.230,4060.390,1075
2026-07-24T10:25:00.000Z,4060.380,4063.660,4059.910,4062.020,1375
2026-07-24T10:30:00.000Z,4062.020,4063.920,4061.460,4061.620,1052
2026-07-24T10:35:00.000Z,4061.630,4061.630,4060.070,4060.110,987
2026-07-24T10:40:00.000Z,4060.090,4060.130,4058.180,4058.380,1045
2026-07-24T10:45:00.000Z,4058.520,4059.180,4057.720,4058.840,989
2026-07-24T10:50:00.000Z,4058.820,4059.380,4057.170,4057.800,1209
2026-07-24T10:55:00.000Z,4057.810,4060.310,4057.390,4060.090,1104
2026-07-24T11:00:00.000Z,4059.990,4062.710,4058.510,4062.290,1716
2026-07-24T11:05:00.000Z,4062.280,4063.390,4060.580,4061.080,1159
2026-07-24T11:10:00.000Z,4061.040,4061.310,4060.390,4061.270,653
2026-07-24T11:15:00.000Z,4061.280,4061.790,4060.130,4061.280,983
2026-07-24T11:20:00.000Z,4061.270,4062.020,4060.300,4061.540,826
2026-07-24T11:25:00.000Z,4061.550,4061.700,4059.210,4059.220,923
2026-07-24T11:30:00.000Z,4059.190,4060.360,4058.050,4059.850,1250
2026-07-24T11:35:00.000Z,4059.850,4059.940,4056.770,4057.170,1417
2026-07-24T11:40:00.000Z,4057.180,4057.930,4055.250,4055.270,1165
2026-07-24T11:45:00.000Z,4055.280,4056.780,4053.840,4055.240,1280
2026-07-24T11:50:00.000Z,4055.220,4055.290,4052.600,4052.760,1032
2026-07-24T11:55:00.000Z,4052.770,4061.670,4051.440,4057.810,2087
2026-07-24T12:00:00.000Z,4058.420,4058.520,4052.380,4054.160,2234
2026-07-24T12:05:00.000Z,4054.100,4058.430,4052.680,4056.860,1948
2026-07-24T12:10:00.000Z,4056.900,4057.480,4055.650,4056.630,1518
2026-07-24T12:15:00.000Z,4056.610,4057.700,4055.820,4056.930,1524
2026-07-24T12:20:00.000Z,4056.160,4058.450,4054.900,4058.450,1705
2026-07-24T12:25:00.000Z,4058.440,4060.250,4056.100,4059.710,1799
2026-07-24T12:30:00.000Z,4059.530,4059.680,4056.490,4057.230,1654
2026-07-24T12:35:00.000Z,4057.220,4058.320,4055.250,4055.780,1535
2026-07-24T12:40:00.000Z,4055.760,4056.840,4052.070,4055.190,1831
2026-07-24T12:45:00.000Z,4055.220,4056.430,4051.760,4053.940,1470
2026-07-24T12:50:00.000Z,4053.930,4055.840,4053.860,4055.230,1326
2026-07-24T12:55:00.000Z,4055.320,4056.130,4051.740,4056.130,1482
2026-07-24T13:00:00.000Z,4056.020,4058.450,4051.550,4052.250,2387
2026-07-24T13:05:00.000Z,4052.080,4053.130,4045.860,4046.580,2415
2026-07-24T13:10:00.000Z,4046.590,4049.690,4044.710,4048.200,2282
2026-07-24T13:15:00.000Z,4048.130,4048.530,4044.900,4046.280,1869
2026-07-24T13:20:00.000Z,4046.450,4049.360,4045.660,4046.970,2011
2026-07-24T13:25:00.000Z,4047.190,4048.580,4045.830,4046.370,1802
2026-07-24T13:30:00.000Z,4046.430,4050.330,4044.780,4049.370,3117
2026-07-24T13:35:00.000Z,4049.360,4056.870,4049.260,4056.270,2944
2026-07-24T13:40:00.000Z,4056.290,4056.680,4051.350,4052.300,2405
2026-07-24T13:45:00.000Z,4051.770,4060.930,4048.290,4058.520,3072
2026-07-24T13:50:00.000Z,4058.300,4061.140,4055.970,4059.800,2988
2026-07-24T13:55:00.000Z,4059.570,4068.710,4057.010,4067.540,2717
2026-07-24T14:00:00.000Z,4067.500,4070.140,4062.720,4062.720,3281
2026-07-24T14:05:00.000Z,4062.830,4064.810,4057.390,4062.430,3219
2026-07-24T14:10:00.000Z,4062.310,4063.870,4058.940,4058.950,2840
2026-07-24T14:15:00.000Z,4058.960,4060.410,4055.960,4058.120,2949
2026-07-24T14:20:00.000Z,4058.180,4064.800,4057.020,4064.780,3089
2026-07-24T14:25:00.000Z,4064.960,4069.380,4064.610,4066.180,3158
2026-07-24T14:30:00.000Z,4066.360,4068.130,4064.690,4064.760,2854
2026-07-24T14:35:00.000Z,4065.020,4066.870,4059.970,4060.620,2595
2026-07-24T14:40:00.000Z,4060.600,4062.420,4059.280,4060.300,2816
2026-07-24T14:45:00.000Z,4060.290,4063.600,4058.560,4063.170,2722
2026-07-24T14:50:00.000Z,4063.350,4064.980,4061.170,4061.760,2504
2026-07-24T14:55:00.000Z,4061.770,4066.510,4061.400,4063.380,2530
2026-07-24T15:00:00.000Z,4063.390,4067.060,4062.010,4063.990,2553
2026-07-24T15:05:00.000Z,4064.150,4064.760,4061.910,4063.290,2152
2026-07-24T15:10:00.000Z,4063.300,4076.710,4063.200,4074.740,3619
2026-07-24T15:15:00.000Z,4074.600,4081.560,4072.050,4077.200,3978
2026-07-24T15:20:00.000Z,4077.160,4082.180,4072.710,4074.060,3275
2026-07-24T15:25:00.000Z,4074.120,4077.210,4072.630,4075.000,2881
2026-07-24T15:30:00.000Z,4074.990,4076.870,4074.040,4074.150,2669
2026-07-24T15:35:00.000Z,4074.240,4078.940,4073.570,4077.980,2438
2026-07-24T15:40:00.000Z,4077.760,4079.670,4071.860,4072.050,2474
2026-07-24T15:45:00.000Z,4072.250,4073.580,4070.980,4072.930,2263
2026-07-24T15:50:00.000Z,4072.940,4076.200,4072.860,4075.350,2273
2026-07-24T15:55:00.000Z,4075.310,4077.960,4075.110,4077.410,2049
2026-07-24T16:00:00.000Z,4077.440,4077.470,4075.080,4076.630,1999
2026-07-24T16:05:00.000Z,4076.600,4077.550,4075.110,4076.200,1849
2026-07-24T16:10:00.000Z,4076.230,4077.090,4074.500,4074.900,1837
2026-07-24T16:15:00.000Z,4074.920,4076.020,4073.960,4074.790,1769
2026-07-24T16:20:00.000Z,4074.770,4077.750,4073.860,4077.400,1583
2026-07-24T16:25:00.000Z,4077.390,4078.180,4073.620,4073.830,1745
2026-07-24T16:30:00.000Z,4073.850,4074.120,4070.420,4072.470,2043
2026-07-24T16:35:00.000Z,4072.470,4072.470,4067.660,4068.090,1879
2026-07-24T16:40:00.000Z,4068.100,4068.990,4066.750,4067.760,1770
2026-07-24T16:45:00.000Z,4067.750,4067.810,4064.370,4065.330,1828
2026-07-24T16:50:00.000Z,4065.190,4065.990,4064.220,4065.740,1553
2026-07-24T16:55:00.000Z,4065.750,4067.780,4065.470,4067.120,1740
2026-07-24T17:00:00.000Z,4067.160,4068.440,4066.770,4067.980,1781
2026-07-24T17:05:00.000Z,4067.960,4068.040,4064.070,4065.810,2238
2026-07-24T17:10:00.000Z,4065.830,4066.230,4062.920,4064.280,1807
2026-07-24T17:15:00.000Z,4064.310,4066.970,4063.730,4066.820,1659
2026-07-24T17:20:00.000Z,4067.040,4068.860,4065.400,4068.780,1936
2026-07-24T17:25:00.000Z,4068.790,4069.880,4067.280,4068.480,2045
2026-07-24T17:30:00.000Z,4068.460,4069.900,4067.600,4068.570,1410
2026-07-24T17:35:00.000Z,4068.540,4068.990,4067.650,4068.090,1378
2026-07-24T17:40:00.000Z,4068.100,4068.950,4066.240,4066.620,1453
2026-07-24T17:45:00.000Z,4066.600,4067.380,4064.900,4066.170,1268
2026-07-24T17:50:00.000Z,4066.200,4067.000,4063.110,4063.470,1415
2026-07-24T17:55:00.000Z,4063.500,4065.290,4063.340,4063.430,1400
2026-07-24T18:00:00.000Z,4063.660,4064.140,4061.250,4062.970,1446
2026-07-24T18:05:00.000Z,4062.880,4064.570,4062.820,4063.090,1484
2026-07-24T18:10:00.000Z,4063.280,4063.520,4061.470,4061.710,1253
2026-07-24T18:15:00.000Z,4061.710,4063.020,4060.170,4060.230,1350
2026-07-24T18:20:00.000Z,4060.240,4060.720,4056.680,4057.550,1877
2026-07-24T18:25:00.000Z,4057.510,4058.430,4055.030,4055.320,1846
2026-07-24T18:30:00.000Z,4055.400,4056.200,4052.550,4054.330,1696
2026-07-24T18:35:00.000Z,4054.240,4057.000,4053.400,4055.640,1824
2026-07-24T18:40:00.000Z,4055.630,4055.630,4050.950,4052.190,1696
2026-07-24T18:45:00.000Z,4052.180,4055.220,4051.830,4053.550,1338
2026-07-24T18:50:00.000Z,4053.550,4055.950,4052.980,4054.400,1213
2026-07-24T18:55:00.000Z,4054.480,4055.280,4054.020,4054.410,1234
2026-07-24T19:00:00.000Z,4054.480,4056.380,4052.230,4054.720,1888
2026-07-24T19:05:00.000Z,4054.680,4054.860,4052.520,4052.970,1603
2026-07-24T19:10:00.000Z,4052.960,4054.760,4052.210,4052.300,1508
2026-07-24T19:15:00.000Z,4052.320,4052.400,4049.640,4050.880,1605
2026-07-24T19:20:00.000Z,4050.870,4051.290,4049.570,4049.680,1416
2026-07-24T19:25:00.000Z,4049.660,4051.940,4049.300,4051.620,1296
2026-07-24T19:30:00.000Z,4051.580,4054.470,4051.340,4054.080,1723
2026-07-24T19:35:00.000Z,4054.090,4056.430,4053.670,4055.490,2078
2026-07-24T19:40:00.000Z,4055.530,4057.950,4055.300,4056.990,1656
2026-07-24T19:45:00.000Z,4057.030,4057.490,4054.980,4055.330,1439
2026-07-24T19:50:00.000Z,4055.550,4055.730,4053.800,4055.390,1616
2026-07-24T19:55:00.000Z,4055.370,4055.480,4052.860,4053.800,1908
2026-07-24T20:00:00.000Z,4053.570,4055.260,4053.210,4054.220,922
2026-07-24T20:05:00.000Z,4054.160,4054.330,4052.940,4052.980,507
2026-07-24T20:10:00.000Z,4052.940,4053.500,4052.310,4052.620,443
2026-07-24T20:15:00.000Z,4052.670,4053.330,4052.160,4052.600,502
2026-07-24T20:20:00.000Z,4052.610,4053.490,4052.170,4053.490,424
2026-07-24T20:25:00.000Z,4053.500,4054.750,4053.140,4053.740,610
2026-07-24T20:30:00.000Z,4053.750,4054.090,4051.610,4052.300,476
2026-07-24T20:35:00.000Z,4052.310,4054.460,4052.310,4054.320,494
2026-07-24T20:40:00.000Z,4054.240,4056.020,4053.620,4055.450,450
2026-07-24T20:45:00.000Z,4055.350,4056.300,4054.140,4054.360,623
2026-07-24T20:50:00.000Z,4054.510,4054.700,4053.160,4053.260,451
2026-07-24T20:55:00.000Z,4053.230,4053.280,4051.850,4052.850,421
2026-07-26T22:00:00.000Z,4092.070,4096.880,4088.060,4089.600,1538
2026-07-26T22:05:00.000Z,4089.910,4092.430,4087.500,4088.650,1286
2026-07-26T22:10:00.000Z,4088.540,4089.300,4086.530,4088.070,1429
2026-07-26T22:15:00.000Z,4088.140,4088.140,4083.990,4087.850,1483
2026-07-26T22:20:00.000Z,4087.870,4090.180,4087.180,4087.650,1264
2026-07-26T22:25:00.000Z,4087.610,4087.780,4085.390,4086.520,971
2026-07-26T22:30:00.000Z,4086.060,4091.980,4085.640,4091.680,1253
2026-07-26T22:35:00.000Z,4092.370,4093.010,4089.780,4090.270,1117
2026-07-26T22:40:00.000Z,4090.280,4092.760,4090.210,4091.250,1047
2026-07-26T22:45:00.000Z,4091.200,4093.750,4089.770,4090.230,1107
2026-07-26T22:50:00.000Z,4090.300,4092.150,4090.280,4091.720,650
2026-07-26T22:55:00.000Z,4091.710,4091.950,4089.020,4089.610,900
2026-07-26T23:00:00.000Z,4089.750,4091.330,4087.070,4087.330,1104
2026-07-26T23:05:00.000Z,4087.400,4088.450,4087.080,4087.300,752
2026-07-26T23:10:00.000Z,4087.300,4087.730,4084.560,4084.870,872
2026-07-26T23:15:00.000Z,4084.920,4086.380,4084.420,4084.960,989
2026-07-26T23:20:00.000Z,4084.930,4086.300,4083.680,4084.120,1082
2026-07-26T23:25:00.000Z,4084.130,4085.480,4083.840,4084.860,968
2026-07-26T23:30:00.000Z,4084.840,4086.660,4084.660,4086.470,848
2026-07-26T23:35:00.000Z,4086.290,4087.760,4086.170,4086.450,740
2026-07-26T23:40:00.000Z,4086.410,4089.390,4086.380,4089.150,801
2026-07-26T23:45:00.000Z,4089.110,4094.720,4088.210,4094.580,1719
2026-07-26T23:50:00.000Z,4094.650,4096.370,4093.180,4093.370,1588
2026-07-26T23:55:00.000Z,4093.260,4096.280,4092.720,4094.220,1798
2026-07-27T00:00:00.000Z,4094.090,4104.930,4094.020,4101.980,3096
2026-07-27T00:05:00.000Z,4101.980,4108.220,4099.550,4108.220,2504
2026-07-27T00:10:00.000Z,4108.230,4116.220,4107.020,4115.710,2842
2026-07-27T00:15:00.000Z,4115.730,4115.730,4106.760,4107.320,2500
2026-07-27T00:20:00.000Z,4107.240,4107.500,4101.670,4102.810,2390
2026-07-27T00:25:00.000Z,4102.830,4102.990,4090.740,4094.530,2568
2026-07-27T00:30:00.000Z,4094.440,4099.810,4093.770,4099.680,2341
2026-07-27T00:35:00.000Z,4099.690,4102.420,4099.320,4099.520,2117
2026-07-27T00:40:00.000Z,4099.500,4102.100,4098.430,4099.910,1938
2026-07-27T00:45:00.000Z,4099.860,4106.000,4099.720,4104.750,2253
2026-07-27T00:50:00.000Z,4104.740,4109.290,4104.740,4106.080,2170
2026-07-27T00:55:00.000Z,4106.010,4106.440,4099.150,4100.730,2273
2026-07-27T01:00:00.000Z,4100.660,4111.950,4100.630,4107.430,3521
2026-07-27T01:05:00.000Z,4107.470,4112.530,4105.640,4106.320,3024
2026-07-27T01:10:00.000Z,4106.310,4110.040,4106.230,4107.170,2733
2026-07-27T01:15:00.000Z,4107.190,4109.210,4102.180,4102.470,2963
2026-07-27T01:20:00.000Z,4102.460,4103.160,4099.930,4101.680,2528
2026-07-27T01:25:00.000Z,4101.710,4101.710,4096.990,4099.970,2431
2026-07-27T01:30:00.000Z,4100.090,4103.760,4099.630,4100.270,2739
2026-07-27T01:35:00.000Z,4100.250,4104.090,4097.960,4103.740,2606
2026-07-27T01:40:00.000Z,4103.680,4104.350,4102.010,4102.770,2172
2026-07-27T01:45:00.000Z,4102.710,4107.070,4102.710,4105.790,2130
2026-07-27T01:50:00.000Z,4105.770,4108.430,4102.890,4108.120,2259
2026-07-27T01:55:00.000Z,4108.170,4110.180,4106.140,4110.180,2223
2026-07-27T02:00:00.000Z,4110.650,4110.910,4105.290,4105.470,2162
2026-07-27T02:05:00.000Z,4105.430,4107.540,4103.970,4104.220,1925
2026-07-27T02:10:00.000Z,4104.350,4106.040,4103.430,4105.600,1786
2026-07-27T02:15:00.000Z,4105.580,4105.930,4103.650,4104.300,1351
2026-07-27T02:20:00.000Z,4104.330,4104.720,4101.990,4104.100,1244
2026-07-27T02:25:00.000Z,4104.080,4105.740,4102.950,4103.090,1361
2026-07-27T02:30:00.000Z,4103.240,4103.240,4099.340,4100.090,2205
2026-07-27T02:35:00.000Z,4100.040,4101.300,4097.680,4097.690,1710
2026-07-27T02:40:00.000Z,4098.060,4098.670,4095.630,4096.610,1458
2026-07-27T02:45:00.000Z,4096.550,4097.620,4095.070,4095.220,1361
2026-07-27T02:50:00.000Z,4095.090,4096.870,4094.260,4096.580,1445
2026-07-27T02:55:00.000Z,4096.580,4096.580,4093.720,4093.720,1242
2026-07-27T03:00:00.000Z,4093.420,4095.850,4091.010,4092.430,1723
2026-07-27T03:05:00.000Z,4092.440,4093.340,4091.010,4091.450,1371
2026-07-27T03:10:00.000Z,4091.520,4092.290,4089.170,4091.970,1538
2026-07-27T03:15:00.000Z,4092.040,4093.570,4091.260,4092.220,1345
2026-07-27T03:20:00.000Z,4092.150,4092.220,4089.360,4090.050,1214
2026-07-27T03:25:00.000Z,4090.080,4090.110,4085.390,4085.630,1669
2026-07-27T03:30:00.000Z,4085.450,4090.300,4085.200,4090.280,1740
2026-07-27T03:35:00.000Z,4090.250,4090.620,4088.060,4089.290,1306
2026-07-27T03:40:00.000Z,4089.280,4090.850,4089.000,4089.830,1222
2026-07-27T03:45:00.000Z,4089.840,4089.920,4088.560,4089.480,937
2026-07-27T03:50:00.000Z,4089.520,4090.710,4089.180,4089.440,746
2026-07-27T03:55:00.000Z,4089.450,4091.210,4089.430,4090.990,799
2026-07-27T04:00:00.000Z,4091.110,4092.910,4090.850,4091.300,1194
2026-07-27T04:05:00.000Z,4091.270,4091.780,4089.520,4089.860,1024
2026-07-27T04:10:00.000Z,4089.780,4090.500,4088.710,4090.160,1015
2026-07-27T04:15:00.000Z,4090.030,4090.480,4087.130,4088.070,1118
2026-07-27T04:20:00.000Z,4088.170,4089.830,4087.550,4088.140,901
2026-07-27T04:25:00.000Z,4088.180,4089.130,4087.340,4089.060,1052
2026-07-27T04:30:00.000Z,4089.030,4091.120,4089.030,4090.640,1105
2026-07-27T04:35:00.000Z,4090.670,4092.260,4090.260,4091.200,1054
2026-07-27T04:40:00.000Z,4091.210,4092.330,4090.320,4090.450,949
2026-07-27T04:45:00.000Z,4090.460,4091.340,4089.840,4090.130,754
2026-07-27T04:50:00.000Z,4090.100,4090.490,4089.220,4090.390,717
2026-07-27T04:55:00.000Z,4090.340,4090.900,4089.620,4090.300,874
2026-07-27T05:00:00.000Z,4090.280,4092.560,4088.590,4090.530,1353
2026-07-27T05:05:00.000Z,4090.530,4094.220,4089.700,4093.400,1326
2026-07-27T05:10:00.000Z,4093.270,4094.770,4092.510,4094.770,1213
2026-07-27T05:15:00.000Z,4094.760,4094.760,4091.730,4091.870,1035
2026-07-27T05:20:00.000Z,4091.880,4091.920,4088.220,4088.220,989
2026-07-27T05:25:00.000Z,4088.300,4088.300,4086.150,4087.050,1309
2026-07-27T05:30:00.000Z,4086.730,4090.260,4086.260,4087.560,2264
2026-07-27T05:35:00.000Z,4087.590,4090.050,4085.810,4088.420,1875
2026-07-27T05:40:00.000Z,4088.260,4089.580,4086.830,4088.080,1794
2026-07-27T05:45:00.000Z,4088.290,4088.290,4084.440,4086.170,2003
2026-07-27T05:50:00.000Z,4086.170,4089.320,4084.920,4089.020,1527
2026-07-27T05:55:00.000Z,4088.920,4093.620,4087.610,4093.180,1937
2026-07-27T06:00:00.000Z,4093.110,4094.660,4091.970,4093.650,2220
2026-07-27T06:05:00.000Z,4093.620,4094.730,4091.660,4093.900,1876
2026-07-27T06:10:00.000Z,4093.880,4096.400,4093.090,4094.440,1782
2026-07-27T06:15:00.000Z,4094.440,4095.360,4092.070,4093.020,1398
2026-07-27T06:20:00.000Z,4093.020,4094.280,4091.310,4094.100,1702
2026-07-27T06:25:00.000Z,4094.130,4096.480,4094.130,4096.100,1368
2026-07-27T06:30:00.000Z,4096.080,4096.640,4094.300,4095.790,1688
2026-07-27T06:35:00.000Z,4095.840,4098.410,4095.120,4098.180,1615
2026-07-27T06:40:00.000Z,4098.190,4099.300,4096.420,4098.660,1716
2026-07-27T06:45:00.000Z,4098.700,4099.110,4097.360,4097.870,1378
2026-07-27T06:50:00.000Z,4097.800,4097.800,4095.120,4096.650,1602
2026-07-27T06:55:00.000Z,4096.620,4097.410,4095.620,4095.890,1858
2026-07-27T07:00:00.000Z,4096.200,4100.850,4095.970,4098.890,2418
2026-07-27T07:05:00.000Z,4098.960,4100.190,4096.370,4098.100,1981
2026-07-27T07:10:00.000Z,4098.170,4101.980,4097.040,4101.980,2036
2026-07-27T07:15:00.000Z,4101.980,4104.010,4099.860,4103.970,2034
2026-07-27T07:20:00.000Z,4103.990,4105.620,4103.020,4104.780,1809
2026-07-27T07:25:00.000Z,4104.860,4106.060,4103.050,4103.220,1824
2026-07-27T07:30:00.000Z,4103.230,4103.420,4101.430,4102.810,1767
2026-07-27T07:35:00.000Z,4102.840,4103.670,4098.770,4099.290,1697
2026-07-27T07:40:00.000Z,4099.250,4099.320,4095.830,4097.310,1626
2026-07-27T07:45:00.000Z,4097.330,4099.190,4096.780,4097.770,1639
2026-07-27T07:50:00.000Z,4097.780,4097.900,4093.190,4094.130,1760
2026-07-27T07:55:00.000Z,4094.160,4094.720,4088.560,4088.830,1884
2026-07-27T08:00:00.000Z,4088.950,4093.110,4088.060,4088.540,2460
2026-07-27T08:05:00.000Z,4088.260,4092.340,4087.060,4090.400,2016
2026-07-27T08:10:00.000Z,4090.370,4092.090,4090.030,4091.360,1712
2026-07-27T08:15:00.000Z,4091.320,4091.840,4089.630,4091.450,1661
2026-07-27T08:20:00.000Z,4091.360,4091.510,4089.000,4090.980,1862
2026-07-27T08:25:00.000Z,4091.030,4092.600,4090.850,4091.050,1737
2026-07-27T08:30:00.000Z,4090.920,4091.200,4087.490,4087.490,1593
2026-07-27T08:35:00.000Z,4087.460,4090.780,4087.460,4090.490,1570
2026-07-27T08:40:00.000Z,4090.450,4092.940,4089.810,4091.430,1665
2026-07-27T08:45:00.000Z,4091.460,4093.600,4090.940,4093.250,1274
2026-07-27T08:50:00.000Z,4093.310,4095.010,4091.370,4094.890,1284
2026-07-27T08:55:00.000Z,4094.700,4096.870,4094.100,4095.240,1319
2026-07-27T09:00:00.000Z,4095.110,4096.280,4094.290,4096.190,1273
2026-07-27T09:05:00.000Z,4096.190,4098.470,4094.680,4094.690,1456
2026-07-27T09:10:00.000Z,4094.850,4095.660,4093.100,4093.990,1212
2026-07-27T09:15:00.000Z,4094.000,4094.680,4092.800,4093.030,1172
2026-07-27T09:20:00.000Z,4092.970,4095.010,4092.420,4093.750,1189
2026-07-27T09:25:00.000Z,4093.730,4095.870,4091.130,4091.590,1604
2026-07-27T09:30:00.000Z,4091.470,4093.730,4090.600,4091.860,1811
2026-07-27T09:35:00.000Z,4091.880,4093.780,4091.250,4092.270,1178
2026-07-27T09:40:00.000Z,4092.100,4094.750,4091.310,4094.260,1130
2026-07-27T09:45:00.000Z,4094.260,4097.950,4093.860,4097.360,1470
2026-07-27T09:50:00.000Z,4097.560,4099.270,4096.310,4097.980,1352
2026-07-27T09:55:00.000Z,4098.030,4100.440,4096.190,4096.280,1346
2026-07-27T10:00:00.000Z,4096.260,4096.650,4094.290,4095.190,1370
2026-07-27T10:05:00.000Z,4095.180,4095.420,4093.190,4093.860,1166
2026-07-27T10:10:00.000Z,4093.910,4093.960,4086.500,4090.910,2268
2026-07-27T10:15:00.000Z,4090.900,4092.360,4089.250,4091.170,1490
2026-07-27T10:20:00.000Z,4091.160,4094.040,4090.780,4092.530,1332
2026-07-27T10:25:00.000Z,4092.590,4093.970,4092.470,4093.140,1082
2026-07-27T10:30:00.000Z,4093.190,4096.230,4093.030,4096.160,1403
2026-07-27T10:35:00.000Z,4096.020,4099.340,4095.160,4098.200,1510
2026-07-27T10:40:00.000Z,4098.200,4102.080,4097.620,4100.420,1317
2026-07-27T10:45:00.000Z,4100.470,4102.420,4099.840,4102.180,1044
2026-07-27T10:50:00.000Z,4102.100,4102.160,4099.510,4101.340,1164
2026-07-27T10:55:00.000Z,4101.430,4102.250,4098.820,4099.620,1279
2026-07-27T11:00:00.000Z,4099.620,4101.090,4097.060,4097.610,1984
2026-07-27T11:05:00.000Z,4097.650,4103.220,4097.040,4102.810,1428
2026-07-27T11:10:00.000Z,4102.890,4104.170,4101.900,4102.040,1293
2026-07-27T11:15:00.000Z,4102.170,4103.380,4100.620,4100.620,1128
2026-07-27T11:20:00.000Z,4100.500,4101.640,4099.810,4099.900,1094
2026-07-27T11:25:00.000Z,4099.890,4101.330,4097.010,4097.010,1068
2026-07-27T11:30:00.000Z,4097.080,4099.980,4096.240,4097.710,2095
2026-07-27T11:35:00.000Z,4097.760,4099.350,4096.600,4096.900,1324
2026-07-27T11:40:00.000Z,4096.950,4098.480,4094.720,4095.660,1734
2026-07-27T11:45:00.000Z,4095.690,4097.190,4093.970,4095.670,1791
2026-07-27T11:50:00.000Z,4095.730,4097.200,4094.060,4094.390,1473
2026-07-27T11:55:00.000Z,4094.380,4095.160,4093.800,4093.950,1370
2026-07-27T12:00:00.000Z,4094.000,4097.680,4094.000,4096.310,1792
2026-07-27T12:05:00.000Z,4096.440,4096.460,4093.940,4094.450,1647
2026-07-27T12:10:00.000Z,4094.360,4094.490,4086.270,4087.630,2955
2026-07-27T12:15:00.000Z,4087.670,4088.980,4082.320,4084.440,2364
2026-07-27T12:20:00.000Z,4083.760,4085.150,4081.830,4083.130,2435
2026-07-27T12:25:00.000Z,4083.420,4088.710,4083.190,4086.820,1674
2026-07-27T12:30:00.000Z,4086.780,4088.710,4083.070,4087.590,1864
2026-07-27T12:35:00.000Z,4087.590,4087.950,4084.920,4087.300,1532
2026-07-27T12:40:00.000Z,4087.270,4087.540,4084.470,4086.760,1726
2026-07-27T12:45:00.000Z,4086.730,4089.110,4082.480,4082.710,1939
2026-07-27T12:50:00.000Z,4082.650,4085.950,4081.930,4083.080,2108
2026-07-27T12:55:00.000Z,4083.040,4086.620,4081.640,4083.750,1995
2026-07-27T13:00:00.000Z,4083.870,4088.830,4083.320,4084.090,3076
2026-07-27T13:05:00.000Z,4083.710,4085.960,4082.220,4083.480,2633
2026-07-27T13:10:00.000Z,4083.610,4087.820,4081.010,4084.980,2483
2026-07-27T13:15:00.000Z,4085.020,4087.190,4081.640,4083.750,2480
2026-07-27T13:20:00.000Z,4083.920,4085.470,4081.660,4083.940,2144
2026-07-27T13:25:00.000Z,4084.130,4085.160,4075.990,4076.100,2724
2026-07-27T13:30:00.000Z,4076.470,4082.030,4075.520,4079.790,3672
2026-07-27T13:35:00.000Z,4079.820,4087.710,4079.660,4085.110,3508
2026-07-27T13:40:00.000Z,4085.160,4089.190,4083.940,4086.760,3263
2026-07-27T13:45:00.000Z,4086.780,4089.540,4084.880,4087.400,3109
2026-07-27T13:50:00.000Z,4087.390,4089.110,4083.900,4084.260,2784
2026-07-27T13:55:00.000Z,4083.910,4084.010,4070.450,4074.160,3536
2026-07-27T14:00:00.000Z,4074.140,4079.130,4071.120,4075.430,3397
2026-07-27T14:05:00.000Z,4075.440,4077.910,4073.310,4077.350,3261
2026-07-27T14:10:00.000Z,4077.360,4077.580,4072.530,4076.990,3037
2026-07-27T14:15:00.000Z,4077.480,4078.640,4075.020,4076.390,3145
2026-07-27T14:20:00.000Z,4076.360,4076.770,4072.400,4073.850,2929
2026-07-27T14:25:00.000Z,4073.860,4074.190,4067.240,4068.370,3034
2026-07-27T14:30:00.000Z,4068.420,4069.860,4066.330,4068.070,3323
2026-07-27T14:35:00.000Z,4067.910,4070.640,4066.180,4068.200,3159
2026-07-27T14:40:00.000Z,4068.170,4069.480,4065.390,4068.840,3095
2026-07-27T14:45:00.000Z,4068.870,4073.370,4068.870,4071.490,2790
2026-07-27T14:50:00.000Z,4071.480,4074.600,4070.220,4073.230,2612
2026-07-27T14:55:00.000Z,4073.220,4077.480,4071.610,4076.310,2365
2026-07-27T15:00:00.000Z,4076.390,4076.490,4072.360,4075.120,2754
2026-07-27T15:05:00.000Z,4075.150,4075.170,4072.410,4072.600,2566
2026-07-27T15:10:00.000Z,4072.590,4076.490,4071.900,4076.060,2461
2026-07-27T15:15:00.000Z,4076.000,4078.950,4075.600,4077.960,2322
2026-07-27T15:20:00.000Z,4077.950,4079.320,4075.120,4075.340,2422
2026-07-27T15:25:00.000Z,4075.530,4076.930,4074.660,4076.470,2345
2026-07-27T15:30:00.000Z,4076.570,4077.940,4072.930,4073.160,2257
2026-07-27T15:35:00.000Z,4073.200,4075.080,4072.730,4074.130,1975
2026-07-27T15:40:00.000Z,4074.170,4076.680,4073.430,4076.150,2026
2026-07-27T15:45:00.000Z,4076.210,4076.910,4074.660,4076.200,1873
2026-07-27T15:50:00.000Z,4076.250,4079.900,4076.030,4077.770,1984
2026-07-27T15:55:00.000Z,4077.730,4079.570,4077.500,4078.480,1950
2026-07-27T16:00:00.000Z,4078.540,4079.840,4077.700,4079.470,2417
2026-07-27T16:05:00.000Z,4079.430,4084.860,4078.220,4084.630,2007
2026-07-27T16:10:00.000Z,4084.490,4084.560,4080.800,4081.500,1951
2026-07-27T16:15:00.000Z,4081.510,4081.880,4079.740,4080.660,1683
2026-07-27T16:20:00.000Z,4080.670,4082.840,4080.510,4080.990,1931
2026-07-27T16:25:00.000Z,4081.010,4088.790,4080.890,4085.210,3352
2026-07-27T16:30:00.000Z,4085.380,4093.140,4085.160,4091.740,2824
2026-07-27T16:35:00.000Z,4091.580,4093.970,4090.040,4090.700,2531
2026-07-27T16:40:00.000Z,4090.630,4090.940,4087.400,4088.340,2119
2026-07-27T16:45:00.000Z,4088.410,4088.630,4083.950,4083.960,2087
2026-07-27T16:50:00.000Z,4083.950,4084.200,4080.960,4081.960,2113
2026-07-27T16:55:00.000Z,4081.910,4082.480,4080.780,4082.390,1969
2026-07-27T17:00:00.000Z,4082.340,4082.370,4075.290,4076.210,2378
2026-07-27T17:05:00.000Z,4076.220,4077.040,4073.530,4075.170,2440
2026-07-27T17:10:00.000Z,4075.120,4076.080,4070.620,4073.660,2587
2026-07-27T17:15:00.000Z,4073.620,4075.590,4072.450,4074.390,1996
2026-07-27T17:20:00.000Z,4074.350,4076.190,4073.420,4073.880,1888
2026-07-27T17:25:00.000Z,4073.990,4076.850,4073.510,4074.790,1998
2026-07-27T17:30:00.000Z,4074.790,4076.070,4073.570,4073.880,1657
2026-07-27T17:35:00.000Z,4073.900,4074.810,4072.200,4072.960,1862
2026-07-27T17:40:00.000Z,4072.920,4074.830,4072.840,4074.530,1769
2026-07-27T17:45:00.000Z,4074.540,4075.470,4073.380,4075.070,1606
2026-07-27T17:50:00.000Z,4075.060,4077.260,4074.920,4076.080,1583
2026-07-27T17:55:00.000Z,4076.100,4077.030,4075.880,4076.440,1548
2026-07-27T18:00:00.000Z,4076.460,4079.300,4076.160,4077.390,1833
2026-07-27T18:05:00.000Z,4077.400,4078.940,4077.270,4078.840,1502
2026-07-27T18:10:00.000Z,4078.820,4078.820,4076.440,4076.740,1534
2026-07-27T18:15:00.000Z,4076.770,4076.930,4074.210,4075.050,1790
2026-07-27T18:20:00.000Z,4075.010,4076.800,4074.350,4076.560,1416
2026-07-27T18:25:00.000Z,4076.550,4077.030,4075.930,4076.870,1439
2026-07-27T18:30:00.000Z,4076.860,4077.300,4074.660,4074.950,1485
2026-07-27T18:35:00.000Z,4074.880,4075.160,4073.330,4073.500,1327
2026-07-27T18:40:00.000Z,4073.540,4079.260,4073.030,4076.310,2153
2026-07-27T18:45:00.000Z,4076.330,4076.800,4075.240,4075.320,1440
2026-07-27T18:50:00.000Z,4075.410,4078.710,4075.090,4077.770,1571
2026-07-27T18:55:00.000Z,4077.720,4079.480,4077.380,4078.020,1621
2026-07-27T19:00:00.000Z,4078.090,4078.820,4077.100,4077.310,1425
2026-07-27T19:05:00.000Z,4077.320,4080.060,4076.230,4079.950,1398
2026-07-27T19:10:00.000Z,4079.900,4081.850,4079.890,4080.400,1094
2026-07-27T19:15:00.000Z,4080.470,4084.740,4079.470,4084.520,1215
2026-07-27T19:20:00.000Z,4084.550,4088.740,4084.550,4085.240,1249
2026-07-27T19:25:00.000Z,4085.350,4086.000,4083.550,4085.810,1077
2026-07-27T19:30:00.000Z,4085.880,4086.600,4083.900,4085.290,1204
2026-07-27T19:35:00.000Z,4085.280,4086.950,4085.170,4086.640,1147
2026-07-27T19:40:00.000Z,4086.590,4087.300,4085.320,4087.020,1097
2026-07-27T19:45:00.000Z,4087.010,4089.370,4086.280,4089.150,1293
2026-07-27T19:50:00.000Z,4089.370,4089.480,4086.020,4087.620,1537
2026-07-27T19:55:00.000Z,4087.570,4087.570,4082.390,4083.470,1887
2026-07-27T20:00:00.000Z,4083.450,4084.140,4082.040,4082.390,993
2026-07-27T20:05:00.000Z,4082.260,4082.500,4081.610,4082.380,655
2026-07-27T20:10:00.000Z,4082.350,4082.780,4081.690,4082.270,675
2026-07-27T20:15:00.000Z,4082.260,4082.350,4080.600,4080.820,590
2026-07-27T20:20:00.000Z,4080.880,4080.880,4078.970,4080.280,720
2026-07-27T20:25:00.000Z,4080.310,4081.300,4078.360,4078.730,704
2026-07-27T20:30:00.000Z,4078.710,4079.210,4076.840,4076.990,895
2026-07-27T20:35:00.000Z,4077.040,4078.170,4076.000,4076.640,807
2026-07-27T20:40:00.000Z,4076.570,4077.470,4076.500,4077.140,368
2026-07-27T20:45:00.000Z,4077.190,4077.250,4076.100,4076.600,514
2026-07-27T20:50:00.000Z,4076.670,4077.020,4075.430,4076.670,283
2026-07-27T20:55:00.000Z,4076.640,4077.360,4076.110,4076.620,429
2026-07-27T22:00:00.000Z,4079.590,4082.180,4078.540,4080.920,995
2026-07-27T22:05:00.000Z,4080.970,4081.400,4078.760,4079.140,672
2026-07-27T22:10:00.000Z,4079.170,4079.170,4076.660,4076.890,693
2026-07-27T22:15:00.000Z,4077.180,4077.180,4076.080,4076.390,610
2026-07-27T22:20:00.000Z,4076.400,4076.680,4071.920,4072.480,761
2026-07-27T22:25:00.000Z,4072.510,4073.260,4070.960,4072.370,752
2026-07-27T22:30:00.000Z,4072.480,4074.430,4072.340,4074.430,590
2026-07-27T22:35:00.000Z,4074.450,4075.070,4073.830,4074.510,595
2026-07-27T22:40:00.000Z,4074.420,4075.090,4074.100,4074.910,555
2026-07-27T22:45:00.000Z,4074.870,4074.970,4073.600,4074.120,790
2026-07-27T22:50:00.000Z,4074.070,4074.740,4073.670,4073.890,725
2026-07-27T22:55:00.000Z,4073.940,4074.790,4073.880,4074.260,558
2026-07-27T23:00:00.000Z,4074.270,4074.270,4071.870,4072.750,861
2026-07-27T23:05:00.000Z,4073.030,4074.600,4072.990,4073.880,748
2026-07-27T23:10:00.000Z,4073.890,4075.040,4073.330,4074.080,608
2026-07-27T23:15:00.000Z,4074.090,4074.640,4073.010,4073.130,708
2026-07-27T23:20:00.000Z,4073.140,4073.810,4072.810,4073.310,620
2026-07-27T23:25:00.000Z,4073.320,4073.740,4072.020,4073.150,649
2026-07-27T23:30:00.000Z,4072.890,4073.670,4072.470,4073.670,488
2026-07-27T23:35:00.000Z,4073.590,4073.690,4072.450,4073.150,406
2026-07-27T23:40:00.000Z,4073.160,4073.240,4071.520,4072.090,445
2026-07-27T23:45:00.000Z,4072.100,4072.630,4069.940,4070.190,1138
2026-07-27T23:50:00.000Z,4070.180,4072.910,4069.920,4072.010,1269
2026-07-27T23:55:00.000Z,4071.980,4073.410,4071.540,4073.390,969
2026-07-28T00:00:00.000Z,4073.160,4074.150,4065.350,4065.530,2122
2026-07-28T00:05:00.000Z,4065.510,4067.130,4062.030,4066.700,2388
2026-07-28T00:10:00.000Z,4066.760,4067.670,4064.890,4067.190,1952
2026-07-28T00:15:00.000Z,4067.020,4067.500,4062.450,4065.390,2028
2026-07-28T00:20:00.000Z,4065.450,4066.410,4060.300,4060.880,1775
2026-07-28T00:25:00.000Z,4060.870,4063.370,4059.220,4062.190,1934
2026-07-28T00:30:00.000Z,4062.120,4064.880,4060.590,4064.380,2100
2026-07-28T00:35:00.000Z,4064.340,4065.130,4063.480,4063.660,1848
2026-07-28T00:40:00.000Z,4063.730,4066.230,4062.230,4065.540,1625
2026-07-28T00:45:00.000Z,4065.530,4065.580,4058.960,4059.670,2214
2026-07-28T00:50:00.000Z,4059.590,4060.150,4057.940,4059.620,1766
2026-07-28T00:55:00.000Z,4059.570,4061.540,4057.730,4058.070,1871
2026-07-28T01:00:00.000Z,4057.960,4060.330,4053.900,4059.140,3428
2026-07-28T01:05:00.000Z,4059.130,4059.440,4054.410,4056.070,2682
2026-07-28T01:10:00.000Z,4056.050,4058.390,4055.010,4058.090,2303
2026-07-28T01:15:00.000Z,4058.040,4059.210,4053.360,4053.440,2108
2026-07-28T01:20:00.000Z,4053.470,4054.670,4049.090,4050.210,2402
2026-07-28T01:25:00.000Z,4050.070,4050.180,4046.490,4047.410,2339
2026-07-28T01:30:00.000Z,4047.330,4050.150,4043.560,4045.990,2423
2026-07-28T01:35:00.000Z,4046.040,4050.490,4046.040,4049.230,2311
2026-07-28T01:40:00.000Z,4049.260,4049.670,4047.000,4048.940,2019
2026-07-28T01:45:00.000Z,4048.970,4048.970,4045.320,4046.530,2084
2026-07-28T01:50:00.000Z,4046.540,4047.210,4042.620,4045.000,1866
2026-07-28T01:55:00.000Z,4045.010,4045.370,4043.710,4045.190,1647
2026-07-28T02:00:00.000Z,4045.230,4045.960,4042.570,4043.890,1837
2026-07-28T02:05:00.000Z,4043.880,4046.820,4042.540,4046.300,1869
2026-07-28T02:10:00.000Z,4046.340,4047.610,4045.770,4046.500,1607
2026-07-28T02:15:00.000Z,4046.210,4048.300,4045.380,4047.980,1382
2026-07-28T02:20:00.000Z,4048.020,4049.090,4047.040,4047.510,1393
2026-07-28T02:25:00.000Z,4047.520,4048.460,4045.570,4046.250,1467
2026-07-28T02:30:00.000Z,4046.090,4047.920,4045.110,4046.630,1789
2026-07-28T02:35:00.000Z,4046.720,4047.220,4044.870,4044.940,1691
2026-07-28T02:40:00.000Z,4044.800,4045.660,4041.560,4044.310,1940
2026-07-28T02:45:00.000Z,4044.270,4045.380,4042.750,4043.710,1435
2026-07-28T02:50:00.000Z,4043.700,4045.510,4042.960,4043.730,1738
2026-07-28T02:55:00.000Z,4043.750,4043.860,4040.830,4042.120,1558
2026-07-28T03:00:00.000Z,4042.010,4044.030,4040.330,4043.780,1641
2026-07-28T03:05:00.000Z,4043.790,4046.280,4042.940,4045.830,1280
2026-07-28T03:10:00.000Z,4045.830,4047.350,4045.530,4045.950,1374
2026-07-28T03:15:00.000Z,4045.960,4049.320,4045.360,4049.160,1443
2026-07-28T03:20:00.000Z,4049.160,4049.420,4047.130,4048.660,1226
2026-07-28T03:25:00.000Z,4048.650,4049.140,4046.590,4047.770,1322
2026-07-28T03:30:00.000Z,4047.750,4051.210,4047.420,4049.810,1512
2026-07-28T03:35:00.000Z,4049.740,4050.160,4048.250,4048.940,1596
2026-07-28T03:40:00.000Z,4048.970,4049.340,4047.370,4048.410,1058
2026-07-28T03:45:00.000Z,4048.420,4050.790,4048.130,4049.810,1276
2026-07-28T03:50:00.000Z,4049.790,4050.720,4048.470,4049.730,1188
2026-07-28T03:55:00.000Z,4049.700,4050.090,4048.220,4049.500,1134
2026-07-28T04:00:00.000Z,4049.340,4049.640,4047.770,4047.840,1556
2026-07-28T04:05:00.000Z,4047.840,4048.040,4045.600,4046.370,1291
2026-07-28T04:10:00.000Z,4046.310,4046.920,4043.540,4044.090,1315
2026-07-28T04:15:00.000Z,4044.050,4047.600,4043.610,4047.600,1581
2026-07-28T04:20:00.000Z,4047.730,4047.970,4046.540,4046.730,1117
2026-07-28T04:25:00.000Z,4046.700,4047.230,4045.600,4045.650,1142
2026-07-28T04:30:00.000Z,4045.710,4046.680,4043.950,4046.680,1017
2026-07-28T04:35:00.000Z,4046.710,4047.010,4045.690,4045.780,932
2026-07-28T04:40:00.000Z,4045.750,4047.900,4045.130,4047.680,937
2026-07-28T04:45:00.000Z,4047.690,4047.990,4042.760,4043.370,1226
2026-07-28T04:50:00.000Z,4043.400,4044.540,4043.140,4043.750,937
2026-07-28T04:55:00.000Z,4043.580,4044.400,4041.600,4042.210,1133
2026-07-28T05:00:00.000Z,4042.190,4042.500,4039.920,4041.230,1578
2026-07-28T05:05:00.000Z,4041.200,4042.880,4040.330,4041.480,1542
2026-07-28T05:10:00.000Z,4041.430,4044.020,4041.230,4042.400,1547
2026-07-28T05:15:00.000Z,4042.320,4043.470,4042.140,4042.730,1339
2026-07-28T05:20:00.000Z,4042.520,4043.790,4042.060,4042.550,1209
2026-07-28T05:25:00.000Z,4042.520,4043.410,4040.870,4043.140,1602
2026-07-28T05:30:00.000Z,4043.160,4045.470,4037.340,4037.630,3111
2026-07-28T05:35:00.000Z,4037.550,4037.960,4034.930,4037.340,2515
2026-07-28T05:40:00.000Z,4037.220,4041.840,4036.840,4041.670,2108
2026-07-28T05:45:00.000Z,4041.680,4043.870,4039.690,4041.680,1919
2026-07-28T05:50:00.000Z,4041.640,4044.180,4041.050,4044.100,1716
2026-07-28T05:55:00.000Z,4044.110,4046.630,4043.810,4045.300,1772
2026-07-28T06:00:00.000Z,4045.330,4047.840,4044.710,4046.220,2302
2026-07-28T06:05:00.000Z,4046.290,4046.900,4044.090,4044.680,1757
2026-07-28T06:10:00.000Z,4044.630,4046.090,4042.960,4044.260,1942
2026-07-28T06:15:00.000Z,4044.270,4047.220,4043.990,4045.620,1848
2026-07-28T06:20:00.000Z,4045.590,4047.520,4044.200,4045.230,2017
2026-07-28T06:25:00.000Z,4045.280,4048.990,4045.010,4047.870,1919
2026-07-28T06:30:00.000Z,4047.870,4049.770,4046.960,4049.450,1782
2026-07-28T06:35:00.000Z,4049.500,4050.380,4048.300,4050.100,1516
2026-07-28T06:40:00.000Z,4050.050,4052.410,4049.800,4049.830,1717
2026-07-28T06:45:00.000Z,4049.770,4050.290,4047.970,4049.940,1680
2026-07-28T06:50:00.000Z,4049.920,4051.250,4049.270,4051.250,1333
2026-07-28T06:55:00.000Z,4051.260,4051.460,4048.180,4048.370,1504
2026-07-28T07:00:00.000Z,4048.360,4050.340,4047.530,4048.450,1846
2026-07-28T07:05:00.000Z,4048.590,4050.550,4047.530,4050.160,1449
2026-07-28T07:10:00.000Z,4050.280,4051.240,4048.820,4048.920,1547
2026-07-28T07:15:00.000Z,4048.860,4051.960,4048.690,4051.030,1249
2026-07-28T07:20:00.000Z,4051.080,4052.440,4049.530,4050.630,1298
2026-07-28T07:25:00.000Z,4050.900,4052.180,4049.350,4050.190,1434
2026-07-28T07:30:00.000Z,4050.260,4051.070,4048.750,4048.940,1561
2026-07-28T07:35:00.000Z,4048.930,4050.900,4048.440,4050.730,1298
2026-07-28T07:40:00.000Z,4050.520,4051.030,4048.570,4049.460,1235
2026-07-28T07:45:00.000Z,4049.400,4049.650,4047.050,4048.040,1473
2026-07-28T07:50:00.000Z,4047.730,4049.850,4047.490,4049.000,1769
2026-07-28T07:55:00.000Z,4049.040,4049.440,4046.160,4047.370,1475
2026-07-28T08:00:00.000Z,4047.340,4052.770,4046.250,4051.250,2223
2026-07-28T08:05:00.000Z,4051.200,4055.200,4048.150,4048.650,2237
2026-07-28T08:10:00.000Z,4048.630,4048.690,4043.120,4044.450,2463
2026-07-28T08:15:00.000Z,4044.430,4050.340,4044.350,4048.650,2569
2026-07-28T08:20:00.000Z,4048.600,4051.200,4047.740,4051.040,2155
2026-07-28T08:25:00.000Z,4050.970,4050.970,4048.610,4049.560,1957
2026-07-28T08:30:00.000Z,4049.850,4049.860,4044.580,4045.800,1933
2026-07-28T08:35:00.000Z,4045.810,4046.480,4042.180,4042.990,1827
2026-07-28T08:40:00.000Z,4043.040,4044.950,4041.890,4043.230,1796
2026-07-28T08:45:00.000Z,4043.250,4046.200,4043.190,4046.000,1506
2026-07-28T08:50:00.000Z,4045.920,4045.920,4041.720,4042.280,1700
2026-07-28T08:55:00.000Z,4042.290,4045.530,4041.970,4045.530,1170
2026-07-28T09:00:00.000Z,4045.870,4045.930,4043.000,4043.000,1534
2026-07-28T09:05:00.000Z,4042.990,4043.290,4041.350,4042.690,1318
2026-07-28T09:10:00.000Z,4042.700,4043.160,4040.690,4040.930,1383
2026-07-28T09:15:00.000Z,4040.980,4043.830,4040.980,4043.470,1339
2026-07-28T09:20:00.000Z,4043.490,4044.130,4042.420,4042.940,950
2026-07-28T09:25:00.000Z,4042.930,4043.070,4039.150,4040.400,1270
2026-07-28T09:30:00.000Z,4040.390,4040.420,4036.030,4037.880,1864
2026-07-28T09:35:00.000Z,4037.870,4038.270,4029.620,4032.250,2304
2026-07-28T09:40:00.000Z,4032.450,4034.200,4031.870,4033.410,1304
2026-07-28T09:45:00.000Z,4033.370,4034.320,4029.920,4031.220,1694
2026-07-28T09:50:00.000Z,4031.100,4032.080,4028.400,4030.150,1773
2026-07-28T09:55:00.000Z,4030.060,4030.120,4019.630,4023.450,2103
2026-07-28T10:00:00.000Z,4023.250,4025.250,4021.550,4024.580,2177
2026-07-28T10:05:00.000Z,4024.640,4026.980,4021.930,4022.070,2134
2026-07-28T10:10:00.000Z,4022.010,4024.400,4020.590,4024.280,1924
2026-07-28T10:15:00.000Z,4024.060,4025.840,4021.720,4021.840,1681
2026-07-28T10:20:00.000Z,4021.850,4022.830,4017.430,4019.370,2179
2026-07-28T10:25:00.000Z,4019.420,4020.360,4017.060,4017.720,1737
2026-07-28T10:30:00.000Z,4017.560,4023.710,4017.270,4022.900,1709
2026-07-28T10:35:00.000Z,4022.810,4023.310,4019.860,4022.010,2020
2026-07-28T10:40:00.000Z,4022.010,4022.780,4020.690,4022.580,1365
2026-07-28T10:45:00.000Z,4022.530,4026.330,4022.320,4024.180,1766
2026-07-28T10:50:00.000Z,4023.960,4028.450,4023.840,4028.340,1506
2026-07-28T10:55:00.000Z,4028.380,4028.530,4025.940,4026.570,1964
2026-07-28T11:00:00.000Z,4026.580,4028.780,4025.260,4026.590,2385
2026-07-28T11:05:00.000Z,4026.620,4028.610,4025.130,4027.670,2211
2026-07-28T11:10:00.000Z,4027.680,4027.890,4023.120,4023.940,1905
2026-07-28T11:15:00.000Z,4023.880,4032.400,4023.880,4030.640,2659
2026-07-28T11:20:00.000Z,4030.520,4030.800,4028.740,4028.760,1938
2026-07-28T11:25:00.000Z,4028.580,4029.380,4026.630,4027.630,1728
2026-07-28T11:30:00.000Z,4027.520,4029.010,4026.540,4027.270,1734
2026-07-28T11:35:00.000Z,4027.250,4031.540,4027.090,4029.580,2028
2026-07-28T11:40:00.000Z,4029.390,4029.770,4026.610,4027.240,1980
2026-07-28T11:45:00.000Z,4027.140,4027.980,4025.710,4026.600,1796
2026-07-28T11:50:00.000Z,4026.580,4026.980,4024.020,4024.200,1859
2026-07-28T11:55:00.000Z,4024.170,4028.340,4024.160,4028.100,1929
2026-07-28T12:00:00.000Z,4028.580,4028.650,4023.870,4026.330,2187
2026-07-28T12:05:00.000Z,4026.320,4028.730,4025.480,4026.250,2216
2026-07-28T12:10:00.000Z,4026.230,4028.110,4022.870,4027.830,2050
2026-07-28T12:15:00.000Z,4027.850,4030.700,4026.140,4030.640,1674
2026-07-28T12:20:00.000Z,4030.540,4034.300,4029.910,4034.010,1948
2026-07-28T12:25:00.000Z,4033.990,4034.960,4031.270,4034.590,2037
2026-07-28T12:30:00.000Z,4034.450,4035.010,4025.670,4028.700,2311
2026-07-28T12:35:00.000Z,4028.690,4030.300,4026.570,4028.440,2288
2026-07-28T12:40:00.000Z,4028.300,4034.940,4028.190,4033.640,2170
2026-07-28T12:45:00.000Z,4033.660,4038.190,4033.660,4034.600,2163
2026-07-28T12:50:00.000Z,4034.560,4034.830,4031.560,4032.170,1869
2026-07-28T12:55:00.000Z,4032.180,4032.940,4028.490,4029.540,1823
2026-07-28T13:00:00.000Z,4029.590,4034.430,4029.530,4033.060,2996
2026-07-28T13:05:00.000Z,4032.890,4035.500,4030.980,4032.970,2320
2026-07-28T13:10:00.000Z,4033.000,4033.950,4032.120,4032.970,1882
2026-07-28T13:15:00.000Z,4033.010,4033.220,4029.750,4030.840,2079
2026-07-28T13:20:00.000Z,4030.790,4036.000,4030.670,4034.670,1947
2026-07-28T13:25:00.000Z,4034.500,4036.160,4028.600,4029.110,2129
2026-07-28T13:30:00.000Z,4028.820,4032.910,4027.440,4031.180,3464
2026-07-28T13:35:00.000Z,4031.250,4032.750,4021.760,4021.970,3339
2026-07-28T13:40:00.000Z,4021.960,4025.490,4020.260,4025.300,3237
2026-07-28T13:45:00.000Z,4025.260,4026.790,4022.130,4025.200,3355
2026-07-28T13:50:00.000Z,4025.190,4028.990,4024.500,4027.270,3303
2026-07-28T13:55:00.000Z,4027.170,4027.260,4021.630,4022.110,2781
2026-07-28T14:00:00.000Z,4022.190,4027.240,4021.770,4026.320,3111
2026-07-28T14:05:00.000Z,4026.260,4031.200,4025.950,4029.860,3341
2026-07-28T14:10:00.000Z,4029.880,4033.320,4025.180,4025.800,3069
2026-07-28T14:15:00.000Z,4025.950,4026.780,4020.290,4020.290,3303
2026-07-28T14:20:00.000Z,4020.310,4020.860,4011.460,4017.310,3686
2026-07-28T14:25:00.000Z,4017.500,4022.730,4016.520,4022.330,3234
2026-07-28T14:30:00.000Z,4022.280,4025.300,4020.230,4020.290,3024
2026-07-28T14:35:00.000Z,4020.360,4023.570,4019.600,4020.320,3097
2026-07-28T14:40:00.000Z,4020.080,4024.060,4018.860,4022.700,3072
2026-07-28T14:45:00.000Z,4022.680,4028.570,4021.110,4028.230,2621
2026-07-28T14:50:00.000Z,4028.220,4029.580,4026.000,4027.500,2622
2026-07-28T14:55:00.000Z,4027.190,4028.210,4024.460,4024.480,2223
2026-07-28T15:00:00.000Z,4024.860,4029.920,4024.210,4024.870,2533
2026-07-28T15:05:00.000Z,4024.860,4027.850,4022.180,4027.850,2493
2026-07-28T15:10:00.000Z,4027.900,4036.330,4027.750,4033.620,3813
2026-07-28T15:15:00.000Z,4033.700,4036.230,4031.970,4035.510,3538
2026-07-28T15:20:00.000Z,4035.380,4040.890,4035.280,4035.880,3336
2026-07-28T15:25:00.000Z,4035.790,4040.320,4035.180,4035.620,2944
2026-07-28T15:30:00.000Z,4035.730,4036.520,4032.420,4033.510,2813
2026-07-28T15:35:00.000Z,4033.700,4038.470,4032.920,4037.040,2587
2026-07-28T15:40:00.000Z,4037.190,4042.120,4036.860,4041.510,2531
2026-07-28T15:45:00.000Z,4041.560,4044.940,4041.290,4043.310,2368
2026-07-28T15:50:00.000Z,4043.420,4047.050,4041.940,4046.200,2345
2026-07-28T15:55:00.000Z,4046.240,4047.090,4044.880,4046.240,2355
2026-07-28T16:00:00.000Z,4046.420,4046.530,4042.490,4042.670,2422
2026-07-28T16:05:00.000Z,4042.550,4044.760,4042.530,4043.360,1802
2026-07-28T16:10:00.000Z,4043.350,4045.980,4042.230,4044.830,1989
2026-07-28T16:15:00.000Z,4044.780,4045.530,4043.430,4045.320,1926
2026-07-28T16:20:00.000Z,4045.330,4045.860,4043.250,4043.790,1885
2026-07-28T16:25:00.000Z,4043.840,4044.930,4042.100,4042.170,1709
2026-07-28T16:30:00.000Z,4042.210,4043.860,4041.140,4042.880,2002
2026-07-28T16:35:00.000Z,4042.950,4043.770,4041.440,4041.920,1831
2026-07-28T16:40:00.000Z,4041.920,4043.330,4040.390,4040.640,1905
2026-07-28T16:45:00.000Z,4040.630,4041.110,4037.560,4037.760,2176
2026-07-28T16:50:00.000Z,4037.750,4038.440,4037.180,4038.400,1738
2026-07-28T16:55:00.000Z,4038.390,4038.390,4036.710,4037.570,1509
2026-07-28T17:00:00.000Z,4037.730,4039.880,4037.410,4039.870,1846
2026-07-28T17:05:00.000Z,4039.880,4041.060,4038.160,4038.390,2047
2026-07-28T17:10:00.000Z,4038.380,4038.840,4035.580,4037.010,2135
2026-07-28T17:15:00.000Z,4037.000,4037.060,4035.480,4035.490,1875
2026-07-28T17:20:00.000Z,4035.450,4041.520,4035.270,4036.550,2523
2026-07-28T17:25:00.000Z,4036.390,4039.740,4035.920,4037.520,2247
2026-07-28T17:30:00.000Z,4037.830,4037.830,4034.440,4034.980,1884
2026-07-28T17:35:00.000Z,4034.970,4035.130,4031.220,4031.480,1602
2026-07-28T17:40:00.000Z,4031.470,4031.500,4027.640,4028.320,1792
2026-07-28T17:45:00.000Z,4028.250,4029.590,4025.710,4029.530,2098
2026-07-28T17:50:00.000Z,4029.410,4029.460,4025.910,4026.590,1694
2026-07-28T17:55:00.000Z,4026.570,4028.330,4025.980,4027.880,1800
2026-07-28T18:00:00.000Z,4028.120,4029.570,4027.190,4029.530,2043
2026-07-28T18:05:00.000Z,4029.500,4030.410,4029.020,4029.820,1775
2026-07-28T18:10:00.000Z,4029.870,4029.980,4027.770,4028.250,1826
2026-07-28T18:15:00.000Z,4028.250,4030.000,4027.980,4028.530,2054
2026-07-28T18:20:00.000Z,4028.520,4028.930,4026.620,4026.840,1792
2026-07-28T18:25:00.000Z,4026.760,4027.650,4025.970,4027.120,2137
2026-07-28T18:30:00.000Z,4027.090,4027.530,4024.010,4024.410,2055
2026-07-28T18:35:00.000Z,4024.390,4024.730,4023.060,4023.820,1945
2026-07-28T18:40:00.000Z,4023.810,4025.010,4023.210,4024.130,1778
2026-07-28T18:45:00.000Z,4024.180,4026.070,4023.410,4024.020,1813
2026-07-28T18:50:00.000Z,4024.050,4024.550,4022.430,4022.910,1902
2026-07-28T18:55:00.000Z,4022.900,4023.240,4021.620,4022.990,1789
2026-07-28T19:00:00.000Z,4023.030,4024.630,4022.390,4024.420,1973
2026-07-28T19:05:00.000Z,4024.410,4025.700,4023.680,4024.760,1677
2026-07-28T19:10:00.000Z,4024.680,4024.810,4023.710,4024.070,1352
2026-07-28T19:15:00.000Z,4024.030,4025.100,4023.830,4023.930,1329
2026-07-28T19:20:00.000Z,4023.770,4024.210,4022.840,4022.970,1214
2026-07-28T19:25:00.000Z,4023.110,4023.640,4021.930,4023.260,1402
2026-07-28T19:30:00.000Z,4023.670,4027.690,4023.160,4027.480,1780
2026-07-28T19:35:00.000Z,4027.510,4027.520,4024.350,4024.840,1578
2026-07-28T19:40:00.000Z,4024.880,4026.200,4024.770,4026.190,1358
2026-07-28T19:45:00.000Z,4026.530,4027.470,4026.140,4026.550,1446
2026-07-28T19:50:00.000Z,4026.520,4027.960,4025.420,4027.410,1531
2026-07-28T19:55:00.000Z,4027.140,4028.030,4026.130,4026.410,2267
2026-07-28T20:00:00.000Z,4026.370,4026.370,4023.160,4023.330,1309
2026-07-28T20:05:00.000Z,4023.420,4024.310,4022.700,4023.200,1354
2026-07-28T20:10:00.000Z,4023.190,4024.760,4022.990,4023.740,883
2026-07-28T20:15:00.000Z,4023.720,4026.750,4023.670,4026.560,766
2026-07-28T20:20:00.000Z,4026.570,4026.700,4025.560,4026.030,736
2026-07-28T20:25:00.000Z,4026.020,4027.850,4025.960,4027.400,785
2026-07-28T20:30:00.000Z,4027.460,4028.660,4027.460,4028.340,800
2026-07-28T20:35:00.000Z,4028.310,4029.970,4027.420,4027.880,1003
2026-07-28T20:40:00.000Z,4027.810,4030.230,4027.810,4030.060,685
2026-07-28T20:45:00.000Z,4030.130,4030.530,4027.510,4027.540,646
2026-07-28T20:50:00.000Z,4027.590,4028.570,4026.530,4028.440,641
2026-07-28T20:55:00.000Z,4028.170,4029.270,4028.020,4028.600,371
2026-07-28T22:00:00.000Z,4024.950,4030.550,4024.140,4026.580,710
2026-07-28T22:05:00.000Z,4026.850,4027.440,4026.160,4027.170,509
2026-07-28T22:10:00.000Z,4027.180,4028.160,4024.510,4024.530,820
2026-07-28T22:15:00.000Z,4024.780,4025.300,4022.400,4022.400,800
2026-07-28T22:20:00.000Z,4022.310,4023.570,4017.370,4017.950,1303
2026-07-28T22:25:00.000Z,4017.920,4021.180,4017.600,4020.950,1328
2026-07-28T22:30:00.000Z,4021.010,4021.240,4013.900,4017.560,1625
2026-07-28T22:35:00.000Z,4017.480,4017.480,4014.260,4015.110,1514
2026-07-28T22:40:00.000Z,4015.120,4018.870,4015.120,4018.410,1058
2026-07-28T22:45:00.000Z,4018.400,4018.420,4015.430,4016.900,1436
2026-07-28T22:50:00.000Z,4017.100,4019.070,4016.240,4017.790,1289
2026-07-28T22:55:00.000Z,4017.850,4019.760,4017.760,4018.370,979
2026-07-28T23:00:00.000Z,4018.410,4018.880,4016.470,4017.300,1302
2026-07-28T23:05:00.000Z,4017.120,4019.560,4016.480,4018.250,1433
2026-07-28T23:10:00.000Z,4018.260,4023.220,4018.170,4022.190,1429
2026-07-28T23:15:00.000Z,4022.180,4022.250,4015.760,4016.570,1403
2026-07-28T23:20:00.000Z,4016.490,4019.680,4016.470,4019.330,1376
2026-07-28T23:25:00.000Z,4019.380,4019.490,4015.170,4018.710,1179
2026-07-28T23:30:00.000Z,4018.690,4019.990,4017.490,4018.400,1014
2026-07-28T23:35:00.000Z,4018.330,4020.500,4018.300,4018.990,801
2026-07-28T23:40:00.000Z,4018.990,4023.500,4018.290,4022.990,1094
2026-07-28T23:45:00.000Z,4023.330,4023.330,4019.140,4022.500,2475
2026-07-28T23:50:00.000Z,4022.730,4024.410,4020.980,4023.730,1878
2026-07-28T23:55:00.000Z,4023.750,4026.350,4022.990,4025.070,1645
2026-07-29T00:00:00.000Z,4025.110,4026.100,4017.650,4022.030,2959
2026-07-29T00:05:00.000Z,4021.990,4024.370,4017.730,4017.750,2190
2026-07-29T00:10:00.000Z,4017.730,4022.130,4017.730,4020.700,1845
2026-07-29T00:15:00.000Z,4020.620,4026.480,4020.620,4025.380,2193
2026-07-29T00:20:00.000Z,4025.390,4029.880,4023.890,4024.940,2361
2026-07-29T00:25:00.000Z,4024.930,4026.740,4022.400,4022.670,2231
2026-07-29T00:30:00.000Z,4022.630,4025.210,4021.200,4024.560,2009
2026-07-29T00:35:00.000Z,4024.570,4027.860,4023.580,4024.660,2124
2026-07-29T00:40:00.000Z,4024.650,4026.240,4024.230,4026.040,1712
2026-07-29T00:45:00.000Z,4026.030,4026.090,4021.020,4021.030,2125
2026-07-29T00:50:00.000Z,4021.050,4024.050,4020.950,4023.850,2240
2026-07-29T00:55:00.000Z,4023.820,4023.970,4020.490,4021.890,2062
2026-07-29T01:00:00.000Z,4021.780,4021.780,4010.140,4011.970,3359
2026-07-29T01:05:00.000Z,4012.000,4015.660,4010.670,4015.130,2778
2026-07-29T01:10:00.000Z,4014.810,4017.790,4011.740,4013.160,2971
2026-07-29T01:15:00.000Z,4013.140,4016.680,4011.770,4016.500,2849
2026-07-29T01:20:00.000Z,4016.520,4017.710,4013.760,4015.180,2649
2026-07-29T01:25:00.000Z,4015.200,4020.210,4014.390,4018.400,2401
2026-07-29T01:30:00.000Z,4018.410,4024.400,4014.990,4024.280,3194
2026-07-29T01:35:00.000Z,4024.390,4030.540,4022.650,4029.410,3121
2026-07-29T01:40:00.000Z,4029.490,4030.510,4025.950,4027.690,2509
2026-07-29T01:45:00.000Z,4027.730,4028.360,4024.420,4024.790,2398
2026-07-29T01:50:00.000Z,4024.740,4025.900,4021.950,4023.290,2469
2026-07-29T01:55:00.000Z,4023.300,4026.180,4023.050,4025.970,2265
2026-07-29T02:00:00.000Z,4025.920,4029.350,4025.530,4027.550,2570
2026-07-29T02:05:00.000Z,4027.480,4028.210,4023.080,4025.290,2304
2026-07-29T02:10:00.000Z,4025.210,4028.320,4025.100,4028.290,2117
2026-07-29T02:15:00.000Z,4028.300,4030.180,4026.370,4027.430,1713
2026-07-29T02:20:00.000Z,4027.400,4035.390,4026.820,4033.290,2074
2026-07-29T02:25:00.000Z,4033.340,4035.360,4030.910,4033.060,1699
2026-07-29T02:30:00.000Z,4033.380,4036.650,4030.680,4031.580,2339
2026-07-29T02:35:00.000Z,4031.510,4035.300,4031.230,4035.300,1978
2026-07-29T02:40:00.000Z,4035.190,4037.840,4034.430,4035.040,1887
2026-07-29T02:45:00.000Z,4034.950,4035.260,4032.390,4032.590,1636
2026-07-29T02:50:00.000Z,4032.480,4033.360,4029.200,4030.010,1857
2026-07-29T02:55:00.000Z,4030.000,4032.350,4029.410,4029.540,1470
2026-07-29T03:00:00.000Z,4029.240,4031.260,4028.180,4028.780,1872
2026-07-29T03:05:00.000Z,4029.000,4032.700,4028.450,4029.480,2056
2026-07-29T03:10:00.000Z,4029.180,4030.840,4027.360,4027.820,1659
2026-07-29T03:15:00.000Z,4027.870,4028.920,4026.420,4028.270,1602
2026-07-29T03:20:00.000Z,4028.260,4028.510,4026.130,4026.420,1539
2026-07-29T03:25:00.000Z,4026.380,4028.170,4025.580,4027.080,1455
2026-07-29T03:30:00.000Z,4027.040,4027.060,4024.600,4026.800,1421
2026-07-29T03:35:00.000Z,4026.690,4029.550,4026.290,4027.220,1242
2026-07-29T03:40:00.000Z,4027.210,4027.270,4025.240,4026.190,1189
2026-07-29T03:45:00.000Z,4026.180,4027.050,4025.700,4026.190,1183
2026-07-29T03:50:00.000Z,4026.030,4026.480,4024.120,4024.440,963
2026-07-29T03:55:00.000Z,4024.160,4024.600,4023.240,4023.660,956
2026-07-29T04:00:00.000Z,4023.650,4024.870,4021.640,4022.580,1227
2026-07-29T04:05:00.000Z,4022.570,4023.260,4021.490,4023.090,1211
2026-07-29T04:10:00.000Z,4023.060,4023.150,4021.420,4021.820,1265
2026-07-29T04:15:00.000Z,4021.810,4022.270,4020.690,4021.970,1324
2026-07-29T04:20:00.000Z,4022.010,4024.230,4021.640,4024.050,1379
2026-07-29T04:25:00.000Z,4024.020,4025.590,4022.940,4023.540,1520
2026-07-29T04:30:00.000Z,4023.370,4027.140,4023.370,4026.710,1480
2026-07-29T04:35:00.000Z,4026.660,4026.660,4024.800,4025.150,1669
2026-07-29T04:40:00.000Z,4025.110,4027.490,4024.980,4027.290,1655
2026-07-29T04:45:00.000Z,4027.350,4027.540,4023.690,4024.080,2250
2026-07-29T04:50:00.000Z,4024.000,4027.000,4023.990,4026.740,1896
2026-07-29T04:55:00.000Z,4026.760,4027.800,4026.080,4027.320,1284
2026-07-29T05:00:00.000Z,4027.480,4029.510,4026.650,4029.080,1452
2026-07-29T05:05:00.000Z,4029.090,4029.270,4027.090,4027.460,1351
2026-07-29T05:10:00.000Z,4027.460,4031.700,4026.850,4030.480,1664
2026-07-29T05:15:00.000Z,4030.470,4030.480,4027.520,4027.830,1425
2026-07-29T05:20:00.000Z,4027.790,4031.040,4027.170,4030.810,1305
2026-07-29T05:25:00.000Z,4030.880,4031.270,4029.900,4030.540,1155
2026-07-29T05:30:00.000Z,4030.760,4034.490,4030.030,4031.980,2583
2026-07-29T05:35:00.000Z,4032.010,4033.020,4029.810,4031.740,1946
2026-07-29T05:40:00.000Z,4031.480,4039.590,4031.250,4039.110,2004
2026-07-29T05:45:00.000Z,4039.130,4040.050,4033.750,4033.890,1953
2026-07-29T05:50:00.000Z,4033.880,4036.070,4033.370,4033.900,1734
2026-07-29T05:55:00.000Z,4033.870,4034.840,4031.570,4033.060,1862
2026-07-29T06:00:00.000Z,4033.010,4037.510,4032.980,4037.500,2217
2026-07-29T06:05:00.000Z,4037.510,4037.520,4034.720,4034.980,1661
2026-07-29T06:10:00.000Z,4035.020,4038.320,4034.350,4037.420,1416
2026-07-29T06:15:00.000Z,4037.420,4040.130,4037.270,4038.140,1520
2026-07-29T06:20:00.000Z,4038.140,4043.040,4035.900,4041.080,1562
2026-07-29T06:25:00.000Z,4041.140,4041.850,4040.390,4041.110,1658
2026-07-29T06:30:00.000Z,4041.080,4044.020,4040.860,4043.750,1816
2026-07-29T06:35:00.000Z,4043.850,4044.830,4042.100,4043.290,1712
2026-07-29T06:40:00.000Z,4043.300,4043.970,4041.530,4042.830,1452
2026-07-29T06:45:00.000Z,4042.800,4043.000,4039.830,4040.190,1393
2026-07-29T06:50:00.000Z,4040.210,4042.670,4040.010,4041.130,1608
2026-07-29T06:55:00.000Z,4041.090,4042.310,4040.640,4041.230,1423
2026-07-29T07:00:00.000Z,4041.170,4044.300,4041.170,4042.130,1601
2026-07-29T07:05:00.000Z,4042.230,4044.890,4041.910,4044.680,1402
2026-07-29T07:10:00.000Z,4044.680,4046.630,4044.640,4045.400,1202
2026-07-29T07:15:00.000Z,4045.370,4046.080,4044.170,4045.580,1197
2026-07-29T07:20:00.000Z,4045.590,4047.780,4045.390,4046.890,1209
2026-07-29T07:25:00.000Z,4046.770,4047.260,4044.640,4046.020,1133
2026-07-29T07:30:00.000Z,4046.210,4046.810,4044.850,4045.670,1306
2026-07-29T07:35:00.000Z,4045.770,4047.500,4045.730,4045.910,1124
2026-07-29T07:40:00.000Z,4045.950,4047.500,4045.750,4045.990,1162
2026-07-29T07:45:00.000Z,4046.070,4046.940,4044.300,4044.610,1309
2026-07-29T07:50:00.000Z,4044.420,4044.780,4042.840,4043.490,1237
2026-07-29T07:55:00.000Z,4043.480,4044.200,4042.700,4043.790,1105
2026-07-29T08:00:00.000Z,4044.050,4044.400,4042.600,4043.860,1655
2026-07-29T08:05:00.000Z,4043.820,4043.910,4040.760,4041.170,1281
2026-07-29T08:10:00.000Z,4041.160,4042.470,4039.170,4039.180,1337
2026-07-29T08:15:00.000Z,4039.190,4042.290,4039.190,4040.840,1181
2026-07-29T08:20:00.000Z,4040.850,4040.850,4037.330,4037.610,1210
2026-07-29T08:25:00.000Z,4037.580,4038.160,4035.730,4037.320,1554
2026-07-29T08:30:00.000Z,4037.310,4037.900,4035.730,4036.020,1581
2026-07-29T08:35:00.000Z,4036.060,4038.890,4035.920,4037.950,1214
2026-07-29T08:40:00.000Z,4037.910,4039.170,4037.650,4038.230,1179
2026-07-29T08:45:00.000Z,4038.290,4040.000,4037.530,4037.670,1316
2026-07-29T08:50:00.000Z,4037.610,4040.110,4037.120,4039.220,1489
2026-07-29T08:55:00.000Z,4039.230,4039.550,4037.020,4037.610,1202
2026-07-29T09:00:00.000Z,4037.730,4038.350,4036.350,4037.310,1364
2026-07-29T09:05:00.000Z,4037.300,4037.990,4035.880,4037.800,1309
2026-07-29T09:10:00.000Z,4037.760,4037.970,4035.340,4036.360,1232
2026-07-29T09:15:00.000Z,4036.310,4037.760,4036.000,4037.040,1255
2026-07-29T09:20:00.000Z,4036.990,4037.060,4033.700,4034.720,1383
2026-07-29T09:25:00.000Z,4034.710,4034.800,4033.510,4033.810,1122
2026-07-29T09:30:00.000Z,4034.110,4034.610,4031.310,4033.950,1820
2026-07-29T09:35:00.000Z,4033.920,4034.860,4032.520,4032.890,1228
2026-07-29T09:40:00.000Z,4032.870,4034.960,4032.410,4034.390,1353
2026-07-29T09:45:00.000Z,4034.320,4035.820,4034.130,4035.780,946
2026-07-29T09:50:00.000Z,4035.700,4036.420,4034.930,4035.390,827
2026-07-29T09:55:00.000Z,4035.290,4035.340,4031.910,4032.690,1283
2026-07-29T10:00:00.000Z,4032.670,4033.950,4032.000,4033.260,1169
2026-07-29T10:05:00.000Z,4033.230,4034.170,4031.150,4032.770,1518
2026-07-29T10:10:00.000Z,4032.780,4033.610,4030.910,4031.950,1465
2026-07-29T10:15:00.000Z,4031.940,4032.330,4030.380,4032.260,1282
2026-07-29T10:20:00.000Z,4032.320,4032.890,4031.220,4031.530,998
2026-07-29T10:25:00.000Z,4031.540,4033.430,4030.270,4033.140,1132
2026-07-29T10:30:00.000Z,4033.010,4034.430,4032.200,4032.240,1138
2026-07-29T10:35:00.000Z,4032.230,4032.670,4028.860,4029.140,1287
2026-07-29T10:40:00.000Z,4029.150,4029.560,4026.370,4027.520,1414
2026-07-29T10:45:00.000Z,4027.480,4028.030,4026.520,4027.800,1038
2026-07-29T10:50:00.000Z,4027.770,4028.770,4026.070,4026.950,1042
2026-07-29T10:55:00.000Z,4026.550,4027.710,4026.100,4027.540,908
2026-07-29T11:00:00.000Z,4027.560,4029.430,4027.120,4028.060,1369
2026-07-29T11:05:00.000Z,4028.090,4028.360,4024.880,4026.070,1313
2026-07-29T11:10:00.000Z,4026.150,4029.750,4026.150,4029.740,1212
2026-07-29T11:15:00.000Z,4029.930,4032.840,4028.470,4032.610,1259
2026-07-29T11:20:00.000Z,4032.610,4033.170,4031.950,4032.500,1144
2026-07-29T11:25:00.000Z,4032.540,4033.490,4031.730,4032.800,1102
2026-07-29T11:30:00.000Z,4032.830,4032.990,4031.340,4031.820,958
2026-07-29T11:35:00.000Z,4031.730,4032.130,4030.200,4031.890,863
2026-07-29T11:40:00.000Z,4031.890,4032.330,4030.650,4030.990,920
2026-07-29T11:45:00.000Z,4031.000,4036.150,4030.550,4034.620,1577
2026-07-29T11:50:00.000Z,4034.550,4034.790,4032.010,4032.250,1232
2026-07-29T11:55:00.000Z,4032.220,4032.850,4031.220,4032.830,917
2026-07-29T12:00:00.000Z,4032.850,4033.380,4030.450,4030.600,1156
2026-07-29T12:05:00.000Z,4030.550,4031.320,4028.600,4030.060,1405
2026-07-29T12:10:00.000Z,4030.050,4031.040,4026.120,4027.070,1345
2026-07-29T12:15:00.000Z,4027.120,4027.590,4019.040,4019.050,3250
2026-07-29T12:20:00.000Z,4018.930,4020.290,4014.360,4015.860,2919
2026-07-29T12:25:00.000Z,4015.870,4017.520,4012.690,4013.170,2418
2026-07-29T12:30:00.000Z,4013.070,4018.740,4009.280,4018.450,2549
2026-07-29T12:35:00.000Z,4018.490,4022.540,4017.010,4021.570,1928
2026-07-29T12:40:00.000Z,4021.560,4022.060,4017.410,4020.810,1892
2026-07-29T12:45:00.000Z,4020.740,4023.250,4019.560,4020.360,1446
2026-07-29T12:50:00.000Z,4020.140,4022.320,4019.010,4021.750,1590
2026-07-29T12:55:00.000Z,4021.820,4023.720,4021.120,4022.680,1523
2026-07-29T13:00:00.000Z,4022.830,4026.410,4018.830,4018.870,2801
2026-07-29T13:05:00.000Z,4018.870,4019.260,4015.540,4016.210,2220
2026-07-29T13:10:00.000Z,4016.250,4018.920,4015.120,4015.760,2026
2026-07-29T13:15:00.000Z,4015.640,4018.570,4014.090,4017.210,2200
2026-07-29T13:20:00.000Z,4017.190,4023.160,4015.830,4020.450,2193
2026-07-29T13:25:00.000Z,4020.440,4022.950,4013.770,4014.490,2366
2026-07-29T13:30:00.000Z,4014.600,4017.670,4010.160,4017.190,3689
2026-07-29T13:35:00.000Z,4017.100,4017.930,4014.210,4016.290,3283
2026-07-29T13:40:00.000Z,4016.280,4016.290,4012.950,4013.710,3444
2026-07-29T13:45:00.000Z,4013.420,4016.030,4011.130,4015.170,3370
2026-07-29T13:50:00.000Z,4015.060,4015.200,4006.570,4009.190,3147
2026-07-29T13:55:00.000Z,4009.010,4009.110,4002.440,4007.230,3208
2026-07-29T14:00:00.000Z,4007.260,4008.640,4001.150,4005.890,3470
2026-07-29T14:05:00.000Z,4006.210,4006.770,3998.890,3999.640,3084
2026-07-29T14:10:00.000Z,3999.490,4001.280,3995.980,3999.340,3062
2026-07-29T14:15:00.000Z,3999.300,4009.200,3998.960,4007.770,3186
2026-07-29T14:20:00.000Z,4007.770,4010.130,4006.640,4009.700,2952
2026-07-29T14:25:00.000Z,4009.690,4009.770,4003.590,4005.500,3010
2026-07-29T14:30:00.000Z,4005.530,4009.340,4004.030,4008.020,2905
2026-07-29T14:35:00.000Z,4007.980,4008.410,4003.240,4004.540,2557
2026-07-29T14:40:00.000Z,4004.500,4006.620,3999.030,4001.170,2714
2026-07-29T14:45:00.000Z,4001.080,4002.580,3998.330,4001.630,2924
2026-07-29T14:50:00.000Z,4001.600,4005.740,4000.510,4005.380,2819
2026-07-29T14:55:00.000Z,4005.330,4005.790,4002.370,4004.790,2647
2026-07-29T15:00:00.000Z,4004.800,4008.920,4003.280,4008.410,2618
2026-07-29T15:05:00.000Z,4008.350,4009.870,4006.530,4009.850,2544
2026-07-29T15:10:00.000Z,4009.830,4009.830,4005.840,4006.920,2493
2026-07-29T15:15:00.000Z,4006.980,4008.650,4005.110,4005.150,2266
2026-07-29T15:20:00.000Z,4005.090,4010.260,4003.770,4010.030,2288
2026-07-29T15:25:00.000Z,4009.830,4011.300,4008.100,4010.560,2285
2026-07-29T15:30:00.000Z,4010.730,4013.500,4009.810,4010.310,2340
2026-07-29T15:35:00.000Z,4010.390,4012.460,4008.140,4008.840,2190
2026-07-29T15:40:00.000Z,4008.560,4010.660,4007.070,4010.660,1868
2026-07-29T15:45:00.000Z,4010.470,4012.820,4009.540,4012.700,1772
2026-07-29T15:50:00.000Z,4012.710,4013.830,4010.830,4011.600,1863
2026-07-29T15:55:00.000Z,4011.600,4011.890,4008.320,4009.900,2122
2026-07-29T16:00:00.000Z,4009.900,4011.760,4007.640,4009.440,2169
2026-07-29T16:05:00.000Z,4009.650,4015.610,4008.790,4014.890,2162
2026-07-29T16:10:00.000Z,4014.790,4015.710,4009.650,4009.650,1957
2026-07-29T16:15:00.000Z,4009.630,4011.620,4007.920,4011.400,1890
2026-07-29T16:20:00.000Z,4011.450,4017.580,4011.060,4015.190,2302
2026-07-29T16:25:00.000Z,4015.210,4017.100,4015.120,4016.570,1814
2026-07-29T16:30:00.000Z,4016.400,4018.940,4015.000,4017.160,2085
2026-07-29T16:35:00.000Z,4017.150,4018.180,4015.120,4016.860,1680
2026-07-29T16:40:00.000Z,4016.860,4017.730,4015.870,4017.060,1686
2026-07-29T16:45:00.000Z,4017.070,4018.020,4015.260,4017.800,1778
2026-07-29T16:50:00.000Z,4017.870,4025.730,4017.700,4025.730,2358
2026-07-29T16:55:00.000Z,4025.630,4032.870,4025.170,4027.410,3390
2026-07-29T17:00:00.000Z,4027.360,4037.620,4027.360,4036.980,3178
2026-07-29T17:05:00.000Z,4036.970,4041.260,4035.140,4038.710,2963
2026-07-29T17:10:00.000Z,4038.970,4050.550,4037.580,4042.070,3098
2026-07-29T17:15:00.000Z,4042.080,4047.930,4040.740,4045.220,2879
2026-07-29T17:20:00.000Z,4045.260,4050.640,4044.730,4047.380,2928
2026-07-29T17:25:00.000Z,4047.390,4048.220,4037.200,4039.170,3101
2026-07-29T17:30:00.000Z,4039.190,4041.930,4037.590,4038.790,2723
2026-07-29T17:35:00.000Z,4038.760,4041.690,4036.330,4041.480,2294
2026-07-29T17:40:00.000Z,4041.460,4047.410,4040.830,4045.820,2455
2026-07-29T17:45:00.000Z,4045.930,4048.110,4044.970,4047.510,2323
2026-07-29T17:50:00.000Z,4047.540,4047.540,4044.650,4044.890,2131
2026-07-29T17:55:00.000Z,4044.900,4044.940,4041.470,4044.110,1968
2026-07-29T18:00:00.000Z,4044.100,4086.100,4042.890,4066.890,4259
2026-07-29T18:05:00.000Z,4066.870,4083.140,4066.500,4076.480,4352
2026-07-29T18:10:00.000Z,4076.420,4086.150,4072.120,4081.140,4033
2026-07-29T18:15:00.000Z,4081.200,4083.870,4071.380,4071.920,3807
2026-07-29T18:20:00.000Z,4071.710,4073.240,4066.520,4066.550,3623
2026-07-29T18:25:00.000Z,4066.560,4068.250,4063.940,4067.750,3446
2026-07-29T18:30:00.000Z,4067.810,4072.800,4052.450,4059.950,4402
2026-07-29T18:35:00.000Z,4059.990,4072.950,4053.880,4071.290,4285
2026-07-29T18:40:00.000Z,4071.260,4087.100,4070.150,4083.470,4323
2026-07-29T18:45:00.000Z,4083.580,4100.970,4082.190,4099.600,4263
2026-07-29T18:50:00.000Z,4099.720,4109.810,4092.930,4104.980,4158
2026-07-29T18:55:00.000Z,4105.050,4109.400,4101.280,4106.810,4001
2026-07-29T19:00:00.000Z,4106.760,4116.560,4102.100,4103.380,4266
2026-07-29T19:05:00.000Z,4103.400,4105.650,4092.920,4096.860,4311
2026-07-29T19:10:00.000Z,4096.710,4102.300,4090.190,4099.750,4224
2026-07-29T19:15:00.000Z,4099.670,4104.580,4097.620,4098.560,4044
2026-07-29T19:20:00.000Z,4099.130,4099.600,4085.290,4087.290,4256
2026-07-29T19:25:00.000Z,4087.090,4087.770,4081.010,4084.010,4058
2026-07-29T19:30:00.000Z,4084.070,4088.370,4067.140,4073.300,4231
2026-07-29T19:35:00.000Z,4073.280,4075.770,4066.140,4068.970,4132
2026-07-29T19:40:00.000Z,4068.940,4073.230,4065.420,4069.370,4006
2026-07-29T19:45:00.000Z,4069.350,4071.990,4066.030,4071.620,4007
2026-07-29T19:50:00.000Z,4070.740,4070.740,4061.250,4061.770,3881
2026-07-29T19:55:00.000Z,4061.330,4061.580,4044.440,4044.710,3988
2026-07-29T20:00:00.000Z,4044.920,4052.830,4042.780,4052.780,3872
2026-07-29T20:05:00.000Z,4052.790,4053.710,4049.270,4052.720,3210
2026-07-29T20:10:00.000Z,4052.650,4056.010,4049.090,4052.130,3079
2026-07-29T20:15:00.000Z,4052.050,4052.050,4047.740,4049.250,2862
2026-07-29T20:20:00.000Z,4049.170,4050.660,4043.850,4049.000,2504
2026-07-29T20:25:00.000Z,4049.040,4057.350,4048.380,4055.660,2326
2026-07-29T20:30:00.000Z,4055.590,4059.840,4054.030,4059.410,1978
2026-07-29T20:35:00.000Z,4059.290,4063.600,4058.470,4063.590,1598
2026-07-29T20:40:00.000Z,4063.540,4069.270,4063.140,4067.170,1256
2026-07-29T20:45:00.000Z,4067.030,4070.110,4065.280,4066.120,1607
2026-07-29T20:50:00.000Z,4066.230,4066.480,4063.490,4065.550,1382
2026-07-29T20:55:00.000Z,4065.710,4067.210,4065.050,4066.250,1017
2026-07-29T22:00:00.000Z,4065.590,4076.100,4060.420,4074.170,1051
2026-07-29T22:05:00.000Z,4074.250,4074.700,4064.910,4069.700,1785
2026-07-29T22:10:00.000Z,4069.740,4078.110,4069.740,4076.510,1488
2026-07-29T22:15:00.000Z,4076.490,4077.720,4073.840,4074.900,1472
2026-07-29T22:20:00.000Z,4074.780,4075.390,4073.140,4075.000,1113
2026-07-29T22:25:00.000Z,4074.970,4075.290,4072.710,4075.000,1182
2026-07-29T22:30:00.000Z,4075.010,4076.160,4073.000,4075.600,1287
2026-07-29T22:35:00.000Z,4075.660,4078.980,4075.560,4076.010,1092
2026-07-29T22:40:00.000Z,4075.990,4081.490,4075.670,4081.490,1164
2026-07-29T22:45:00.000Z,4081.560,4085.550,4079.830,4084.940,1420
2026-07-29T22:50:00.000Z,4084.870,4085.890,4083.720,4085.150,1157
2026-07-29T22:55:00.000Z,4085.160,4090.550,4085.010,4088.560,1334
2026-07-29T23:00:00.000Z,4088.370,4095.560,4088.370,4095.310,1614
2026-07-29T23:05:00.000Z,4095.370,4100.350,4094.360,4096.460,1446
2026-07-29T23:10:00.000Z,4096.440,4097.010,4090.600,4091.670,1711
2026-07-29T23:15:00.000Z,4091.760,4094.470,4090.460,4093.660,1156
2026-07-29T23:20:00.000Z,4093.640,4095.000,4092.060,4092.290,1146
2026-07-29T23:25:00.000Z,4092.290,4094.290,4090.870,4093.560,1082
2026-07-29T23:30:00.000Z,4093.560,4094.110,4090.800,4093.040,1154
2026-07-29T23:35:00.000Z,4093.100,4094.600,4092.160,4092.300,991
2026-07-29T23:40:00.000Z,4092.340,4092.420,4089.410,4090.110,1514
2026-07-29T23:45:00.000Z,4090.240,4093.170,4088.800,4090.890,2619
2026-07-29T23:50:00.000Z,4091.270,4092.820,4086.460,4087.260,2693
2026-07-29T23:55:00.000Z,4087.320,4088.390,4084.470,4084.670,2155
2026-07-30T00:00:00.000Z,4084.780,4086.570,4079.910,4080.780,3004
2026-07-30T00:05:00.000Z,4080.790,4085.320,4080.450,4082.580,3000
2026-07-30T00:10:00.000Z,4082.550,4083.080,4079.140,4081.410,2878
2026-07-30T00:15:00.000Z,4081.380,4083.590,4077.460,4077.510,3060
2026-07-30T00:20:00.000Z,4077.520,4080.740,4075.570,4080.590,2784
2026-07-30T00:25:00.000Z,4080.570,4080.820,4072.790,4075.330,2782
2026-07-30T00:30:00.000Z,4075.390,4076.960,4071.820,4072.260,2605
2026-07-30T00:35:00.000Z,4072.170,4073.290,4068.130,4069.480,2441
2026-07-30T00:40:00.000Z,4069.420,4071.140,4065.040,4066.170,2544
2026-07-30T00:45:00.000Z,4066.130,4068.200,4064.840,4066.890,2585
2026-07-30T00:50:00.000Z,4066.910,4067.960,4065.200,4067.830,2240
2026-07-30T00:55:00.000Z,4068.070,4072.910,4066.910,4072.220,2282
2026-07-30T01:00:00.000Z,4072.240,4089.860,4070.500,4089.360,3767
2026-07-30T01:05:00.000Z,4089.490,4093.010,4086.430,4086.430,3461
2026-07-30T01:10:00.000Z,4086.420,4088.040,4074.980,4075.500,3319
2026-07-30T01:15:00.000Z,4075.590,4078.640,4073.290,4075.190,3310
2026-07-30T01:20:00.000Z,4075.260,4081.430,4073.880,4080.710,3043
2026-07-30T01:25:00.000Z,4080.350,4084.700,4080.280,4081.250,2883
2026-07-30T01:30:00.000Z,4081.260,4086.450,4080.740,4085.880,2786
2026-07-30T01:35:00.000Z,4085.890,4088.020,4084.360,4087.020,2760
2026-07-30T01:40:00.000Z,4087.030,4089.690,4086.480,4086.710,2395
2026-07-30T01:45:00.000Z,4086.760,4089.700,4083.830,4088.700,2503
2026-07-30T01:50:00.000Z,4088.680,4090.190,4086.860,4088.360,2274
2026-07-30T01:55:00.000Z,4088.340,4090.990,4084.170,4084.680,2395
2026-07-30T02:00:00.000Z,4084.530,4090.420,4084.530,4089.590,2422
2026-07-30T02:05:00.000Z,4089.630,4090.020,4087.480,4088.220,2012
2026-07-30T02:10:00.000Z,4088.280,4088.500,4082.020,4082.610,1992
2026-07-30T02:15:00.000Z,4082.580,4082.880,4079.980,4082.190,1986
2026-07-30T02:20:00.000Z,4082.200,4083.700,4080.750,4082.910,1883
2026-07-30T02:25:00.000Z,4082.960,4083.770,4080.290,4082.740,1635
2026-07-30T02:30:00.000Z,4082.780,4082.800,4075.480,4076.340,2659
2026-07-30T02:35:00.000Z,4076.360,4078.350,4074.720,4076.570,2280
2026-07-30T02:40:00.000Z,4076.560,4078.930,4073.690,4076.880,2396
2026-07-30T02:45:00.000Z,4076.910,4077.080,4073.510,4074.630,2095
2026-07-30T02:50:00.000Z,4074.420,4074.790,4070.110,4070.910,2032
2026-07-30T02:55:00.000Z,4070.960,4071.530,4063.170,4063.730,2304
2026-07-30T03:00:00.000Z,4063.650,4069.760,4062.480,4069.510,2552
2026-07-30T03:05:00.000Z,4069.430,4070.120,4063.980,4064.490,2060
2026-07-30T03:10:00.000Z,4064.970,4065.430,4060.580,4062.960,2261
2026-07-30T03:15:00.000Z,4063.000,4063.870,4056.490,4057.810,2199
2026-07-30T03:20:00.000Z,4057.760,4058.520,4055.410,4056.700,2349
2026-07-30T03:25:00.000Z,4056.720,4057.560,4052.550,4053.860,2395
2026-07-30T03:30:00.000Z,4053.850,4055.300,4051.620,4053.810,2180
2026-07-30T03:35:00.000Z,4053.820,4055.930,4050.860,4051.420,2006
2026-07-30T03:40:00.000Z,4051.440,4053.860,4051.310,4052.510,1721
2026-07-30T03:45:00.000Z,4052.310,4058.560,4052.310,4058.140,1948
2026-07-30T03:50:00.000Z,4057.920,4059.750,4057.470,4058.480,1724
2026-07-30T03:55:00.000Z,4058.490,4059.880,4056.730,4058.890,1594
2026-07-30T04:00:00.000Z,4058.880,4060.100,4055.820,4056.720,1955
2026-07-30T04:05:00.000Z,4056.730,4057.050,4054.760,4056.210,1620
2026-07-30T04:10:00.000Z,4056.190,4056.750,4053.040,4053.390,1597
2026-07-30T04:15:00.000Z,4053.370,4054.880,4052.110,4052.250,1444
2026-07-30T04:20:00.000Z,4052.260,4053.800,4051.090,4052.540,1533
2026-07-30T04:25:00.000Z,4052.570,4055.340,4052.460,4054.210,1507
2026-07-30T04:30:00.000Z,4054.140,4054.150,4051.620,4051.750,1518
2026-07-30T04:35:00.000Z,4051.830,4052.360,4049.240,4049.960,1498
2026-07-30T04:40:00.000Z,4049.950,4050.420,4047.780,4048.720,1716
2026-07-30T04:45:00.000Z,4048.690,4051.970,4046.250,4046.900,1814
2026-07-30T04:50:00.000Z,4046.890,4048.370,4046.080,4047.750,1803
2026-07-30T04:55:00.000Z,4047.700,4048.020,4044.510,4046.070,1682
2026-07-30T05:00:00.000Z,4046.100,4046.160,4041.750,4044.800,2039
2026-07-30T05:05:00.000Z,4044.870,4045.580,4041.870,4045.210,1928
2026-07-30T05:10:00.000Z,4045.200,4046.030,4043.900,4045.970,1647
2026-07-30T05:15:00.000Z,4046.020,4046.400,4037.630,4041.970,2073
2026-07-30T05:20:00.000Z,4041.980,4044.540,4041.370,4044.090,1863
2026-07-30T05:25:00.000Z,4044.060,4047.360,4043.010,4046.970,1744
2026-07-30T05:30:00.000Z,4047.000,4051.370,4045.390,4048.080,3047
2026-07-30T05:35:00.000Z,4048.090,4048.090,4028.510,4031.610,3415
2026-07-30T05:40:00.000Z,4031.520,4037.010,4029.840,4033.410,3000
2026-07-30T05:45:00.000Z,4033.410,4038.690,4030.770,4032.270,2786
2026-07-30T05:50:00.000Z,4032.170,4035.390,4030.480,4033.280,2423
2026-07-30T05:55:00.000Z,4033.220,4036.200,4030.140,4033.740,2510
2026-07-30T06:00:00.000Z,4033.690,4038.400,4033.490,4038.240,2862
2026-07-30T06:05:00.000Z,4038.260,4039.480,4035.020,4035.880,2738
2026-07-30T06:10:00.000Z,4035.960,4037.110,4031.250,4032.370,2744
2026-07-30T06:15:00.000Z,4032.370,4034.220,4030.820,4033.720,2357
2026-07-30T06:20:00.000Z,4033.720,4039.350,4033.260,4037.470,2414
2026-07-30T06:25:00.000Z,4037.440,4037.560,4029.450,4033.120,2385
2026-07-30T06:30:00.000Z,4033.190,4036.720,4031.070,4035.510,2430
2026-07-30T06:35:00.000Z,4035.560,4037.210,4034.150,4037.090,2107
2026-07-30T06:40:00.000Z,4037.190,4038.310,4034.320,4035.800,1831
2026-07-30T06:45:00.000Z,4035.830,4037.860,4034.260,4036.460,2004
2026-07-30T06:50:00.000Z,4036.500,4040.530,4035.970,4038.710,2118
2026-07-30T06:55:00.000Z,4038.700,4038.890,4035.200,4036.530,1677
2026-07-30T07:00:00.000Z,4036.420,4048.020,4035.580,4044.850,3202
2026-07-30T07:05:00.000Z,4044.820,4045.580,4042.600,4045.520,2501
2026-07-30T07:10:00.000Z,4045.600,4047.710,4044.020,4046.760,2386
2026-07-30T07:15:00.000Z,4046.770,4051.420,4046.590,4049.780,2323
2026-07-30T07:20:00.000Z,4049.760,4050.370,4044.510,4048.090,2202
2026-07-30T07:25:00.000Z,4048.100,4048.120,4043.130,4046.010,2282
2026-07-30T07:30:00.000Z,4046.000,4046.210,4040.130,4041.210,2052
2026-07-30T07:35:00.000Z,4041.220,4042.210,4036.190,4040.570,2088
2026-07-30T07:40:00.000Z,4040.620,4047.300,4040.540,4046.000,2208
2026-07-30T07:45:00.000Z,4045.940,4046.660,4041.730,4041.950,2004
2026-07-30T07:50:00.000Z,4041.930,4045.520,4040.360,4040.820,2049
2026-07-30T07:55:00.000Z,4040.660,4041.080,4038.210,4038.890,2025
2026-07-30T08:00:00.000Z,4039.080,4045.880,4036.830,4045.820,2821
2026-07-30T08:05:00.000Z,4046.260,4053.720,4045.050,4050.450,2952
2026-07-30T08:10:00.000Z,4050.490,4056.130,4049.510,4053.290,2437
2026-07-30T08:15:00.000Z,4053.280,4057.010,4052.080,4056.860,2368
2026-07-30T08:20:00.000Z,4056.850,4064.040,4055.810,4060.310,2545
2026-07-30T08:25:00.000Z,4060.340,4068.550,4060.220,4064.540,2785
2026-07-30T08:30:00.000Z,4064.500,4072.950,4063.540,4068.240,3026
2026-07-30T08:35:00.000Z,4068.220,4071.760,4064.650,4064.690,2512
2026-07-30T08:40:00.000Z,4064.630,4066.740,4063.060,4065.820,2362
2026-07-30T08:45:00.000Z,4065.830,4071.000,4063.620,4063.890,2195
2026-07-30T08:50:00.000Z,4063.890,4064.380,4059.790,4060.300,2003
2026-07-30T08:55:00.000Z,4060.250,4061.980,4059.530,4061.430,1911
2026-07-30T09:00:00.000Z,4061.630,4067.450,4060.370,4066.430,2205
2026-07-30T09:05:00.000Z,4066.400,4068.910,4065.760,4067.570,2048
2026-07-30T09:10:00.000Z,4067.330,4068.880,4064.930,4065.970,2030
2026-07-30T09:15:00.000Z,4066.010,4067.360,4064.560,4066.840,2222
2026-07-30T09:20:00.000Z,4066.820,4072.200,4066.650,4070.270,2243
2026-07-30T09:25:00.000Z,4070.260,4072.500,4067.220,4067.620,1853
2026-07-30T09:30:00.000Z,4067.690,4068.200,4060.740,4066.330,2310
2026-07-30T09:35:00.000Z,4066.350,4069.260,4065.140,4065.310,2063
2026-07-30T09:40:00.000Z,4065.330,4066.030,4064.460,4065.530,2004
2026-07-30T09:45:00.000Z,4065.540,4069.410,4063.730,4069.270,1829
2026-07-30T09:50:00.000Z,4069.320,4072.990,4066.620,4067.030,2174
2026-07-30T09:55:00.000Z,4067.010,4067.270,4062.340,4063.400,1904
2026-07-30T10:00:00.000Z,4063.510,4068.090,4063.040,4065.090,2271
2026-07-30T10:05:00.000Z,4065.000,4072.270,4064.590,4071.440,2036
2026-07-30T10:10:00.000Z,4071.310,4074.710,4064.190,4068.390,2678
2026-07-30T10:15:00.000Z,4068.480,4077.370,4067.640,4075.590,2687
2026-07-30T10:20:00.000Z,4075.710,4077.550,4074.280,4076.300,2234
2026-07-30T10:25:00.000Z,4076.310,4077.650,4075.330,4076.340,1784
2026-07-30T10:30:00.000Z,4076.460,4079.070,4075.310,4077.540,2108
2026-07-30T10:35:00.000Z,4077.550,4081.320,4076.790,4077.280,1987
2026-07-30T10:40:00.000Z,4077.200,4082.730,4076.990,4081.280,2524
2026-07-30T10:45:00.000Z,4081.300,4083.030,4079.720,4079.920,1943
2026-07-30T10:50:00.000Z,4080.080,4081.900,4078.120,4079.240,1953
2026-07-30T10:55:00.000Z,4079.300,4080.180,4078.140,4078.170,1216
2026-07-30T11:00:00.000Z,4078.130,4081.050,4077.660,4078.980,2015
2026-07-30T11:05:00.000Z,4078.930,4082.700,4078.850,4081.970,1812
2026-07-30T11:10:00.000Z,4082.020,4082.880,4078.660,4079.810,1632
2026-07-30T11:15:00.000Z,4079.760,4082.090,4078.020,4078.020,1549
2026-07-30T11:20:00.000Z,4078.070,4081.590,4076.770,4081.480,1626
2026-07-30T11:25:00.000Z,4081.470,4081.790,4076.660,4077.830,1643
2026-07-30T11:30:00.000Z,4078.380,4078.790,4076.250,4077.360,2040
2026-07-30T11:35:00.000Z,4077.320,4079.400,4076.980,4077.760,1615
2026-07-30T11:40:00.000Z,4077.720,4079.470,4077.020,4077.530,1460
2026-07-30T11:45:00.000Z,4077.400,4077.920,4075.700,4076.590,1407
2026-07-30T11:50:00.000Z,4076.780,4080.690,4076.410,4080.360,1848
2026-07-30T11:55:00.000Z,4080.250,4080.420,4076.710,4077.760,1668
2026-07-30T12:00:00.000Z,4077.780,4079.620,4074.710,4078.340,2119
2026-07-30T12:05:00.000Z,4078.390,4082.590,4078.390,4081.720,1920
2026-07-30T12:10:00.000Z,4081.950,4081.950,4074.830,4078.810,2278
2026-07-30T12:15:00.000Z,4078.900,4078.900,4073.030,4075.060,2021
2026-07-30T12:20:00.000Z,4075.070,4076.460,4071.750,4076.420,2127
2026-07-30T12:25:00.000Z,4076.810,4081.510,4076.790,4077.260,2046
2026-07-30T12:30:00.000Z,4077.210,4086.680,4071.790,4073.570,3102
2026-07-30T12:35:00.000Z,4073.660,4078.210,4071.980,4077.980,2995
2026-07-30T12:40:00.000Z,4078.100,4081.770,4074.030,4077.250,3050
2026-07-30T12:45:00.000Z,4077.300,4079.460,4073.240,4075.360,2758
2026-07-30T12:50:00.000Z,4075.380,4076.920,4067.340,4069.980,3023
2026-07-30T12:55:00.000Z,4069.850,4073.790,4068.480,4068.980,2644
2026-07-30T13:00:00.000Z,4068.670,4073.970,4065.180,4068.140,3566
2026-07-30T13:05:00.000Z,4068.160,4076.650,4066.680,4073.520,3038
2026-07-30T13:10:00.000Z,4073.520,4076.880,4069.900,4076.800,2849
2026-07-30T13:15:00.000Z,4076.750,4077.420,4073.020,4073.250,2535
2026-07-30T13:20:00.000Z,4073.290,4084.080,4072.160,4082.200,2850
2026-07-30T13:25:00.000Z,4082.570,4082.890,4074.280,4080.300,2898
2026-07-30T13:30:00.000Z,4080.020,4081.830,4075.420,4075.870,3763
2026-07-30T13:35:00.000Z,4075.770,4098.740,4074.920,4091.340,4273
2026-07-30T13:40:00.000Z,4091.360,4096.450,4085.230,4088.870,4215
2026-07-30T13:45:00.000Z,4088.950,4101.530,4085.700,4095.040,4086
2026-07-30T13:50:00.000Z,4094.990,4103.050,4093.560,4102.550,3995
2026-07-30T13:55:00.000Z,4102.530,4112.950,4101.160,4112.460,3920
2026-07-30T14:00:00.000Z,4112.250,4120.360,4106.270,4107.550,4354
2026-07-30T14:05:00.000Z,4107.570,4109.640,4094.020,4099.140,4218
2026-07-30T14:10:00.000Z,4098.990,4102.470,4096.380,4098.250,3883
2026-07-30T14:15:00.000Z,4098.230,4100.230,4090.400,4090.880,3799
2026-07-30T14:20:00.000Z,4090.880,4098.600,4087.260,4089.680,3710
2026-07-30T14:25:00.000Z,4089.650,4096.310,4087.130,4096.260,3459
2026-07-30T14:30:00.000Z,4096.190,4102.800,4094.840,4100.310,3428
2026-07-30T14:35:00.000Z,4100.490,4106.120,4100.160,4106.070,2941
2026-07-30T14:40:00.000Z,4106.040,4111.310,4104.180,4110.840,2989
2026-07-30T14:45:00.000Z,4110.800,4113.040,4101.940,4104.650,3318
2026-07-30T14:50:00.000Z,4104.440,4104.860,4098.650,4099.740,3116
2026-07-30T14:55:00.000Z,4099.470,4101.000,4096.480,4100.120,3325
2026-07-30T15:00:00.000Z,4099.950,4100.270,4096.410,4097.410,3420
2026-07-30T15:05:00.000Z,4097.390,4098.460,4089.890,4090.820,3411
2026-07-30T15:10:00.000Z,4090.780,4090.780,4083.170,4085.510,3415
2026-07-30T15:15:00.000Z,4085.270,4096.910,4084.900,4095.900,3401
2026-07-30T15:20:00.000Z,4095.920,4097.240,4092.240,4094.090,3123
2026-07-30T15:25:00.000Z,4094.080,4096.780,4092.200,4096.050,2898
2026-07-30T15:30:00.000Z,4096.150,4100.150,4092.690,4099.530,3152
2026-07-30T15:35:00.000Z,4099.690,4100.850,4097.970,4099.120,2538
2026-07-30T15:40:00.000Z,4099.380,4106.940,4098.910,4105.460,2803
2026-07-30T15:45:00.000Z,4105.590,4106.890,4103.440,4106.110,2583
2026-07-30T15:50:00.000Z,4106.140,4108.120,4104.410,4107.270,2301
2026-07-30T15:55:00.000Z,4107.370,4110.210,4107.000,4108.130,2413
2026-07-30T16:00:00.000Z,4108.120,4115.850,4107.740,4114.850,2699
2026-07-30T16:05:00.000Z,4114.800,4115.190,4111.210,4111.400,2370
2026-07-30T16:10:00.000Z,4111.200,4115.900,4109.200,4114.230,2209
2026-07-30T16:15:00.000Z,4114.110,4116.120,4113.930,4114.040,1996
2026-07-30T16:20:00.000Z,4113.980,4119.330,4113.700,4119.010,2154
2026-07-30T16:25:00.000Z,4118.970,4119.060,4115.640,4116.170,2175
2026-07-30T16:30:00.000Z,4116.150,4116.470,4112.900,4113.310,2339
2026-07-30T16:35:00.000Z,4113.550,4115.030,4110.230,4110.790,2147
2026-07-30T16:40:00.000Z,4111.010,4112.070,4108.330,4108.600,2143
2026-07-30T16:45:00.000Z,4108.610,4109.740,4107.260,4109.550,1952
2026-07-30T16:50:00.000Z,4109.630,4110.090,4106.660,4107.970,1957
2026-07-30T16:55:00.000Z,4107.750,4110.750,4107.540,4110.740,1692
2026-07-30T17:00:00.000Z,4110.740,4111.230,4106.840,4107.750,2346
2026-07-30T17:05:00.000Z,4107.870,4108.760,4106.620,4107.580,1621
2026-07-30T17:10:00.000Z,4107.530,4108.700,4104.860,4104.930,1957
2026-07-30T17:15:00.000Z,4104.830,4106.920,4103.870,4106.400,2031
2026-07-30T17:20:00.000Z,4106.410,4108.210,4104.620,4108.010,1921
2026-07-30T17:25:00.000Z,4107.990,4108.060,4098.550,4101.650,2288
2026-07-30T17:30:00.000Z,4100.600,4102.480,4100.280,4100.820,1956
2026-07-30T17:35:00.000Z,4100.930,4108.020,4099.970,4102.840,3000
2026-07-30T17:40:00.000Z,4102.830,4106.680,4102.590,4105.980,2549
2026-07-30T17:45:00.000Z,4106.030,4108.460,4104.130,4104.140,1988
2026-07-30T17:50:00.000Z,4104.130,4104.570,4102.780,4103.170,1709
2026-07-30T17:55:00.000Z,4103.200,4103.630,4101.200,4102.640,1821
2026-07-30T18:00:00.000Z,4102.690,4105.790,4102.690,4105.530,1873
2026-07-30T18:05:00.000Z,4105.520,4106.740,4104.520,4106.280,1936
2026-07-30T18:10:00.000Z,4106.280,4106.840,4104.970,4106.510,1930
2026-07-30T18:15:00.000Z,4106.460,4106.810,4103.830,4104.150,1926
2026-07-30T18:20:00.000Z,4104.180,4105.470,4101.560,4102.200,1854
2026-07-30T18:25:00.000Z,4102.250,4103.690,4100.750,4103.510,1768
2026-07-30T18:30:00.000Z,4103.590,4107.830,4103.000,4106.630,1761
2026-07-30T18:35:00.000Z,4106.610,4106.610,4104.580,4104.700,1578
2026-07-30T18:40:00.000Z,4104.610,4105.880,4103.990,4104.890,1329
2026-07-30T18:45:00.000Z,4104.870,4105.270,4100.500,4100.920,1387
2026-07-30T18:50:00.000Z,4100.960,4101.430,4098.880,4099.080,1665
2026-07-30T18:55:00.000Z,4099.160,4100.270,4098.930,4099.790,1319
2026-07-30T19:00:00.000Z,4099.750,4103.650,4098.760,4103.620,1715
2026-07-30T19:05:00.000Z,4103.670,4105.480,4102.890,4105.420,1578
2026-07-30T19:10:00.000Z,4105.380,4105.760,4103.090,4104.770,1737
2026-07-30T19:15:00.000Z,4104.740,4113.110,4103.020,4110.770,2204
2026-07-30T19:20:00.000Z,4110.690,4111.720,4109.550,4111.410,1701
2026-07-30T19:25:00.000Z,4111.020,4114.970,4110.710,4112.910,1801
2026-07-30T19:30:00.000Z,4112.840,4114.530,4112.380,4114.530,1852
2026-07-30T19:35:00.000Z,4114.540,4115.370,4112.260,4112.950,1684
2026-07-30T19:40:00.000Z,4113.050,4114.150,4111.500,4112.330,1492
2026-07-30T19:45:00.000Z,4112.330,4113.010,4111.190,4112.430,1527
2026-07-30T19:50:00.000Z,4112.110,4113.020,4109.560,4109.640,1744
2026-07-30T19:55:00.000Z,4109.370,4112.780,4109.230,4112.120,2267
2026-07-30T20:00:00.000Z,4112.210,4117.530,4110.160,4117.530,2536
2026-07-30T20:05:00.000Z,4117.500,4117.500,4113.870,4114.520,1655
2026-07-30T20:10:00.000Z,4114.480,4115.640,4113.220,4114.100,1431
2026-07-30T20:15:00.000Z,4114.100,4115.080,4112.450,4113.840,1467
2026-07-30T20:20:00.000Z,4113.820,4114.210,4112.700,4113.500,1157
2026-07-30T20:25:00.000Z,4113.510,4114.250,4111.770,4112.050,1224
2026-07-30T20:30:00.000Z,4112.450,4112.550,4107.810,4109.250,1907
2026-07-30T20:35:00.000Z,4109.090,4109.120,4106.330,4106.960,1286
2026-07-30T20:40:00.000Z,4106.890,4107.420,4102.380,4102.840,1018
2026-07-30T20:45:00.000Z,4102.780,4103.580,4099.940,4100.050,964
2026-07-30T20:50:00.000Z,4099.920,4102.540,4099.150,4101.460,858
2026-07-30T20:55:00.000Z,4101.450,4103.830,4100.900,4103.680,699
2026-07-30T22:00:00.000Z,4106.320,4106.740,4096.680,4103.150,1179
2026-07-30T22:05:00.000Z,4103.180,4105.710,4102.580,4105.540,660
2026-07-30T22:10:00.000Z,4105.520,4107.640,4105.270,4106.680,952
2026-07-30T22:15:00.000Z,4106.650,4108.320,4106.450,4108.190,1065
2026-07-30T22:20:00.000Z,4108.100,4108.130,4107.260,4107.610,871
2026-07-30T22:25:00.000Z,4107.630,4108.390,4106.870,4107.680,853
2026-07-30T22:30:00.000Z,4107.660,4108.260,4106.980,4107.980,912
2026-07-30T22:35:00.000Z,4108.020,4110.530,4107.870,4110.100,812
2026-07-30T22:40:00.000Z,4109.930,4110.410,4109.550,4110.410,578
2026-07-30T22:45:00.000Z,4110.470,4110.970,4109.020,4110.760,700
2026-07-30T22:50:00.000Z,4110.770,4111.330,4110.110,4111.060,598
2026-07-30T22:55:00.000Z,4111.070,4111.150,4109.100,4109.160,507
2026-07-30T23:00:00.000Z,4109.170,4111.290,4109.170,4110.740,809
2026-07-30T23:05:00.000Z,4110.740,4111.720,4109.010,4109.610,617
2026-07-30T23:10:00.000Z,4109.680,4109.680,4106.560,4107.390,736
2026-07-30T23:15:00.000Z,4107.360,4107.510,4106.190,4106.680,704
2026-07-30T23:20:00.000Z,4106.660,4107.130,4104.640,4106.130,883
2026-07-30T23:25:00.000Z,4106.090,4106.740,4104.180,4104.320,681
2026-07-30T23:30:00.000Z,4104.330,4105.210,4103.460,4103.980,878
2026-07-30T23:35:00.000Z,4104.050,4105.940,4102.270,4105.830,1038
2026-07-30T23:40:00.000Z,4105.790,4107.360,4104.970,4106.140,764
2026-07-30T23:45:00.000Z,4106.240,4110.050,4106.240,4108.410,1024
2026-07-30T23:50:00.000Z,4108.300,4109.210,4106.540,4107.180,1089
2026-07-30T23:55:00.000Z,4107.260,4107.380,4105.390,4105.910,708
2026-07-31T00:00:00.000Z,4106.040,4107.070,4101.550,4104.780,1909
2026-07-31T00:05:00.000Z,4104.730,4105.040,4101.660,4103.250,1677
2026-07-31T00:10:00.000Z,4103.180,4104.020,4100.640,4101.290,1513
2026-07-31T00:15:00.000Z,4101.200,4102.680,4100.160,4101.420,1573
2026-07-31T00:20:00.000Z,4101.430,4103.760,4098.570,4102.790,1617
2026-07-31T00:25:00.000Z,4102.750,4102.790,4096.130,4096.510,1326
2026-07-31T00:30:00.000Z,4096.430,4097.500,4093.430,4093.870,1275
2026-07-31T00:35:00.000Z,4093.860,4093.880,4091.630,4092.500,1370
2026-07-31T00:40:00.000Z,4092.510,4093.430,4090.550,4092.930,1421
2026-07-31T00:45:00.000Z,4093.080,4094.230,4090.610,4093.460,1611
2026-07-31T00:50:00.000Z,4093.630,4095.360,4092.830,4093.360,1376
2026-07-31T00:55:00.000Z,4093.600,4096.030,4092.540,4094.720,1416
2026-07-31T01:00:00.000Z,4094.870,4101.370,4094.810,4097.990,2974
2026-07-31T01:05:00.000Z,4097.950,4101.670,4095.500,4098.150,2356
2026-07-31T01:10:00.000Z,4098.050,4098.060,4088.820,4089.020,2181
2026-07-31T01:15:00.000Z,4089.060,4094.260,4086.630,4093.920,2002
2026-07-31T01:20:00.000Z,4093.920,4095.040,4091.100,4092.490,1710
2026-07-31T01:25:00.000Z,4092.370,4094.760,4090.560,4092.040,1534
2026-07-31T01:30:00.000Z,4092.050,4092.050,4086.880,4088.010,2080
2026-07-31T01:35:00.000Z,4088.050,4088.380,4083.920,4084.970,1802
2026-07-31T01:40:00.000Z,4084.840,4087.390,4084.480,4085.630,1581
2026-07-31T01:45:00.000Z,4085.430,4089.450,4083.340,4084.010,1749
2026-07-31T01:50:00.000Z,4083.990,4085.730,4081.980,4085.040,1815
2026-07-31T01:55:00.000Z,4085.070,4087.460,4084.300,4084.350,1465
2026-07-31T02:00:00.000Z,4084.390,4086.440,4081.690,4085.490,1664
2026-07-31T02:05:00.000Z,4085.420,4089.210,4085.420,4088.940,1529
2026-07-31T02:10:00.000Z,4088.780,4090.500,4085.570,4085.610,1554
2026-07-31T02:15:00.000Z,4085.610,4085.610,4081.610,4082.550,1338
2026-07-31T02:20:00.000Z,4082.560,4084.250,4082.250,4082.570,974
2026-07-31T02:25:00.000Z,4082.620,4083.070,4081.550,4082.260,809
2026-07-31T02:30:00.000Z,4082.160,4084.350,4081.090,4082.100,1575
2026-07-31T02:35:00.000Z,4082.110,4082.570,4081.150,4082.330,1485
2026-07-31T02:40:00.000Z,4082.350,4082.690,4075.380,4075.520,1689
2026-07-31T02:45:00.000Z,4075.840,4078.050,4074.740,4077.390,1661
2026-07-31T02:50:00.000Z,4077.360,4077.620,4074.310,4076.680,1251
2026-07-31T02:55:00.000Z,4076.620,4078.450,4076.190,4076.230,1250
2026-07-31T03:00:00.000Z,4075.980,4076.250,4073.480,4073.580,1235
2026-07-31T03:05:00.000Z,4073.620,4076.430,4073.510,4074.510,1307
2026-07-31T03:10:00.000Z,4074.470,4075.500,4071.910,4073.500,1958
2026-07-31T03:15:00.000Z,4073.600,4073.980,4072.300,4073.860,1550
2026-07-31T03:20:00.000Z,4073.840,4074.520,4072.600,4073.730,1512
2026-07-31T03:25:00.000Z,4073.720,4076.130,4072.880,4075.270,1680
2026-07-31T03:30:00.000Z,4075.280,4077.120,4075.100,4077.030,1593
2026-07-31T03:35:00.000Z,4077.020,4079.430,4075.130,4078.810,1550
2026-07-31T03:40:00.000Z,4078.770,4078.800,4075.580,4076.600,1126
2026-07-31T03:45:00.000Z,4076.570,4077.640,4075.670,4075.940,1034
2026-07-31T03:50:00.000Z,4075.880,4076.880,4074.850,4075.060,1129
2026-07-31T03:55:00.000Z,4075.130,4075.630,4074.360,4075.160,964
2026-07-31T04:00:00.000Z,4075.140,4075.960,4074.050,4074.710,1303
2026-07-31T04:05:00.000Z,4074.720,4075.310,4073.560,4075.230,940
2026-07-31T04:10:00.000Z,4075.290,4077.070,4073.440,4076.900,1032
2026-07-31T04:15:00.000Z,4076.850,4077.920,4075.910,4076.190,988
2026-07-31T04:20:00.000Z,4076.170,4078.570,4074.580,4078.570,1053
2026-07-31T04:25:00.000Z,4078.540,4080.130,4077.660,4080.030,907
2026-07-31T04:30:00.000Z,4080.070,4081.250,4079.330,4079.940,905
2026-07-31T04:35:00.000Z,4079.830,4081.410,4079.830,4081.330,724
2026-07-31T04:40:00.000Z,4081.300,4081.400,4079.280,4079.310,709
2026-07-31T04:45:00.000Z,4079.250,4079.680,4075.570,4075.570,918
2026-07-31T04:50:00.000Z,4075.580,4078.200,4074.790,4078.180,893
2026-07-31T04:55:00.000Z,4078.200,4080.110,4077.760,4080.050,803
2026-07-31T05:00:00.000Z,4080.110,4082.640,4079.870,4082.600,1217
2026-07-31T05:05:00.000Z,4082.590,4083.270,4081.100,4081.690,944
2026-07-31T05:10:00.000Z,4081.740,4082.390,4079.740,4079.950,769
2026-07-31T05:15:00.000Z,4079.990,4082.370,4079.560,4081.820,850
2026-07-31T05:20:00.000Z,4081.810,4083.010,4080.610,4082.490,778
2026-07-31T05:25:00.000Z,4082.390,4082.390,4080.160,4080.990,610
2026-07-31T05:30:00.000Z,4081.170,4081.780,4078.870,4079.200,1833
2026-07-31T05:35:00.000Z,4079.190,4081.270,4077.470,4079.650,1563
2026-07-31T05:40:00.000Z,4079.850,4080.190,4075.940,4076.520,1565
2026-07-31T05:45:00.000Z,4076.510,4076.530,4073.790,4075.730,1283
2026-07-31T05:50:00.000Z,4075.720,4075.960,4073.440,4075.610,1555
2026-07-31T05:55:00.000Z,4075.600,4076.040,4073.520,4074.450,1608
2026-07-31T06:00:00.000Z,4074.470,4078.060,4072.760,4078.060,2018
2026-07-31T06:05:00.000Z,4078.050,4082.440,4077.780,4082.090,1841
2026-07-31T06:10:00.000Z,4082.020,4082.860,4080.390,4082.420,1571
2026-07-31T06:15:00.000Z,4082.450,4087.510,4081.170,4086.620,1994
2026-07-31T06:20:00.000Z,4086.680,4087.500,4082.590,4083.730,1536
2026-07-31T06:25:00.000Z,4083.760,4086.330,4082.170,4085.020,1612
2026-07-31T06:30:00.000Z,4085.010,4085.120,4077.620,4078.340,2139
2026-07-31T06:35:00.000Z,4078.720,4080.090,4077.380,4079.010,2084
2026-07-31T06:40:00.000Z,4079.000,4079.250,4077.690,4078.100,1786
2026-07-31T06:45:00.000Z,4078.130,4081.600,4076.780,4077.940,1765
2026-07-31T06:50:00.000Z,4077.920,4078.790,4076.440,4078.600,1811
2026-07-31T06:55:00.000Z,4078.560,4079.180,4077.520,4077.630,1773
2026-07-31T07:00:00.000Z,4077.640,4078.100,4075.470,4077.880,1958
2026-07-31T07:05:00.000Z,4077.890,4079.140,4077.210,4078.370,1634
2026-07-31T07:10:00.000Z,4078.420,4078.550,4075.470,4077.640,1447
2026-07-31T07:15:00.000Z,4077.630,4079.230,4076.410,4078.830,1663
2026-07-31T07:20:00.000Z,4078.860,4078.860,4074.570,4075.030,1588
2026-07-31T07:25:00.000Z,4075.040,4076.000,4071.900,4072.670,1507
2026-07-31T07:30:00.000Z,4072.760,4072.960,4069.230,4069.710,1792
2026-07-31T07:35:00.000Z,4069.780,4072.540,4068.240,4072.070,1680
2026-07-31T07:40:00.000Z,4072.170,4073.820,4071.720,4072.270,1387
2026-07-31T07:45:00.000Z,4072.350,4074.400,4071.420,4072.020,1738
2026-07-31T07:50:00.000Z,4072.000,4072.560,4069.660,4071.220,1615
2026-07-31T07:55:00.000Z,4071.180,4071.780,4067.640,4067.770,1621
2026-07-31T08:00:00.000Z,4067.580,4067.760,4062.770,4063.220,2329
2026-07-31T08:05:00.000Z,4063.290,4065.290,4062.870,4064.760,1877
2026-07-31T08:10:00.000Z,4064.770,4065.360,4061.230,4062.210,1722
2026-07-31T08:15:00.000Z,4062.180,4066.380,4061.070,4066.210,1808
2026-07-31T08:20:00.000Z,4066.230,4067.220,4059.520,4060.350,1963
2026-07-31T08:25:00.000Z,4060.350,4061.590,4057.830,4058.650,1959
2026-07-31T08:30:00.000Z,4058.640,4059.540,4054.230,4057.350,2012
2026-07-31T08:35:00.000Z,4057.360,4060.260,4057.320,4059.950,1574
2026-07-31T08:40:00.000Z,4059.900,4061.640,4058.210,4059.370,1525
2026-07-31T08:45:00.000Z,4059.300,4062.940,4057.900,4061.210,1587
2026-07-31T08:50:00.000Z,4061.200,4062.320,4058.270,4058.390,1390
2026-07-31T08:55:00.000Z,4058.400,4064.400,4058.370,4061.020,2343
2026-07-31T09:00:00.000Z,4060.950,4063.960,4060.570,4060.640,2531
2026-07-31T09:05:00.000Z,4060.660,4062.060,4057.870,4057.890,2147
2026-07-31T09:10:00.000Z,4057.910,4058.100,4055.260,4056.760,1731
2026-07-31T09:15:00.000Z,4056.850,4057.240,4054.590,4055.670,1746
2026-07-31T09:20:00.000Z,4055.680,4057.380,4051.900,4052.720,1847
2026-07-31T09:25:00.000Z,4052.730,4053.310,4051.360,4052.450,2052
2026-07-31T09:30:00.000Z,4052.200,4054.650,4051.180,4051.220,1788
2026-07-31T09:35:00.000Z,4051.220,4052.260,4050.190,4051.530,1595
2026-07-31T09:40:00.000Z,4051.540,4053.140,4051.160,4053.140,1394
2026-07-31T09:45:00.000Z,4053.130,4057.010,4052.410,4056.700,1446
2026-07-31T09:50:00.000Z,4056.640,4057.210,4055.830,4055.840,1209
2026-07-31T09:55:00.000Z,4055.870,4056.090,4053.950,4055.150,1260
2026-07-31T10:00:00.000Z,4055.100,4056.530,4053.300,4056.270,1547
2026-07-31T10:05:00.000Z,4056.330,4058.380,4055.920,4058.030,1384
2026-07-31T10:10:00.000Z,4058.020,4058.020,4055.610,4055.970,1346
2026-07-31T10:15:00.000Z,4056.040,4056.190,4052.620,4053.450,1279
2026-07-31T10:20:00.000Z,4053.550,4055.030,4052.090,4052.230,1090
2026-07-31T10:25:00.000Z,4052.350,4054.680,4052.350,4053.250,1216
2026-07-31T10:30:00.000Z,4053.230,4056.490,4052.980,4055.150,1265
2026-07-31T10:35:00.000Z,4055.180,4056.400,4053.000,4053.750,1379
2026-07-31T10:40:00.000Z,4053.750,4055.480,4053.070,4054.810,1031
2026-07-31T10:45:00.000Z,4054.820,4057.110,4054.610,4056.100,988
2026-07-31T10:50:00.000Z,4056.100,4056.190,4054.330,4054.670,1045
2026-07-31T10:55:00.000Z,4054.710,4055.380,4053.730,4054.500,1220
2026-07-31T11:00:00.000Z,4054.510,4055.660,4052.140,4055.610,1747
2026-07-31T11:05:00.000Z,4055.560,4057.640,4053.880,4057.290,1123
2026-07-31T11:10:00.000Z,4057.300,4059.420,4056.860,4057.070,1243
2026-07-31T11:15:00.000Z,4057.100,4058.730,4054.210,4056.900,2044
2026-07-31T11:20:00.000Z,4056.860,4061.120,4056.090,4060.810,1385
2026-07-31T11:25:00.000Z,4060.740,4060.910,4057.760,4058.830,1324
2026-07-31T11:30:00.000Z,4058.810,4058.810,4053.510,4054.330,1475
2026-07-31T11:35:00.000Z,4054.480,4055.670,4052.850,4053.190,1394
2026-07-31T11:40:00.000Z,4053.180,4053.380,4050.780,4052.110,1538
2026-07-31T11:45:00.000Z,4052.080,4053.470,4051.270,4052.400,1267
2026-07-31T11:50:00.000Z,4052.340,4054.990,4052.260,4054.840,1107
2026-07-31T11:55:00.000Z,4054.880,4055.490,4053.430,4053.750,1082
2026-07-31T12:00:00.000Z,4053.820,4057.930,4052.580,4057.930,1653
2026-07-31T12:05:00.000Z,4057.940,4059.170,4056.580,4057.140,1671
2026-07-31T12:10:00.000Z,4057.220,4059.330,4055.530,4059.210,1426
2026-07-31T12:15:00.000Z,4059.050,4059.340,4055.640,4056.590,1624
2026-07-31T12:20:00.000Z,4056.400,4058.370,4049.970,4050.760,1984
2026-07-31T12:25:00.000Z,4050.770,4052.240,4047.110,4047.320,1746
2026-07-31T12:30:00.000Z,4047.470,4051.540,4044.480,4048.230,2590
2026-07-31T12:35:00.000Z,4048.220,4051.570,4044.130,4044.610,2398
2026-07-31T12:40:00.000Z,4044.660,4045.470,4042.590,4044.680,2023
2026-07-31T12:45:00.000Z,4044.630,4045.670,4041.520,4041.540,1923
2026-07-31T12:50:00.000Z,4041.550,4046.450,4041.050,4045.550,2066
2026-07-31T12:55:00.000Z,4045.460,4045.460,4040.560,4040.850,1752
2026-07-31T13:00:00.000Z,4040.640,4042.740,4036.370,4039.630,3414
2026-07-31T13:05:00.000Z,4040.140,4040.140,4035.440,4036.730,2578
2026-07-31T13:10:00.000Z,4036.820,4038.060,4034.740,4036.270,2260
2026-07-31T13:15:00.000Z,4036.360,4038.580,4035.630,4037.890,2034
2026-07-31T13:20:00.000Z,4037.680,4046.920,4035.720,4045.420,3061
2026-07-31T13:25:00.000Z,4045.480,4045.680,4040.530,4042.690,2890
2026-07-31T13:30:00.000Z,4042.420,4043.860,4035.350,4035.600,3665
2026-07-31T13:35:00.000Z,4035.460,4037.170,4026.820,4027.740,3808
2026-07-31T13:40:00.000Z,4027.690,4030.330,4022.550,4025.050,3692
2026-07-31T13:45:00.000Z,4025.130,4028.550,4022.060,4023.230,4015
2026-07-31T13:50:00.000Z,4023.200,4029.170,4022.300,4028.990,3795
2026-07-31T13:55:00.000Z,4028.990,4032.210,4025.240,4025.240,3414
2026-07-31T14:00:00.000Z,4025.030,4032.410,4025.030,4029.770,3689
2026-07-31T14:05:00.000Z,4029.790,4030.020,4021.130,4027.100,3693
2026-07-31T14:10:00.000Z,4027.090,4032.500,4025.850,4032.110,3663
2026-07-31T14:15:00.000Z,4032.020,4035.110,4029.930,4033.370,3481
2026-07-31T14:20:00.000Z,4033.360,4038.620,4032.430,4035.360,3095
2026-07-31T14:25:00.000Z,4035.320,4040.160,4035.320,4038.860,3119
2026-07-31T14:30:00.000Z,4038.990,4040.830,4036.750,4040.490,3231
2026-07-31T14:35:00.000Z,4040.480,4042.620,4039.450,4040.960,2868
2026-07-31T14:40:00.000Z,4041.010,4043.080,4040.150,4041.510,2922
2026-07-31T14:45:00.000Z,4041.540,4045.570,4041.070,4044.070,2915
2026-07-31T14:50:00.000Z,4044.100,4048.940,4042.870,4046.330,3028
2026-07-31T14:55:00.000Z,4046.210,4050.320,4045.020,4049.250,2787
2026-07-31T15:00:00.000Z,4049.330,4050.750,4044.590,4045.120,2811
2026-07-31T15:05:00.000Z,4045.070,4049.280,4044.470,4045.800,2436
2026-07-31T15:10:00.000Z,4045.880,4047.510,4042.770,4047.040,2890
2026-07-31T15:15:00.000Z,4047.080,4052.480,4042.340,4045.300,2914
2026-07-31T15:20:00.000Z,4045.390,4046.080,4042.100,4042.930,2563
2026-07-31T15:25:00.000Z,4043.080,4044.720,4040.190,4041.270,2512
2026-07-31T15:30:00.000Z,4041.060,4042.310,4036.740,4038.670,2475
2026-07-31T15:35:00.000Z,4038.740,4043.160,4037.370,4042.290,2404
2026-07-31T15:40:00.000Z,4042.420,4043.630,4040.690,4042.320,2339
2026-07-31T15:45:00.000Z,4042.210,4042.940,4040.060,4040.400,2493
2026-07-31T15:50:00.000Z,4040.350,4046.230,4039.960,4045.480,2630
2026-07-31T15:55:00.000Z,4045.300,4046.830,4044.900,4045.600,2428
2026-07-31T16:00:00.000Z,4045.610,4046.260,4043.590,4044.180,2198
2026-07-31T16:05:00.000Z,4044.140,4044.640,4041.370,4044.080,2024
2026-07-31T16:10:00.000Z,4044.030,4046.950,4043.760,4046.360,2294
2026-07-31T16:15:00.000Z,4046.370,4046.680,4043.160,4045.180,2156
2026-07-31T16:20:00.000Z,4045.130,4047.690,4045.090,4046.210,2084
2026-07-31T16:25:00.000Z,4046.150,4048.430,4044.480,4047.530,1979
2026-07-31T16:30:00.000Z,4047.560,4049.630,4047.130,4049.170,1712
2026-07-31T16:35:00.000Z,4049.070,4049.900,4046.830,4046.840,1712
2026-07-31T16:40:00.000Z,4046.800,4047.470,4041.270,4042.560,1991
2026-07-31T16:45:00.000Z,4042.530,4044.610,4042.210,4043.930,1646
2026-07-31T16:50:00.000Z,4043.960,4045.120,4043.220,4043.570,1504
2026-07-31T16:55:00.000Z,4043.380,4043.970,4042.200,4043.370,1354
2026-07-31T17:00:00.000Z,4043.240,4045.690,4042.500,4042.920,1493
2026-07-31T17:05:00.000Z,4042.880,4044.420,4041.910,4042.060,1397
2026-07-31T17:10:00.000Z,4041.970,4046.440,4041.590,4045.600,1433
2026-07-31T17:15:00.000Z,4045.730,4047.340,4044.910,4046.810,1269
2026-07-31T17:20:00.000Z,4046.800,4048.630,4045.110,4047.780,1297
2026-07-31T17:25:00.000Z,4047.650,4053.340,4045.130,4050.510,2578
2026-07-31T17:30:00.000Z,4050.720,4053.330,4048.020,4048.100,2489
2026-07-31T17:35:00.000Z,4048.110,4051.540,4047.710,4050.210,1928
2026-07-31T17:40:00.000Z,4050.140,4052.340,4049.910,4051.940,1570
2026-07-31T17:45:00.000Z,4051.940,4054.680,4050.320,4052.580,2420
2026-07-31T17:50:00.000Z,4052.480,4054.780,4052.200,4052.890,2183
2026-07-31T17:55:00.000Z,4052.810,4054.360,4052.580,4053.730,1733
2026-07-31T18:00:00.000Z,4053.660,4055.200,4052.180,4052.450,1873
2026-07-31T18:05:00.000Z,4052.530,4052.530,4049.830,4051.520,2164
2026-07-31T18:10:00.000Z,4051.390,4051.570,4047.140,4048.230,1700
2026-07-31T18:15:00.000Z,4048.220,4050.660,4047.710,4049.970,1631
2026-07-31T18:20:00.000Z,4050.020,4051.510,4049.370,4051.420,1427
2026-07-31T18:25:00.000Z,4051.370,4051.750,4050.140,4051.100,1441
2026-07-31T18:30:00.000Z,4051.030,4051.420,4049.220,4049.260,1201
2026-07-31T18:35:00.000Z,4049.220,4051.730,4047.970,4050.840,1092
2026-07-31T18:40:00.000Z,4050.950,4051.480,4049.470,4049.500,1025
2026-07-31T18:45:00.000Z,4049.500,4050.070,4048.250,4049.980,1126
2026-07-31T18:50:00.000Z,4049.930,4051.630,4049.930,4050.220,971
2026-07-31T18:55:00.000Z,4050.160,4051.150,4049.370,4050.810,1205
2026-07-31T19:00:00.000Z,4050.850,4052.940,4048.730,4049.180,1312
2026-07-31T19:05:00.000Z,4049.140,4049.690,4048.290,4049.600,996
2026-07-31T19:10:00.000Z,4049.600,4050.060,4046.980,4048.060,958
2026-07-31T19:15:00.000Z,4048.060,4049.100,4047.160,4049.000,1170
2026-07-31T19:20:00.000Z,4048.970,4049.800,4047.970,4049.130,1297
2026-07-31T19:25:00.000Z,4049.220,4050.580,4048.950,4050.580,989
2026-07-31T19:30:00.000Z,4050.390,4051.440,4048.990,4050.330,1329
2026-07-31T19:35:00.000Z,4050.590,4051.490,4049.670,4049.940,1117
2026-07-31T19:40:00.000Z,4049.890,4054.660,4049.700,4054.170,1397
2026-07-31T19:45:00.000Z,4054.180,4055.590,4053.380,4054.910,1632
2026-07-31T19:50:00.000Z,4054.650,4054.910,4050.920,4051.090,2251
2026-07-31T19:55:00.000Z,4051.160,4052.680,4050.170,4050.880,2617
2026-07-31T20:00:00.000Z,4050.940,4051.720,4048.650,4048.680,1791
2026-07-31T20:05:00.000Z,4048.720,4048.720,4045.210,4047.050,1503
2026-07-31T20:10:00.000Z,4046.840,4048.040,4046.570,4047.830,1210
2026-07-31T20:15:00.000Z,4047.780,4048.510,4046.450,4048.020,1475
2026-07-31T20:20:00.000Z,4048.030,4048.920,4047.600,4048.000,1017
2026-07-31T20:25:00.000Z,4047.960,4048.120,4046.520,4048.120,1147
2026-07-31T20:30:00.000Z,4047.670,4051.020,4047.320,4050.580,1107
2026-07-31T20:35:00.000Z,4050.570,4053.040,4050.570,4051.110,1224
2026-07-31T20:40:00.000Z,4051.180,4052.210,4050.600,4051.210,867
2026-07-31T20:45:00.000Z,4051.360,4052.180,4050.730,4051.410,917
2026-07-31T20:50:00.000Z,4051.460,4052.050,4044.660,4046.830,1930
2026-07-31T20:55:00.000Z,4046.620,4047.600,4042.710,4044.560,1722
2026-08-02T22:00:00.000Z,4074.100,4079.780,4068.290,4075.460,1921
2026-08-02T22:05:00.000Z,4075.580,4077.890,4071.630,4075.120,1770
2026-08-02T22:10:00.000Z,4075.220,4078.730,4074.110,4076.540,1898
2026-08-02T22:15:00.000Z,4076.550,4077.300,4067.530,4068.770,1965
2026-08-02T22:20:00.000Z,4068.930,4070.290,4064.180,4065.190,1638
2026-08-02T22:25:00.000Z,4065.290,4067.350,4063.940,4065.960,1590
2026-08-02T22:30:00.000Z,4065.990,4068.340,4064.420,4064.430,1734
2026-08-02T22:35:00.000Z,4064.490,4067.730,4064.100,4065.800,1307
2026-08-02T22:40:00.000Z,4065.790,4068.080,4065.230,4066.890,1168
2026-08-02T22:45:00.000Z,4066.840,4067.260,4064.600,4064.730,1186
2026-08-02T22:50:00.000Z,4064.890,4066.080,4063.760,4064.860,1233
2026-08-02T22:55:00.000Z,4064.930,4065.750,4063.430,4063.650,1105
2026-08-02T23:00:00.000Z,4063.660,4066.070,4063.210,4065.670,1519
2026-08-02T23:05:00.000Z,4065.690,4065.840,4063.910,4064.590,1089
2026-08-02T23:10:00.000Z,4064.590,4067.020,4063.250,4066.520,994
2026-08-02T23:15:00.000Z,4066.550,4071.850,4066.250,4071.770,1177
2026-08-02T23:20:00.000Z,4071.760,4072.380,4067.860,4071.500,1255
2026-08-02T23:25:00.000Z,4071.640,4072.720,4070.650,4072.190,927
2026-08-02T23:30:00.000Z,4072.240,4072.490,4069.840,4070.330,939
2026-08-02T23:35:00.000Z,4070.070,4071.040,4069.720,4069.720,646
2026-08-02T23:40:00.000Z,4069.780,4070.030,4067.960,4069.600,868
2026-08-02T23:45:00.000Z,4069.590,4072.380,4068.250,4069.110,1704
2026-08-02T23:50:00.000Z,4069.120,4073.850,4068.460,4072.620,1690
2026-08-02T23:55:00.000Z,4072.720,4075.050,4071.800,4075.050,1581
2026-08-03T00:00:00.000Z,4074.980,4079.060,4074.840,4078.100,2573
2026-08-03T00:05:00.000Z,4078.110,4078.500,4073.010,4073.270,2312
2026-08-03T00:10:00.000Z,4073.160,4073.760,4070.080,4072.120,2138
2026-08-03T00:15:00.000Z,4072.110,4072.970,4070.000,4070.280,2033
2026-08-03T00:20:00.000Z,4070.310,4070.360,4066.540,4066.720,1875
2026-08-03T00:25:00.000Z,4066.740,4067.790,4061.340,4064.280,2846
2026-08-03T00:30:00.000Z,4064.040,4069.950,4063.140,4064.640,2870
2026-08-03T00:35:00.000Z,4064.590,4065.320,4059.460,4059.900,2623
2026-08-03T00:40:00.000Z,4059.960,4061.120,4057.000,4058.270,2500
2026-08-03T00:45:00.000Z,4058.260,4060.650,4056.200,4058.050,2610
2026-08-03T00:50:00.000Z,4057.880,4060.790,4057.320,4058.720,2295
2026-08-03T00:55:00.000Z,4058.690,4059.860,4055.800,4057.160,2202
2026-08-03T01:00:00.000Z,4057.150,4063.500,4051.950,4058.320,3784
2026-08-03T01:05:00.000Z,4058.220,4061.820,4056.740,4059.930,3045
2026-08-03T01:10:00.000Z,4059.980,4060.770,4051.600,4052.390,2806
2026-08-03T01:15:00.000Z,4052.450,4053.860,4047.460,4049.170,2702
2026-08-03T01:20:00.000Z,4049.160,4053.990,4049.150,4053.880,2417
2026-08-03T01:25:00.000Z,4053.860,4055.180,4052.190,4052.930,2335
2026-08-03T01:30:00.000Z,4052.920,4053.980,4050.190,4053.790,2151
2026-08-03T01:35:00.000Z,4053.870,4057.070,4052.550,4053.590,2117
2026-08-03T01:40:00.000Z,4053.680,4054.230,4047.520,4051.220,2279
2026-08-03T01:45:00.000Z,4051.470,4055.450,4050.250,4053.400,2087
2026-08-03T01:50:00.000Z,4053.440,4055.640,4050.380,4051.470,2087
2026-08-03T01:55:00.000Z,4051.500,4057.510,4050.060,4056.730,2008
2026-08-03T02:00:00.000Z,4056.750,4061.020,4056.750,4059.490,1877
2026-08-03T02:05:00.000Z,4059.540,4060.540,4055.860,4056.010,1679
2026-08-03T02:10:00.000Z,4056.030,4056.770,4053.350,4055.810,1750
2026-08-03T02:15:00.000Z,4055.820,4060.770,4052.100,4060.620,1727
2026-08-03T02:20:00.000Z,4060.600,4060.780,4054.620,4055.240,1245
2026-08-03T02:25:00.000Z,4055.380,4058.700,4054.300,4058.140,1149
2026-08-03T02:30:00.000Z,4058.230,4059.510,4053.940,4055.850,2091
2026-08-03T02:35:00.000Z,4055.710,4058.800,4052.500,4057.720,2130
2026-08-03T02:40:00.000Z,4057.730,4060.640,4057.410,4059.660,1697
2026-08-03T02:45:00.000Z,4059.430,4067.030,4058.510,4063.640,1566
2026-08-03T02:50:00.000Z,4063.720,4065.300,4062.310,4062.720,1583
2026-08-03T02:55:00.000Z,4062.730,4064.450,4060.890,4062.520,1676
2026-08-03T03:00:00.000Z,4062.370,4063.950,4061.000,4062.560,1631
2026-08-03T03:05:00.000Z,4062.590,4065.510,4062.360,4064.430,1607
2026-08-03T03:10:00.000Z,4064.350,4065.050,4062.970,4064.390,1159
2026-08-03T03:15:00.000Z,4064.010,4067.730,4063.140,4067.560,1644
2026-08-03T03:20:00.000Z,4067.560,4067.920,4061.600,4062.950,1611
2026-08-03T03:25:00.000Z,4062.960,4065.260,4061.680,4063.940,1506
2026-08-03T03:30:00.000Z,4063.870,4064.900,4062.600,4063.300,1281
2026-08-03T03:35:00.000Z,4063.220,4065.010,4061.380,4062.880,1150
2026-08-03T03:40:00.000Z,4062.840,4063.690,4060.660,4060.690,812
2026-08-03T03:45:00.000Z,4060.700,4061.620,4059.320,4061.320,943
2026-08-03T03:50:00.000Z,4061.420,4066.410,4061.350,4066.150,1347
2026-08-03T03:55:00.000Z,4066.150,4066.780,4064.240,4065.050,964
2026-08-03T04:00:00.000Z,4065.150,4066.690,4064.280,4066.500,1131
2026-08-03T04:05:00.000Z,4066.360,4068.300,4065.230,4065.420,984
2026-08-03T04:10:00.000Z,4065.450,4066.690,4065.390,4066.660,744
2026-08-03T04:15:00.000Z,4066.650,4070.010,4066.150,4069.670,1029
2026-08-03T04:20:00.000Z,4069.660,4071.040,4068.930,4068.930,886
2026-08-03T04:25:00.000Z,4068.970,4069.960,4067.970,4068.270,805
2026-08-03T04:30:00.000Z,4068.280,4071.130,4068.280,4070.630,957
2026-08-03T04:35:00.000Z,4070.710,4071.200,4068.590,4069.870,1140
2026-08-03T04:40:00.000Z,4069.940,4070.630,4068.920,4070.630,1021
2026-08-03T04:45:00.000Z,4070.610,4071.910,4068.990,4070.770,982
2026-08-03T04:50:00.000Z,4070.850,4071.810,4067.660,4067.870,992
2026-08-03T04:55:00.000Z,4067.890,4068.180,4063.900,4063.930,1052
2026-08-03T05:00:00.000Z,4063.820,4065.340,4062.490,4062.490,1452
2026-08-03T05:05:00.000Z,4062.570,4062.980,4060.700,4060.970,1332
2026-08-03T05:10:00.000Z,4060.970,4060.990,4056.750,4057.510,1330
2026-08-03T05:15:00.000Z,4057.480,4057.990,4054.170,4056.450,1276
2026-08-03T05:20:00.000Z,4056.440,4059.120,4055.960,4059.110,1021
2026-08-03T05:25:00.000Z,4059.150,4062.660,4058.520,4060.390,1156
2026-08-03T05:30:00.000Z,4060.160,4060.670,4055.960,4056.600,1837
2026-08-03T05:35:00.000Z,4056.550,4059.930,4055.290,4057.240,1708
2026-08-03T05:40:00.000Z,4057.290,4064.690,4056.470,4063.480,1995
2026-08-03T05:45:00.000Z,4063.470,4063.650,4058.860,4060.200,1426
2026-08-03T05:50:00.000Z,4060.170,4065.470,4059.450,4065.120,1283
2026-08-03T05:55:00.000Z,4065.150,4069.980,4064.650,4069.010,1569
2026-08-03T06:00:00.000Z,4069.070,4071.210,4067.640,4068.070,2017
2026-08-03T06:05:00.000Z,4068.040,4070.560,4067.240,4067.670,1780
2026-08-03T06:10:00.000Z,4067.750,4068.130,4065.950,4066.050,1595
2026-08-03T06:15:00.000Z,4066.200,4070.110,4065.540,4069.550,1601
2026-08-03T06:20:00.000Z,4069.600,4072.070,4067.780,4070.810,2056
2026-08-03T06:25:00.000Z,4070.780,4071.400,4066.160,4068.530,2064
2026-08-03T06:30:00.000Z,4068.580,4068.960,4060.600,4060.610,2026
2026-08-03T06:35:00.000Z,4060.580,4067.510,4060.490,4066.160,1722
2026-08-03T06:40:00.000Z,4066.100,4066.460,4064.540,4065.540,1422
2026-08-03T06:45:00.000Z,4065.930,4066.970,4063.060,4063.480,1575
2026-08-03T06:50:00.000Z,4063.440,4065.140,4062.810,4063.890,1358
2026-08-03T06:55:00.000Z,4064.060,4066.340,4063.580,4063.930,1540
2026-08-03T07:00:00.000Z,4063.790,4065.220,4059.800,4061.090,2069
2026-08-03T07:05:00.000Z,4060.880,4063.960,4059.670,4062.900,1703
2026-08-03T07:10:00.000Z,4062.790,4064.420,4061.390,4061.500,1575
2026-08-03T07:15:00.000Z,4061.380,4061.930,4053.330,4054.560,2617
2026-08-03T07:20:00.000Z,4054.560,4056.310,4051.990,4056.220,2056
2026-08-03T07:25:00.000Z,4056.160,4059.040,4055.580,4058.110,1428
2026-08-03T07:30:00.000Z,4058.330,4060.390,4057.540,4059.740,1378
2026-08-03T07:35:00.000Z,4059.730,4061.220,4056.540,4059.890,1591
2026-08-03T07:40:00.000Z,4059.880,4059.890,4058.160,4059.630,1352
2026-08-03T07:45:00.000Z,4059.670,4061.210,4058.370,4059.380,1411
2026-08-03T07:50:00.000Z,4059.370,4063.330,4058.820,4062.720,1791
2026-08-03T07:55:00.000Z,4062.700,4063.190,4060.870,4061.170,1485
2026-08-03T08:00:00.000Z,4061.150,4061.540,4058.440,4060.690,2022
2026-08-03T08:05:00.000Z,4060.720,4061.430,4059.460,4060.660,1595
2026-08-03T08:10:00.000Z,4060.730,4062.220,4059.790,4061.780,1389
2026-08-03T08:15:00.000Z,4061.770,4062.480,4056.990,4057.790,1550
2026-08-03T08:20:00.000Z,4057.930,4059.290,4057.630,4058.800,1415
2026-08-03T08:25:00.000Z,4058.940,4060.350,4054.300,4056.120,1581
2026-08-03T08:30:00.000Z,4056.080,4058.300,4054.800,4056.160,1517
2026-08-03T08:35:00.000Z,4056.160,4060.730,4055.300,4059.940,1524
2026-08-03T08:40:00.000Z,4059.710,4060.300,4058.180,4058.500,1091
2026-08-03T08:45:00.000Z,4058.600,4060.080,4057.700,4060.020,1320
2026-08-03T08:50:00.000Z,4059.860,4060.170,4057.780,4059.430,1144
2026-08-03T08:55:00.000Z,4059.510,4061.060,4058.530,4059.510,1151
2026-08-03T09:00:00.000Z,4059.270,4060.500,4057.430,4057.580,1345
2026-08-03T09:05:00.000Z,4057.540,4059.620,4057.280,4059.600,1147
2026-08-03T09:10:00.000Z,4059.610,4062.180,4059.440,4061.550,1322
2026-08-03T09:15:00.000Z,4061.500,4061.510,4058.270,4058.900,1346
2026-08-03T09:20:00.000Z,4058.860,4059.020,4052.770,4055.220,1555
2026-08-03T09:25:00.000Z,4055.340,4056.120,4052.160,4052.670,1384
2026-08-03T09:30:00.000Z,4052.880,4053.510,4046.610,4047.070,2297
2026-08-03T09:35:00.000Z,4047.080,4052.780,4046.820,4052.490,1810
2026-08-03T09:40:00.000Z,4052.490,4054.860,4051.590,4053.640,1761
2026-08-03T09:45:00.000Z,4053.610,4056.890,4053.540,4055.920,1418
2026-08-03T09:50:00.000Z,4056.140,4058.120,4055.980,4056.990,1512
2026-08-03T09:55:00.000Z,4057.000,4057.920,4054.600,4055.310,1599
2026-08-03T10:00:00.000Z,4055.370,4056.750,4053.090,4054.780,1660
2026-08-03T10:05:00.000Z,4054.850,4055.560,4053.640,4054.080,1378
2026-08-03T10:10:00.000Z,4054.090,4057.170,4053.900,4056.360,1448
2026-08-03T10:15:00.000Z,4056.340,4057.040,4054.000,4055.020,1496
2026-08-03T10:20:00.000Z,4055.130,4055.540,4052.670,4053.340,1663
2026-08-03T10:25:00.000Z,4053.420,4054.910,4051.960,4053.530,1279
2026-08-03T10:30:00.000Z,4053.580,4053.740,4050.030,4051.850,1436
2026-08-03T10:35:00.000Z,4051.840,4052.570,4050.950,4052.400,1290
2026-08-03T10:40:00.000Z,4052.430,4052.460,4048.700,4049.240,1447
2026-08-03T10:45:00.000Z,4049.250,4050.730,4048.520,4048.640,1156
2026-08-03T10:50:00.000Z,4048.660,4048.920,4046.070,4048.410,1307
2026-08-03T10:55:00.000Z,4048.360,4049.480,4046.720,4049.360,1188
2026-08-03T11:00:00.000Z,4049.380,4052.140,4047.890,4052.060,1871
2026-08-03T11:05:00.000Z,4052.110,4052.920,4049.480,4050.440,1415
2026-08-03T11:10:00.000Z,4050.430,4050.930,4048.040,4049.820,1376
2026-08-03T11:15:00.000Z,4049.760,4049.800,4046.930,4047.900,1453
2026-08-03T11:20:00.000Z,4047.800,4048.340,4045.420,4047.490,1468
2026-08-03T11:25:00.000Z,4047.360,4049.940,4046.870,4048.510,1262
2026-08-03T11:30:00.000Z,4048.500,4051.420,4048.010,4050.880,1255
2026-08-03T11:35:00.000Z,4050.850,4052.120,4049.800,4051.440,1303
2026-08-03T11:40:00.000Z,4051.370,4055.000,4051.040,4053.650,1341
2026-08-03T11:45:00.000Z,4053.630,4061.000,4052.700,4061.000,1498
2026-08-03T11:50:00.000Z,4060.950,4063.130,4059.190,4061.250,2160
2026-08-03T11:55:00.000Z,4061.270,4062.810,4059.900,4062.540,1674
2026-08-03T12:00:00.000Z,4062.450,4064.620,4059.720,4060.990,2003
2026-08-03T12:05:00.000Z,4060.930,4061.240,4058.310,4059.980,1680
2026-08-03T12:10:00.000Z,4059.820,4060.270,4054.770,4055.890,1726
2026-08-03T12:15:00.000Z,4056.000,4056.490,4051.160,4051.160,1549
2026-08-03T12:20:00.000Z,4051.030,4053.820,4048.650,4052.360,2117
2026-08-03T12:25:00.000Z,4052.350,4053.470,4050.350,4050.810,1623
2026-08-03T12:30:00.000Z,4050.870,4052.900,4048.010,4051.790,1809
2026-08-03T12:35:00.000Z,4051.720,4051.950,4045.850,4047.320,1687
2026-08-03T12:40:00.000Z,4047.370,4047.510,4042.290,4045.030,1931
2026-08-03T12:45:00.000Z,4044.970,4046.570,4043.610,4044.100,1500
2026-08-03T12:50:00.000Z,4043.740,4046.560,4043.360,4045.760,1598
2026-08-03T12:55:00.000Z,4045.790,4048.960,4045.500,4047.690,1436
2026-08-03T13:00:00.000Z,4047.700,4053.500,4040.900,4041.860,3433
2026-08-03T13:05:00.000Z,4041.630,4046.020,4041.250,4044.100,2874
2026-08-03T13:10:00.000Z,4044.090,4044.600,4038.850,4038.850,2613
2026-08-03T13:15:00.000Z,4038.840,4040.470,4035.230,4036.470,2762
2026-08-03T13:20:00.000Z,4036.520,4037.140,4033.020,4034.450,2652
2026-08-03T13:25:00.000Z,4034.440,4035.380,4031.520,4034.290,2595
2026-08-03T13:30:00.000Z,4034.140,4035.580,4029.580,4031.100,3720
2026-08-03T13:35:00.000Z,4031.180,4031.780,4019.100,4026.530,3868
2026-08-03T13:40:00.000Z,4026.470,4033.850,4024.560,4032.020,3429
2026-08-03T13:45:00.000Z,4032.200,4035.430,4028.600,4029.860,3261
2026-08-03T13:50:00.000Z,4029.500,4032.910,4028.200,4030.210,3259
2026-08-03T13:55:00.000Z,4030.060,4033.950,4028.520,4032.270,2539
2026-08-03T14:00:00.000Z,4027.740,4036.180,4027.730,4029.220,3321
2026-08-03T14:05:00.000Z,4029.340,4032.480,4027.280,4027.330,3068
2026-08-03T14:10:00.000Z,4027.370,4034.520,4026.710,4033.260,3044
2026-08-03T14:15:00.000Z,4033.300,4034.860,4031.230,4031.370,2692
2026-08-03T14:20:00.000Z,4031.470,4035.940,4030.000,4033.690,2527
2026-08-03T14:25:00.000Z,4033.680,4036.040,4032.450,4032.610,2247
2026-08-03T14:30:00.000Z,4032.490,4035.680,4031.970,4035.300,2284
2026-08-03T14:35:00.000Z,4035.310,4037.850,4032.940,4033.190,2169
2026-08-03T14:40:00.000Z,4033.100,4038.180,4032.230,4036.470,2040
2026-08-03T14:45:00.000Z,4036.520,4036.830,4033.950,4035.920,1836
2026-08-03T14:50:00.000Z,4035.960,4037.100,4033.760,4035.740,2079
2026-08-03T14:55:00.000Z,4035.880,4039.340,4035.840,4036.320,1843
2026-08-03T15:00:00.000Z,4036.310,4036.740,4031.870,4032.140,2105
2026-08-03T15:05:00.000Z,4032.120,4037.120,4030.330,4034.690,2553
2026-08-03T15:10:00.000Z,4034.630,4035.800,4032.250,4033.370,1839
2026-08-03T15:15:00.000Z,4033.340,4037.660,4033.340,4036.740,1782
2026-08-03T15:20:00.000Z,4036.960,4038.460,4035.900,4037.400,1689
2026-08-03T15:25:00.000Z,4037.310,4037.920,4030.780,4032.760,2490
2026-08-03T15:30:00.000Z,4032.900,4034.700,4031.080,4033.270,1988
2026-08-03T15:35:00.000Z,4033.240,4037.040,4033.210,4036.870,1892
2026-08-03T15:40:00.000Z,4036.780,4038.880,4036.430,4036.830,1464
2026-08-03T15:45:00.000Z,4036.940,4040.940,4036.830,4037.680,1811
2026-08-03T15:50:00.000Z,4037.600,4040.030,4037.270,4037.930,1422
2026-08-03T15:55:00.000Z,4037.980,4038.080,4035.450,4036.100,1172
2026-08-03T16:00:00.000Z,4036.110,4037.580,4035.370,4036.650,1323
2026-08-03T16:05:00.000Z,4036.640,4036.750,4034.730,4035.420,982
2026-08-03T16:10:00.000Z,4035.330,4036.780,4035.310,4036.640,1221
2026-08-03T16:15:00.000Z,4036.570,4037.700,4035.320,4035.660,1238
2026-08-03T16:20:00.000Z,4036.050,4037.990,4035.020,4037.940,1093
2026-08-03T16:25:00.000Z,4038.010,4038.680,4036.310,4037.050,1257
2026-08-03T16:30:00.000Z,4037.040,4037.940,4035.600,4037.940,1370
2026-08-03T16:35:00.000Z,4037.810,4038.820,4036.260,4036.810,1483
2026-08-03T16:40:00.000Z,4036.910,4039.330,4036.890,4038.730,1256
2026-08-03T16:45:00.000Z,4038.770,4038.850,4037.320,4037.370,949
2026-08-03T16:50:00.000Z,4037.370,4038.040,4035.760,4036.200,1251
2026-08-03T16:55:00.000Z,4036.130,4037.770,4035.970,4036.980,1270
2026-08-03T17:00:00.000Z,4037.130,4037.620,4033.340,4034.200,1383
2026-08-03T17:05:00.000Z,4034.220,4035.150,4033.880,4034.900,841
2026-08-03T17:10:00.000Z,4035.000,4035.000,4033.860,4034.330,862
2026-08-03T17:15:00.000Z,4034.340,4037.740,4034.240,4036.380,1241
2026-08-03T17:20:00.000Z,4036.400,4036.530,4034.160,4035.290,1385
2026-08-03T17:25:00.000Z,4035.280,4036.490,4033.970,4034.380,1421
2026-08-03T17:30:00.000Z,4034.610,4035.320,4034.120,4035.010,990
2026-08-03T17:35:00.000Z,4035.030,4036.970,4034.550,4036.300,1187
2026-08-03T17:40:00.000Z,4036.350,4036.580,4035.360,4036.080,961
2026-08-03T17:45:00.000Z,4036.140,4036.440,4034.100,4034.100,959
2026-08-03T17:50:00.000Z,4034.090,4034.410,4030.500,4030.680,1220
2026-08-03T17:55:00.000Z,4030.670,4031.460,4030.320,4030.610,988
2026-08-03T18:00:00.000Z,4030.680,4032.300,4029.750,4031.900,1254
2026-08-03T18:05:00.000Z,4031.950,4036.750,4031.930,4036.480,1124
2026-08-03T18:10:00.000Z,4036.580,4038.550,4034.950,4035.110,1424
2026-08-03T18:15:00.000Z,4035.160,4039.010,4035.020,4037.610,1043
2026-08-03T18:20:00.000Z,4037.660,4038.630,4036.870,4037.210,1086
2026-08-03T18:25:00.000Z,4037.210,4038.360,4036.330,4038.000,1142
2026-08-03T18:30:00.000Z,4037.970,4038.520,4036.610,4037.000,959
2026-08-03T18:35:00.000Z,4036.990,4038.590,4036.920,4037.760,678
2026-08-03T18:40:00.000Z,4037.880,4041.510,4037.580,4041.490,921
2026-08-03T18:45:00.000Z,4041.480,4042.730,4040.540,4042.530,1176
2026-08-03T18:50:00.000Z,4042.500,4044.220,4042.060,4043.890,993
2026-08-03T18:55:00.000Z,4043.950,4044.950,4043.000,4043.500,911
2026-08-03T19:00:00.000Z,4043.610,4048.550,4043.600,4048.150,1311
2026-08-03T19:05:00.000Z,4048.170,4049.540,4045.940,4046.150,1425
2026-08-03T19:10:00.000Z,4046.140,4048.340,4045.360,4046.300,961
2026-08-03T19:15:00.000Z,4046.280,4049.290,4046.280,4048.130,1167
2026-08-03T19:20:00.000Z,4048.090,4053.340,4048.060,4053.090,1600
2026-08-03T19:25:00.000Z,4053.080,4054.330,4052.130,4052.980,1275
2026-08-03T19:30:00.000Z,4053.040,4055.750,4052.000,4053.070,1440
2026-08-03T19:35:00.000Z,4053.060,4054.960,4053.060,4054.150,1238
2026-08-03T19:40:00.000Z,4054.020,4054.770,4052.910,4054.150,1123
2026-08-03T19:45:00.000Z,4053.990,4055.540,4052.700,4054.760,1304
2026-08-03T19:50:00.000Z,4054.770,4055.640,4053.780,4054.390,1524
2026-08-03T19:55:00.000Z,4054.050,4054.310,4051.580,4052.170,1947
2026-08-03T20:00:00.000Z,4052.120,4052.240,4050.260,4051.470,1248
2026-08-03T20:05:00.000Z,4051.600,4052.180,4050.780,4051.640,706
2026-08-03T20:10:00.000Z,4051.630,4052.910,4051.350,4052.590,507
2026-08-03T20:15:00.000Z,4052.580,4052.640,4051.500,4051.750,460
2026-08-03T20:20:00.000Z,4051.770,4054.520,4051.430,4054.290,412
2026-08-03T20:25:00.000Z,4054.280,4055.860,4053.610,4054.400,761
2026-08-03T20:30:00.000Z,4054.420,4058.180,4054.010,4057.620,858
2026-08-03T20:35:00.000Z,4057.660,4058.020,4056.730,4057.460,768
2026-08-03T20:40:00.000Z,4057.380,4057.560,4056.070,4056.280,404
2026-08-03T20:45:00.000Z,4056.480,4056.920,4055.990,4056.350,410
2026-08-03T20:50:00.000Z,4056.410,4057.220,4054.490,4054.900,588
2026-08-03T20:55:00.000Z,4055.140,4056.090,4054.620,4055.380,410
2026-08-03T22:00:00.000Z,4044.650,4054.860,4044.650,4051.540,1020
2026-08-03T22:05:00.000Z,4051.580,4052.230,4049.100,4050.780,613
2026-08-03T22:10:00.000Z,4050.530,4051.980,4049.860,4051.380,379
2026-08-03T22:15:00.000Z,4051.390,4052.230,4050.770,4050.980,401
2026-08-03T22:20:00.000Z,4050.990,4052.560,4050.860,4052.160,357
2026-08-03T22:25:00.000Z,4052.150,4052.230,4050.910,4052.110,358
2026-08-03T22:30:00.000Z,4052.040,4053.530,4051.740,4053.190,430
2026-08-03T22:35:00.000Z,4053.170,4053.410,4052.510,4053.380,493
2026-08-03T22:40:00.000Z,4053.360,4053.460,4052.700,4052.910,295
2026-08-03T22:45:00.000Z,4052.920,4053.360,4052.050,4052.240,540
2026-08-03T22:50:00.000Z,4052.140,4052.610,4051.140,4051.680,705
2026-08-03T22:55:00.000Z,4051.730,4053.610,4051.490,4052.970,708
2026-08-03T23:00:00.000Z,4052.920,4053.820,4051.420,4053.010,802
2026-08-03T23:05:00.000Z,4053.020,4055.060,4052.050,4052.240,982
2026-08-03T23:10:00.000Z,4052.240,4052.240,4050.240,4051.500,434
2026-08-03T23:15:00.000Z,4051.480,4052.800,4050.630,4052.710,594
2026-08-03T23:20:00.000Z,4052.720,4054.690,4051.070,4052.330,961
2026-08-03T23:25:00.000Z,4052.270,4052.600,4051.220,4051.710,617
2026-08-03T23:30:00.000Z,4051.790,4051.980,4051.120,4051.710,467
2026-08-03T23:35:00.000Z,4051.640,4052.620,4051.180,4051.970,431
2026-08-03T23:40:00.000Z,4052.020,4052.630,4051.510,4052.350,399
2026-08-03T23:45:00.000Z,4052.360,4053.870,4051.280,4051.680,1071
2026-08-03T23:50:00.000Z,4051.670,4052.770,4051.480,4052.400,679
2026-08-03T23:55:00.000Z,4052.360,4053.860,4052.220,4053.850,563
2026-08-04T00:00:00.000Z,4053.840,4063.510,4053.150,4059.700,2080
2026-08-04T00:05:00.000Z,4059.670,4067.580,4059.420,4067.320,1676
2026-08-04T00:10:00.000Z,4067.450,4069.330,4063.140,4063.730,1882
2026-08-04T00:15:00.000Z,4063.650,4064.520,4062.150,4062.910,1224
2026-08-04T00:20:00.000Z,4062.910,4063.650,4058.190,4059.260,1522
2026-08-04T00:25:00.000Z,4059.270,4060.860,4058.430,4059.090,1004
2026-08-04T00:30:00.000Z,4059.120,4060.790,4057.820,4060.050,1072
2026-08-04T00:35:00.000Z,4060.040,4060.150,4056.730,4058.050,1089
2026-08-04T00:40:00.000Z,4057.940,4058.380,4055.620,4056.380,1005
2026-08-04T00:45:00.000Z,4056.440,4057.720,4055.320,4056.750,1257
2026-08-04T00:50:00.000Z,4056.800,4058.080,4054.350,4055.300,1775
2026-08-04T00:55:00.000Z,4055.390,4055.640,4048.750,4049.330,1878
2026-08-04T01:00:00.000Z,4049.240,4050.650,4045.380,4046.720,3044
2026-08-04T01:05:00.000Z,4046.680,4047.040,4042.630,4044.820,2132
2026-08-04T01:10:00.000Z,4044.620,4048.480,4043.320,4046.940,1424
2026-08-04T01:15:00.000Z,4046.980,4050.540,4046.970,4049.960,1313
2026-08-04T01:20:00.000Z,4049.950,4050.740,4047.940,4048.800,1362
2026-08-04T01:25:00.000Z,4048.840,4052.380,4048.180,4049.250,1473
2026-08-04T01:30:00.000Z,4049.330,4051.540,4048.440,4048.900,1494
2026-08-04T01:35:00.000Z,4048.920,4055.800,4048.840,4052.770,2267
2026-08-04T01:40:00.000Z,4052.690,4060.190,4052.230,4059.210,1763
2026-08-04T01:45:00.000Z,4059.240,4060.800,4057.410,4057.410,1783
2026-08-04T01:50:00.000Z,4057.210,4061.850,4056.640,4059.890,1809
2026-08-04T01:55:00.000Z,4059.830,4061.370,4058.240,4058.830,1570
2026-08-04T02:00:00.000Z,4058.910,4061.180,4056.750,4057.100,1855
2026-08-04T02:05:00.000Z,4057.060,4057.650,4055.780,4056.850,1509
2026-08-04T02:10:00.000Z,4056.820,4059.190,4056.220,4058.300,1464
2026-08-04T02:15:00.000Z,4058.310,4059.420,4057.670,4059.020,1125
2026-08-04T02:20:00.000Z,4059.070,4059.850,4056.900,4057.130,1238
2026-08-04T02:25:00.000Z,4057.150,4057.870,4055.870,4056.810,1174
2026-08-04T02:30:00.000Z,4056.900,4059.940,4055.680,4057.870,1620
2026-08-04T02:35:00.000Z,4057.830,4065.030,4057.830,4063.540,1747
2026-08-04T02:40:00.000Z,4063.540,4063.880,4060.240,4061.840,1467
2026-08-04T02:45:00.000Z,4061.870,4062.430,4060.340,4060.740,1502
2026-08-04T02:50:00.000Z,4060.700,4061.790,4059.810,4060.070,1180
2026-08-04T02:55:00.000Z,4060.210,4061.360,4058.140,4058.880,1413
2026-08-04T03:00:00.000Z,4058.700,4060.640,4057.780,4057.820,1312
2026-08-04T03:05:00.000Z,4057.820,4058.770,4056.470,4058.350,1191
2026-08-04T03:10:00.000Z,4058.260,4060.430,4057.520,4058.230,1393
2026-08-04T03:15:00.000Z,4058.050,4061.030,4057.930,4060.240,1311
2026-08-04T03:20:00.000Z,4060.290,4061.660,4058.760,4060.070,1271
2026-08-04T03:25:00.000Z,4060.180,4060.400,4057.780,4057.830,1037
2026-08-04T03:30:00.000Z,4057.830,4058.810,4055.890,4058.400,1187
2026-08-04T03:35:00.000Z,4058.330,4058.550,4056.120,4056.270,1032
2026-08-04T03:40:00.000Z,4056.220,4056.400,4052.710,4052.920,979
2026-08-04T03:45:00.000Z,4052.910,4054.670,4052.430,4054.320,642
2026-08-04T03:50:00.000Z,4054.320,4055.520,4054.310,4055.220,562
2026-08-04T03:55:00.000Z,4055.150,4055.440,4052.180,4052.520,792
2026-08-04T04:00:00.000Z,4052.560,4053.270,4051.170,4052.510,949
2026-08-04T04:05:00.000Z,4052.480,4054.520,4051.740,4054.520,635
2026-08-04T04:10:00.000Z,4054.460,4056.900,4054.200,4056.840,623
2026-08-04T04:15:00.000Z,4057.230,4059.670,4056.620,4056.670,1086
2026-08-04T04:20:00.000Z,4056.930,4058.050,4056.030,4057.810,699
2026-08-04T04:25:00.000Z,4057.990,4061.700,4057.730,4061.500,720
2026-08-04T04:30:00.000Z,4061.540,4064.220,4060.620,4062.910,932
2026-08-04T04:35:00.000Z,4062.910,4063.460,4061.990,4063.430,674
2026-08-04T04:40:00.000Z,4063.420,4064.090,4062.400,4062.800,722
2026-08-04T04:45:00.000Z,4062.820,4066.270,4062.590,4064.850,821
2026-08-04T04:50:00.000Z,4064.850,4065.520,4063.400,4064.470,819
2026-08-04T04:55:00.000Z,4064.410,4065.610,4062.920,4063.820,781
2026-08-04T05:00:00.000Z,4063.840,4064.540,4061.680,4061.980,980
2026-08-04T05:05:00.000Z,4062.010,4063.120,4060.570,4060.750,935
2026-08-04T05:10:00.000Z,4060.750,4060.760,4057.290,4058.040,989
2026-08-04T05:15:00.000Z,4058.000,4061.960,4057.420,4061.960,915
2026-08-04T05:20:00.000Z,4062.010,4063.410,4061.140,4063.340,840
2026-08-04T05:25:00.000Z,4063.360,4064.030,4062.390,4063.330,867
2026-08-04T05:30:00.000Z,4063.540,4067.750,4061.710,4062.050,2094
2026-08-04T05:35:00.000Z,4062.050,4062.570,4059.830,4060.670,1491
2026-08-04T05:40:00.000Z,4060.720,4063.250,4059.260,4062.920,1314
2026-08-04T05:45:00.000Z,4063.110,4064.430,4060.390,4060.870,1350
2026-08-04T05:50:00.000Z,4060.910,4061.760,4058.730,4059.200,1106
2026-08-04T05:55:00.000Z,4059.160,4063.140,4058.820,4061.900,1387
2026-08-04T06:00:00.000Z,4061.910,4065.900,4061.800,4064.350,1884
2026-08-04T06:05:00.000Z,4064.320,4066.290,4063.360,4063.990,1254
2026-08-04T06:10:00.000Z,4063.920,4065.370,4062.810,4064.280,1244
2026-08-04T06:15:00.000Z,4064.230,4064.450,4061.600,4062.220,1290
2026-08-04T06:20:00.000Z,4062.300,4065.010,4061.840,4062.970,1168
2026-08-04T06:25:00.000Z,4062.880,4063.790,4059.510,4059.830,1241
2026-08-04T06:30:00.000Z,4059.920,4059.940,4056.760,4056.910,1380
2026-08-04T06:35:00.000Z,4056.870,4057.730,4055.730,4056.940,981
2026-08-04T06:40:00.000Z,4056.990,4060.120,4056.840,4060.120,1188
2026-08-04T06:45:00.000Z,4060.070,4062.600,4059.990,4062.230,1244
2026-08-04T06:50:00.000Z,4062.070,4063.070,4059.770,4060.510,1224
2026-08-04T06:55:00.000Z,4060.520,4063.780,4058.850,4063.570,1299
2026-08-04T07:00:00.000Z,4063.540,4065.400,4062.440,4064.730,1467
2026-08-04T07:05:00.000Z,4064.720,4065.810,4064.090,4064.490,1407
2026-08-04T07:10:00.000Z,4064.390,4065.590,4060.920,4061.120,1303
2026-08-04T07:15:00.000Z,4060.990,4065.520,4060.950,4063.240,1356
2026-08-04T07:20:00.000Z,4063.290,4065.650,4062.680,4065.650,1178
2026-08-04T07:25:00.000Z,4065.650,4065.670,4062.740,4063.060,1301
2026-08-04T07:30:00.000Z,4063.000,4066.730,4062.900,4064.880,1254
2026-08-04T07:35:00.000Z,4064.870,4066.710,4061.500,4063.050,1743
2026-08-04T07:40:00.000Z,4063.030,4064.810,4062.400,4062.920,1128
2026-08-04T07:45:00.000Z,4062.960,4064.930,4062.270,4063.860,1038
2026-08-04T07:50:00.000Z,4063.710,4066.160,4063.630,4064.880,1025
2026-08-04T07:55:00.000Z,4064.770,4065.720,4063.950,4065.550,830
2026-08-04T08:00:00.000Z,4065.590,4072.940,4064.640,4069.980,2135
2026-08-04T08:05:00.000Z,4070.010,4071.150,4068.870,4069.280,1856
2026-08-04T08:10:00.000Z,4069.260,4071.310,4068.070,4068.170,1639
2026-08-04T08:15:00.000Z,4068.150,4068.720,4066.500,4067.010,1204
2026-08-04T08:20:00.000Z,4066.930,4067.220,4061.550,4062.870,1442
2026-08-04T08:25:00.000Z,4062.880,4063.530,4060.360,4063.430,1465
2026-08-04T08:30:00.000Z,4063.360,4064.360,4060.990,4062.630,1648
2026-08-04T08:35:00.000Z,4062.620,4064.420,4058.490,4058.990,1580
2026-08-04T08:40:00.000Z,4058.980,4060.040,4058.460,4059.470,1209
2026-08-04T08:45:00.000Z,4059.380,4059.670,4055.810,4056.410,1463
2026-08-04T08:50:00.000Z,4056.360,4057.450,4055.220,4056.480,1365
2026-08-04T08:55:00.000Z,4056.520,4056.520,4054.610,4055.080,1114
2026-08-04T09:00:00.000Z,4054.940,4055.410,4052.950,4053.340,1388
2026-08-04T09:05:00.000Z,4053.350,4053.580,4050.460,4051.180,1396
2026-08-04T09:10:00.000Z,4051.140,4051.290,4048.560,4050.730,1527
2026-08-04T09:15:00.000Z,4050.600,4052.140,4049.830,4050.920,1313
2026-08-04T09:20:00.000Z,4050.870,4051.850,4048.760,4050.610,1220
2026-08-04T09:25:00.000Z,4050.610,4051.850,4049.590,4050.390,1277
2026-08-04T09:30:00.000Z,4050.430,4051.390,4048.960,4049.700,1506
2026-08-04T09:35:00.000Z,4049.690,4049.820,4046.200,4047.640,1051
2026-08-04T09:40:00.000Z,4047.680,4050.480,4047.680,4050.370,907
2026-08-04T09:45:00.000Z,4050.390,4051.040,4048.120,4050.190,1195
2026-08-04T09:50:00.000Z,4050.140,4050.460,4047.880,4048.320,908
2026-08-04T09:55:00.000Z,4048.280,4049.900,4047.480,4049.900,775
2026-08-04T10:00:00.000Z,4049.920,4049.990,4048.400,4049.810,1074
2026-08-04T10:05:00.000Z,4049.750,4049.890,4047.200,4047.200,1057
2026-08-04T10:10:00.000Z,4047.230,4049.330,4047.000,4049.050,793
2026-08-04T10:15:00.000Z,4049.020,4049.600,4045.520,4048.300,1043
2026-08-04T10:20:00.000Z,4048.270,4049.320,4047.540,4048.540,810
2026-08-04T10:25:00.000Z,4048.390,4050.010,4047.860,4049.100,636
2026-08-04T10:30:00.000Z,4049.230,4051.630,4049.140,4050.360,1224
2026-08-04T10:35:00.000Z,4050.020,4050.650,4048.870,4049.100,729
2026-08-04T10:40:00.000Z,4049.060,4054.020,4046.480,4052.730,1286
2026-08-04T10:45:00.000Z,4052.730,4060.740,4052.490,4058.260,3462
2026-08-04T10:50:00.000Z,4058.210,4058.270,4053.380,4054.960,2015
2026-08-04T10:55:00.000Z,4054.960,4056.030,4053.260,4053.870,1683
2026-08-04T11:00:00.000Z,4053.890,4055.720,4052.560,4055.120,1844
2026-08-04T11:05:00.000Z,4055.110,4055.710,4052.430,4055.200,1367
2026-08-04T11:10:00.000Z,4055.240,4058.860,4053.920,4056.770,1460
2026-08-04T11:15:00.000Z,4056.890,4057.960,4055.920,4055.930,1303
2026-08-04T11:20:00.000Z,4055.810,4059.290,4055.600,4058.620,1318
2026-08-04T11:25:00.000Z,4058.520,4061.070,4058.210,4060.910,1378
2026-08-04T11:30:00.000Z,4061.000,4065.050,4060.090,4062.390,1979
2026-08-04T11:35:00.000Z,4062.440,4064.380,4061.260,4063.690,1631
2026-08-04T11:40:00.000Z,4063.680,4070.420,4060.000,4069.640,2296
2026-08-04T11:45:00.000Z,4069.700,4079.910,4067.160,4076.390,3522
2026-08-04T11:50:00.000Z,4076.410,4084.090,4074.470,4076.080,3467
2026-08-04T11:55:00.000Z,4076.010,4076.290,4069.140,4075.080,3146
2026-08-04T12:00:00.000Z,4074.990,4076.110,4065.910,4068.420,2975
2026-08-04T12:05:00.000Z,4068.750,4070.290,4062.940,4063.390,2520
2026-08-04T12:10:00.000Z,4063.500,4064.490,4061.130,4062.160,2085
2026-08-04T12:15:00.000Z,4062.210,4065.880,4061.220,4065.840,1898
2026-08-04T12:20:00.000Z,4065.810,4069.080,4065.410,4066.970,2127
2026-08-04T12:25:00.000Z,4067.040,4070.420,4066.430,4068.220,1746
2026-08-04T12:30:00.000Z,4068.610,4076.460,4068.550,4076.320,2455
2026-08-04T12:35:00.000Z,4076.330,4083.580,4075.720,4082.560,2953
2026-08-04T12:40:00.000Z,4082.640,4084.490,4078.140,4078.140,2700
2026-08-04T12:45:00.000Z,4078.180,4079.400,4075.540,4076.240,2407
2026-08-04T12:50:00.000Z,4076.330,4077.600,4073.380,4074.100,2263
2026-08-04T12:55:00.000Z,4074.020,4075.730,4069.510,4070.940,2150
2026-08-04T13:00:00.000Z,4071.030,4071.640,4062.830,4064.040,3037
2026-08-04T13:05:00.000Z,4064.130,4065.940,4061.220,4064.560,2339
2026-08-04T13:10:00.000Z,4064.570,4066.430,4062.120,4063.880,2015
2026-08-04T13:15:00.000Z,4063.710,4065.450,4062.370,4063.750,1790
2026-08-04T13:20:00.000Z,4063.670,4091.480,4063.670,4081.620,3833
2026-08-04T13:25:00.000Z,4081.550,4082.210,4077.750,4078.590,3039
2026-08-04T13:30:00.000Z,4078.920,4084.870,4076.100,4083.390,3667
2026-08-04T13:35:00.000Z,4083.400,4089.070,4083.080,4088.440,3636
2026-08-04T13:40:00.000Z,4088.630,4091.760,4083.400,4083.490,3472
2026-08-04T13:45:00.000Z,4083.330,4093.860,4081.790,4092.700,3486
2026-08-04T13:50:00.000Z,4092.690,4093.980,4086.640,4086.880,3226
2026-08-04T13:55:00.000Z,4086.950,4087.250,4083.440,4084.230,2580
2026-08-04T14:00:00.000Z,4084.210,4090.570,4083.140,4088.000,2988
2026-08-04T14:05:00.000Z,4088.060,4090.850,4085.640,4090.040,2822
2026-08-04T14:10:00.000Z,4089.960,4091.540,4088.550,4090.200,2764
2026-08-04T14:15:00.000Z,4090.180,4091.960,4082.560,4083.440,2763
2026-08-04T14:20:00.000Z,4083.470,4084.950,4080.780,4081.860,2609
2026-08-04T14:25:00.000Z,4081.960,4086.790,4081.350,4083.890,2686
2026-08-04T14:30:00.000Z,4083.900,4086.810,4077.300,4077.650,3212
2026-08-04T14:35:00.000Z,4077.710,4084.120,4074.390,4079.090,3271
2026-08-04T14:40:00.000Z,4078.820,4080.890,4076.740,4080.000,2705
2026-08-04T14:45:00.000Z,4079.780,4081.260,4077.870,4080.550,2561
2026-08-04T14:50:00.000Z,4080.440,4084.670,4080.290,4084.090,2240
2026-08-04T14:55:00.000Z,4083.980,4084.890,4081.960,4083.650,1858
2026-08-04T15:00:00.000Z,4083.500,4084.140,4081.140,4081.730,1879
2026-08-04T15:05:00.000Z,4081.670,4085.260,4079.750,4085.080,1790
2026-08-04T15:10:00.000Z,4085.210,4085.710,4083.230,4084.180,2069
2026-08-04T15:15:00.000Z,4084.170,4084.450,4076.040,4076.680,2449
2026-08-04T15:20:00.000Z,4076.640,4077.860,4074.840,4076.130,2333
2026-08-04T15:25:00.000Z,4076.170,4078.570,4075.310,4078.480,2318
2026-08-04T15:30:00.000Z,4078.370,4080.170,4076.840,4077.600,2156
2026-08-04T15:35:00.000Z,4077.610,4087.020,4076.700,4083.620,2645
2026-08-04T15:40:00.000Z,4083.580,4087.280,4083.390,4084.100,2449
2026-08-04T15:45:00.000Z,4084.050,4085.780,4082.850,4083.370,2047
2026-08-04T15:50:00.000Z,4083.550,4088.010,4083.460,4087.520,2001
2026-08-04T15:55:00.000Z,4087.300,4088.850,4086.060,4087.390,1900
2026-08-04T16:00:00.000Z,4087.410,4088.610,4085.840,4086.280,2099
2026-08-04T16:05:00.000Z,4086.550,4087.070,4084.470,4086.820,1580
2026-08-04T16:10:00.000Z,4086.770,4087.430,4084.510,4085.170,1672
2026-08-04T16:15:00.000Z,4085.160,4085.740,4083.150,4083.610,1458
2026-08-04T16:20:00.000Z,4083.650,4088.310,4083.640,4087.290,1789
2026-08-04T16:25:00.000Z,4087.330,4089.880,4086.120,4087.710,1511
2026-08-04T16:30:00.000Z,4087.570,4088.530,4086.920,4087.940,1331
2026-08-04T16:35:00.000Z,4087.930,4087.930,4084.990,4085.890,1377
2026-08-04T16:40:00.000Z,4085.900,4089.470,4085.520,4089.180,1221
2026-08-04T16:45:00.000Z,4089.220,4093.530,4088.780,4092.910,1531
2026-08-04T16:50:00.000Z,4092.770,4093.670,4090.900,4090.900,1278
2026-08-04T16:55:00.000Z,4090.850,4093.550,4090.230,4093.400,1278
2026-08-04T17:00:00.000Z,4093.350,4102.520,4092.430,4102.220,2306
2026-08-04T17:05:00.000Z,4102.310,4106.320,4099.640,4099.900,2456
2026-08-04T17:10:00.000Z,4099.850,4101.650,4097.970,4100.050,2089
2026-08-04T17:15:00.000Z,4100.130,4101.240,4097.220,4097.590,1695
2026-08-04T17:20:00.000Z,4097.620,4100.790,4097.490,4100.050,1691
2026-08-04T17:25:00.000Z,4100.000,4100.740,4094.410,4094.780,1978
2026-08-04T17:30:00.000Z,4094.680,4094.790,4091.800,4093.790,1684
2026-08-04T17:35:00.000Z,4093.740,4095.850,4093.740,4094.920,1233
2026-08-04T17:40:00.000Z,4094.860,4096.210,4093.940,4095.570,1058
2026-08-04T17:45:00.000Z,4095.510,4096.550,4093.700,4093.760,1120
2026-08-04T17:50:00.000Z,4093.840,4094.380,4089.620,4089.630,1569
2026-08-04T17:55:00.000Z,4089.820,4091.110,4086.020,4086.140,1793
2026-08-04T18:00:00.000Z,4086.130,4088.550,4084.990,4086.820,2066
2026-08-04T18:05:00.000Z,4086.810,4088.970,4086.810,4088.020,1377
2026-08-04T18:10:00.000Z,4088.120,4088.760,4086.440,4088.750,1303
2026-08-04T18:15:00.000Z,4088.620,4088.800,4086.200,4086.780,1269
2026-08-04T18:20:00.000Z,4086.720,4088.850,4086.390,4087.020,1133
2026-08-04T18:25:00.000Z,4087.010,4088.190,4084.420,4084.690,1472
2026-08-04T18:30:00.000Z,4084.710,4085.780,4082.670,4082.800,1427
2026-08-04T18:35:00.000Z,4082.810,4083.370,4078.380,4078.820,1575
2026-08-04T18:40:00.000Z,4078.800,4080.110,4076.260,4076.600,1745
2026-08-04T18:45:00.000Z,4076.610,4080.390,4075.230,4080.010,1786
2026-08-04T18:50:00.000Z,4079.800,4080.870,4078.700,4079.620,1081
2026-08-04T18:55:00.000Z,4079.650,4081.280,4079.430,4079.910,1107
2026-08-04T19:00:00.000Z,4079.970,4082.090,4078.820,4080.580,1306
2026-08-04T19:05:00.000Z,4080.580,4084.220,4080.200,4084.220,1045
2026-08-04T19:10:00.000Z,4084.150,4084.290,4081.730,4081.780,1220
2026-08-04T19:15:00.000Z,4081.870,4084.860,4081.460,4084.310,1402
2026-08-04T19:20:00.000Z,4084.150,4084.540,4080.280,4080.330,1272
2026-08-04T19:25:00.000Z,4080.320,4081.100,4079.460,4080.280,1180
2026-08-04T19:30:00.000Z,4080.190,4080.730,4078.930,4080.700,1270
2026-08-04T19:35:00.000Z,4080.690,4081.400,4079.780,4081.030,946
2026-08-04T19:40:00.000Z,4080.980,4082.560,4080.720,4081.450,1025
2026-08-04T19:45:00.000Z,4081.390,4082.280,4079.520,4080.390,934
2026-08-04T19:50:00.000Z,4080.450,4080.450,4077.070,4077.320,1606
2026-08-04T19:55:00.000Z,4077.240,4079.460,4076.360,4078.560,1870
2026-08-04T20:00:00.000Z,4078.600,4079.590,4078.390,4078.610,1346
2026-08-04T20:05:00.000Z,4078.620,4079.910,4078.460,4079.770,792
2026-08-04T20:10:00.000Z,4079.840,4080.350,4078.430,4079.090,862
2026-08-04T20:15:00.000Z,4078.790,4078.950,4074.680,4075.520,1421
2026-08-04T20:20:00.000Z,4075.550,4076.090,4074.720,4075.360,1012
2026-08-04T20:25:00.000Z,4075.290,4076.510,4074.960,4075.470,779
2026-08-04T20:30:00.000Z,4075.420,4077.120,4075.350,4077.030,878
2026-08-04T20:35:00.000Z,4077.060,4077.830,4076.850,4077.390,690
2026-08-04T20:40:00.000Z,4077.310,4078.580,4077.150,4077.620,612
2026-08-04T20:45:00.000Z,4077.570,4077.570,4076.050,4076.910,640
2026-08-04T20:50:00.000Z,4076.760,4078.160,4076.570,4076.920,567
2026-08-04T20:55:00.000Z,4076.730,4078.030,4076.690,4077.290,575
2026-08-04T22:00:00.000Z,4077.940,4080.460,4076.870,4078.570,678
2026-08-04T22:05:00.000Z,4078.450,4078.650,4076.900,4076.960,464
2026-08-04T22:10:00.000Z,4076.950,4077.890,4076.550,4077.040,503
2026-08-04T22:15:00.000Z,4076.950,4077.590,4075.840,4077.400,777
2026-08-04T22:20:00.000Z,4077.440,4077.910,4075.930,4077.770,721
2026-08-04T22:25:00.000Z,4077.720,4079.880,4077.630,4079.810,715
2026-08-04T22:30:00.000Z,4079.810,4081.020,4079.340,4080.940,565
2026-08-04T22:35:00.000Z,4080.960,4084.610,4080.800,4084.490,742
2026-08-04T22:40:00.000Z,4084.500,4085.850,4082.800,4084.040,1103
2026-08-04T22:45:00.000Z,4084.010,4084.570,4081.320,4082.960,1026
2026-08-04T22:50:00.000Z,4082.940,4084.000,4080.550,4081.180,916
2026-08-04T22:55:00.000Z,4081.200,4081.310,4075.700,4075.710,1086
2026-08-04T23:00:00.000Z,4076.040,4077.120,4068.570,4070.050,2127
2026-08-04T23:05:00.000Z,4070.040,4071.900,4069.390,4071.760,1280
2026-08-04T23:10:00.000Z,4071.790,4074.060,4069.460,4073.520,1031
2026-08-04T23:15:00.000Z,4073.580,4074.820,4072.030,4072.100,838
2026-08-04T23:20:00.000Z,4072.280,4072.420,4067.930,4068.620,916
2026-08-04T23:25:00.000Z,4068.580,4068.950,4065.410,4067.230,1226
2026-08-04T23:30:00.000Z,4067.220,4070.050,4065.990,4068.390,1046
2026-08-04T23:35:00.000Z,4068.380,4069.630,4067.870,4069.430,752
2026-08-04T23:40:00.000Z,4069.350,4069.920,4068.610,4069.260,603
2026-08-04T23:45:00.000Z,4069.270,4071.880,4069.220,4071.780,1092
2026-08-04T23:50:00.000Z,4071.830,4072.350,4071.330,4071.600,711
2026-08-04T23:55:00.000Z,4071.620,4073.580,4071.610,4072.580,588
2026-08-05T00:00:00.000Z,4072.700,4074.190,4070.490,4073.380,1607
2026-08-05T00:05:00.000Z,4073.480,4074.220,4072.430,4072.580,1202
2026-08-05T00:10:00.000Z,4072.510,4073.300,4071.380,4071.830,1064
2026-08-05T00:15:00.000Z,4071.860,4075.770,4071.480,4074.990,1381
2026-08-05T00:20:00.000Z,4074.980,4077.710,4073.990,4077.030,1130
2026-08-05T00:25:00.000Z,4077.000,4078.970,4076.180,4078.670,894
2026-08-05T00:30:00.000Z,4078.750,4081.050,4078.550,4080.590,1244
2026-08-05T00:35:00.000Z,4080.630,4083.020,4080.440,4080.770,1071
2026-08-05T00:40:00.000Z,4080.810,4081.680,4078.150,4078.260,1051
2026-08-05T00:45:00.000Z,4078.340,4079.690,4077.840,4078.930,956
2026-08-05T00:50:00.000Z,4079.150,4083.540,4078.880,4083.400,1316
2026-08-05T00:55:00.000Z,4083.390,4083.430,4081.650,4082.490,1045
2026-08-05T01:00:00.000Z,4082.190,4085.550,4077.670,4080.330,2772
2026-08-05T01:05:00.000Z,4080.310,4083.380,4079.820,4082.200,1806
2026-08-05T01:10:00.000Z,4081.910,4086.960,4081.870,4085.880,1902
2026-08-05T01:15:00.000Z,4085.890,4088.660,4085.060,4087.860,1873
2026-08-05T01:20:00.000Z,4087.760,4088.320,4084.910,4085.120,1705
2026-08-05T01:25:00.000Z,4085.040,4085.300,4082.760,4084.710,1609
2026-08-05T01:30:00.000Z,4084.600,4086.510,4080.030,4084.940,1879
2026-08-05T01:35:00.000Z,4084.900,4090.120,4084.440,4089.970,1876
2026-08-05T01:40:00.000Z,4089.900,4093.170,4089.660,4093.080,1658
2026-08-05T01:45:00.000Z,4093.090,4094.960,4092.790,4094.320,1519
2026-08-05T01:50:00.000Z,4094.280,4096.010,4093.040,4095.970,1265
2026-08-05T01:55:00.000Z,4096.020,4102.620,4096.020,4101.420,1684
2026-08-05T02:00:00.000Z,4101.440,4102.900,4097.940,4098.300,2078
2026-08-05T02:05:00.000Z,4098.480,4098.810,4096.530,4097.440,1396
2026-08-05T02:10:00.000Z,4097.500,4100.590,4097.070,4099.850,1543
2026-08-05T02:15:00.000Z,4100.200,4100.920,4095.540,4098.680,1645
2026-08-05T02:20:00.000Z,4098.280,4103.730,4098.280,4102.420,1785
2026-08-05T02:25:00.000Z,4102.480,4108.430,4102.480,4103.590,2044
2026-08-05T02:30:00.000Z,4104.040,4108.380,4101.560,4107.840,2850
2026-08-05T02:35:00.000Z,4107.850,4121.830,4107.770,4120.450,3252
2026-08-05T02:40:00.000Z,4120.450,4128.760,4119.950,4128.240,3398
2026-08-05T02:45:00.000Z,4128.530,4131.250,4126.350,4130.280,3040
2026-08-05T02:50:00.000Z,4130.240,4132.550,4124.690,4131.150,2666
2026-08-05T02:55:00.000Z,4131.160,4135.300,4129.130,4129.230,2489
2026-08-05T03:00:00.000Z,4129.190,4130.740,4127.010,4128.940,2064
2026-08-05T03:05:00.000Z,4128.930,4135.210,4128.060,4132.660,2119
2026-08-05T03:10:00.000Z,4132.670,4136.140,4132.450,4135.840,2035
2026-08-05T03:15:00.000Z,4135.890,4136.540,4130.580,4131.160,1746
2026-08-05T03:20:00.000Z,4131.250,4132.880,4130.320,4131.550,1665
2026-08-05T03:25:00.000Z,4131.540,4132.390,4129.950,4130.480,1500
2026-08-05T03:30:00.000Z,4130.220,4130.840,4127.690,4128.340,1735
2026-08-05T03:35:00.000Z,4128.570,4129.250,4127.680,4127.720,1365
2026-08-05T03:40:00.000Z,4127.690,4128.960,4127.620,4128.620,1129
2026-08-05T03:45:00.000Z,4128.580,4130.310,4127.600,4127.630,1197
2026-08-05T03:50:00.000Z,4127.590,4128.900,4127.580,4128.400,729
2026-08-05T03:55:00.000Z,4128.410,4129.570,4127.670,4128.340,763
2026-08-05T04:00:00.000Z,4128.310,4136.260,4128.300,4134.980,1577
2026-08-05T04:05:00.000Z,4135.150,4140.120,4134.100,4139.500,1669
2026-08-05T04:10:00.000Z,4139.540,4141.430,4137.980,4138.610,1664
2026-08-05T04:15:00.000Z,4138.680,4141.080,4137.880,4140.770,1125
2026-08-05T04:20:00.000Z,4140.800,4141.140,4138.670,4139.130,985
2026-08-05T04:25:00.000Z,4139.040,4140.080,4138.010,4138.630,1025
2026-08-05T04:30:00.000Z,4138.860,4138.860,4136.890,4137.550,962
2026-08-05T04:35:00.000Z,4137.550,4137.690,4133.340,4134.680,1213
2026-08-05T04:40:00.000Z,4134.690,4136.380,4134.390,4134.600,1041
2026-08-05T04:45:00.000Z,4134.460,4135.450,4132.690,4132.760,945
2026-08-05T04:50:00.000Z,4132.820,4135.350,4132.570,4134.700,810
2026-08-05T04:55:00.000Z,4134.670,4136.160,4133.960,4135.580,1023
2026-08-05T05:00:00.000Z,4135.520,4137.290,4134.820,4136.730,1285
2026-08-05T05:05:00.000Z,4136.300,4138.220,4135.560,4135.980,1294
2026-08-05T05:10:00.000Z,4136.150,4138.180,4135.900,4137.330,960
2026-08-05T05:15:00.000Z,4137.330,4138.070,4135.680,4137.370,1014
2026-08-05T05:20:00.000Z,4137.300,4142.120,4137.220,4141.530,1528
2026-08-05T05:25:00.000Z,4141.470,4141.520,4138.330,4139.650,1425
2026-08-05T05:30:00.000Z,4139.910,4146.440,4139.910,4143.560,2855
2026-08-05T05:35:00.000Z,4143.550,4154.140,4142.790,4152.070,2932
2026-08-05T05:40:00.000Z,4151.920,4159.370,4149.150,4157.500,3175
2026-08-05T05:45:00.000Z,4157.490,4171.390,4157.210,4164.980,3475
2026-08-05T05:50:00.000Z,4165.010,4173.010,4165.010,4167.120,3059
2026-08-05T05:55:00.000Z,4167.130,4171.560,4161.530,4161.560,2795
2026-08-05T06:00:00.000Z,4161.590,4166.420,4160.220,4162.340,2464
2026-08-05T06:05:00.000Z,4162.200,4170.050,4160.720,4170.020,2170
2026-08-05T06:10:00.000Z,4169.670,4174.300,4168.990,4173.270,2429
2026-08-05T06:15:00.000Z,4173.220,4173.440,4166.220,4166.470,2466
2026-08-05T06:20:00.000Z,4166.420,4167.820,4161.250,4165.950,2180
2026-08-05T06:25:00.000Z,4165.950,4169.010,4163.720,4168.810,2082
2026-08-05T06:30:00.000Z,4168.680,4173.860,4167.100,4173.080,2337
2026-08-05T06:35:00.000Z,4173.150,4178.360,4173.150,4175.590,2413
2026-08-05T06:40:00.000Z,4175.440,4177.110,4172.820,4175.750,2181
2026-08-05T06:45:00.000Z,4175.780,4176.480,4172.590,4175.880,1984
2026-08-05T06:50:00.000Z,4175.660,4176.650,4173.080,4175.700,1940
2026-08-05T06:55:00.000Z,4175.680,4178.490,4175.400,4177.700,2222
2026-08-05T07:00:00.000Z,4177.800,4179.540,4170.720,4170.800,2730
2026-08-05T07:05:00.000Z,4170.820,4172.600,4169.000,4170.390,2387
2026-08-05T07:10:00.000Z,4170.410,4171.890,4166.280,4166.380,2198
2026-08-05T07:15:00.000Z,4166.400,4169.260,4165.790,4168.990,2059
2026-08-05T07:20:00.000Z,4168.990,4169.390,4166.690,4168.340,1896
2026-08-05T07:25:00.000Z,4168.370,4168.980,4163.280,4164.370,1937
2026-08-05T07:30:00.000Z,4164.420,4165.450,4162.950,4163.540,1779
2026-08-05T07:35:00.000Z,4163.350,4166.590,4162.390,4165.100,1959
2026-08-05T07:40:00.000Z,4165.630,4166.900,4164.490,4166.690,1674
2026-08-05T07:45:00.000Z,4166.750,4168.790,4164.240,4166.190,1696
2026-08-05T07:50:00.000Z,4166.210,4167.810,4164.830,4165.390,1286
2026-08-05T07:55:00.000Z,4165.430,4172.130,4165.310,4170.920,1529
2026-08-05T08:00:00.000Z,4170.870,4172.720,4169.230,4170.670,1606
2026-08-05T08:05:00.000Z,4170.660,4170.670,4168.210,4169.700,1597
2026-08-05T08:10:00.000Z,4169.690,4169.690,4164.940,4165.490,1745
2026-08-05T08:15:00.000Z,4165.500,4168.170,4165.430,4166.690,1746
2026-08-05T08:20:00.000Z,4166.600,4166.840,4162.040,4162.820,1952
2026-08-05T08:25:00.000Z,4162.760,4165.200,4162.320,4164.610,1730
2026-08-05T08:30:00.000Z,4164.620,4166.140,4162.960,4165.300,1799
2026-08-05T08:35:00.000Z,4165.340,4165.780,4163.600,4164.450,1544
2026-08-05T08:40:00.000Z,4164.440,4167.250,4161.580,4166.320,2114
2026-08-05T08:45:00.000Z,4166.070,4166.310,4160.000,4162.150,1948
2026-08-05T08:50:00.000Z,4162.240,4162.670,4160.250,4161.620,1558
2026-08-05T08:55:00.000Z,4161.680,4161.810,4159.030,4160.460,1449
2026-08-05T09:00:00.000Z,4160.620,4164.970,4160.440,4164.430,1992
2026-08-05T09:05:00.000Z,4164.400,4167.290,4164.150,4164.630,1973
2026-08-05T09:10:00.000Z,4164.640,4165.610,4162.210,4163.040,1532
2026-08-05T09:15:00.000Z,4163.010,4163.010,4159.550,4160.220,1785
2026-08-05T09:20:00.000Z,4160.220,4161.240,4155.200,4157.370,1884
2026-08-05T09:25:00.000Z,4157.360,4158.460,4156.140,4157.690,1600
2026-08-05T09:30:00.000Z,4157.720,4158.630,4154.580,4156.930,2073
2026-08-05T09:35:00.000Z,4156.900,4159.250,4154.560,4157.770,1792
2026-08-05T09:40:00.000Z,4157.760,4158.260,4155.230,4158.120,1334
2026-08-05T09:45:00.000Z,4158.110,4158.750,4156.440,4157.710,1285
2026-08-05T09:50:00.000Z,4157.630,4158.060,4156.320,4157.630,1175
2026-08-05T09:55:00.000Z,4157.630,4159.160,4153.070,4158.030,1585
2026-08-05T10:00:00.000Z,4158.010,4158.010,4151.960,4152.320,1509
2026-08-05T10:05:00.000Z,4152.330,4153.820,4152.330,4153.400,1161
2026-08-05T10:10:00.000Z,4153.410,4153.410,4150.330,4151.150,1246
2026-08-05T10:15:00.000Z,4151.220,4155.930,4150.200,4155.870,1525
2026-08-05T10:20:00.000Z,4155.850,4157.990,4155.440,4156.180,1300
2026-08-05T10:25:00.000Z,4156.190,4158.480,4155.140,4156.800,1447
2026-08-05T10:30:00.000Z,4156.810,4157.850,4155.050,4155.210,1409
2026-08-05T10:35:00.000Z,4155.190,4156.260,4153.840,4155.330,1180
2026-08-05T10:40:00.000Z,4155.320,4156.710,4154.030,4155.120,1113
2026-08-05T10:45:00.000Z,4155.130,4156.560,4154.170,4155.520,1203
2026-08-05T10:50:00.000Z,4155.210,4156.380,4154.150,4156.260,1376
2026-08-05T10:55:00.000Z,4156.270,4161.450,4155.950,4161.430,1714
2026-08-05T11:00:00.000Z,4161.430,4164.190,4160.830,4164.130,1742
2026-08-05T11:05:00.000Z,4163.900,4166.590,4163.180,4166.540,1669
2026-08-05T11:10:00.000Z,4166.550,4171.030,4166.290,4170.920,2107
2026-08-05T11:15:00.000Z,4170.920,4173.830,4170.100,4171.500,1636
2026-08-05T11:20:00.000Z,4171.510,4173.170,4169.820,4170.570,1713
2026-08-05T11:25:00.000Z,4170.520,4180.580,4169.090,4176.100,2342
2026-08-05T11:30:00.000Z,4176.180,4181.460,4174.140,4180.800,2551
2026-08-05T11:35:00.000Z,4180.820,4187.740,4180.760,4185.100,2690
2026-08-05T11:40:00.000Z,4185.080,4188.600,4182.620,4184.830,2670
2026-08-05T11:45:00.000Z,4184.850,4187.340,4182.950,4185.850,2264
2026-08-05T11:50:00.000Z,4185.830,4189.270,4185.570,4189.090,2097
2026-08-05T11:55:00.000Z,4189.250,4192.610,4188.190,4188.860,2225
2026-08-05T12:00:00.000Z,4188.890,4195.330,4188.890,4194.840,2305
2026-08-05T12:05:00.000Z,4194.710,4199.210,4194.110,4197.910,2831
2026-08-05T12:10:00.000Z,4197.970,4199.860,4196.970,4197.430,2457
2026-08-05T12:15:00.000Z,4197.550,4208.860,4197.470,4205.310,2949
2026-08-05T12:20:00.000Z,4205.210,4213.510,4205.210,4211.260,2812
2026-08-05T12:25:00.000Z,4211.300,4211.760,4204.950,4205.280,2570
2026-08-05T12:30:00.000Z,4205.490,4208.990,4197.750,4199.740,2849
2026-08-05T12:35:00.000Z,4199.810,4204.250,4198.560,4200.410,2533
2026-08-05T12:40:00.000Z,4200.420,4200.770,4192.840,4194.670,2766
2026-08-05T12:45:00.000Z,4194.720,4195.730,4191.080,4193.860,2577
2026-08-05T12:50:00.000Z,4193.960,4194.010,4186.630,4187.350,2562
2026-08-05T12:55:00.000Z,4187.380,4188.650,4183.320,4183.980,2426
2026-08-05T13:00:00.000Z,4183.920,4195.150,4183.750,4194.080,3241
2026-08-05T13:05:00.000Z,4194.010,4197.070,4191.370,4194.190,2593
2026-08-05T13:10:00.000Z,4194.330,4195.430,4186.920,4188.010,2628
2026-08-05T13:15:00.000Z,4188.000,4190.780,4185.740,4190.550,2537
2026-08-05T13:20:00.000Z,4190.540,4197.770,4190.190,4194.670,2617
2026-08-05T13:25:00.000Z,4194.920,4198.050,4193.530,4197.080,2492
2026-08-05T13:30:00.000Z,4197.070,4203.930,4194.800,4202.270,3492
2026-08-05T13:35:00.000Z,4202.130,4204.600,4192.670,4200.740,3752
2026-08-05T13:40:00.000Z,4200.930,4204.200,4197.590,4197.770,3398
2026-08-05T13:45:00.000Z,4198.030,4199.570,4190.810,4193.420,3447
2026-08-05T13:50:00.000Z,4193.580,4201.230,4189.700,4201.010,3425
2026-08-05T13:55:00.000Z,4201.030,4206.770,4200.150,4206.200,3084
2026-08-05T14:00:00.000Z,4204.910,4210.820,4203.550,4210.490,3677
2026-08-05T14:05:00.000Z,4210.580,4228.430,4210.440,4227.660,4092
2026-08-05T14:10:00.000Z,4227.750,4234.900,4225.890,4229.560,3966
2026-08-05T14:15:00.000Z,4229.550,4238.840,4226.820,4236.560,3775
2026-08-05T14:20:00.000Z,4236.550,4238.360,4230.760,4232.040,3845
2026-08-05T14:25:00.000Z,4232.060,4240.510,4231.710,4236.970,3632
2026-08-05T14:30:00.000Z,4236.800,4242.470,4229.440,4230.820,3884
2026-08-05T14:35:00.000Z,4230.800,4234.180,4228.840,4231.710,3538
2026-08-05T14:40:00.000Z,4231.760,4243.420,4229.910,4243.200,3465
2026-08-05T14:45:00.000Z,4243.420,4247.610,4241.290,4247.460,3447
2026-08-05T14:50:00.000Z,4247.490,4247.510,4233.350,4237.920,3765
2026-08-05T14:55:00.000Z,4237.930,4245.790,4236.050,4244.220,3395
2026-08-05T15:00:00.000Z,4244.210,4259.590,4242.920,4255.450,3790
2026-08-05T15:05:00.000Z,4255.590,4259.230,4251.740,4256.390,3504
2026-08-05T15:10:00.000Z,4256.370,4260.870,4255.620,4258.050,3401
2026-08-05T15:15:00.000Z,4258.040,4258.520,4250.110,4257.360,3478
2026-08-05T15:20:00.000Z,4257.460,4262.010,4256.260,4260.050,3051
2026-08-05T15:25:00.000Z,4260.040,4265.190,4257.070,4257.390,3031
2026-08-05T15:30:00.000Z,4257.340,4259.240,4254.600,4255.170,3037
2026-08-05T15:35:00.000Z,4255.020,4259.790,4254.270,4257.690,2656
2026-08-05T15:40:00.000Z,4257.680,4257.710,4252.420,4255.860,2536
2026-08-05T15:45:00.000Z,4255.840,4255.850,4249.400,4250.020,3055
2026-08-05T15:50:00.000Z,4250.000,4250.330,4241.370,4243.360,3205
2026-08-05T15:55:00.000Z,4243.380,4243.510,4232.350,4232.830,3493
2026-08-05T16:00:00.000Z,4232.840,4234.400,4225.580,4225.900,3501
2026-08-05T16:05:00.000Z,4225.920,4235.590,4224.760,4235.420,2913
2026-08-05T16:10:00.000Z,4235.340,4236.210,4231.950,4234.390,2664
2026-08-05T16:15:00.000Z,4234.400,4237.040,4232.760,4233.750,2613
2026-08-05T16:20:00.000Z,4233.740,4240.450,4233.700,4238.900,2624
2026-08-05T16:25:00.000Z,4238.930,4241.750,4238.760,4241.450,2215
2026-08-05T16:30:00.000Z,4241.510,4243.580,4239.080,4241.100,2421
2026-08-05T16:35:00.000Z,4241.090,4245.840,4240.480,4243.830,2318
2026-08-05T16:40:00.000Z,4244.010,4247.020,4243.400,4244.680,1985
2026-08-05T16:45:00.000Z,4244.920,4245.550,4240.980,4242.510,2184
2026-08-05T16:50:00.000Z,4242.560,4247.380,4242.470,4244.630,1967
2026-08-05T16:55:00.000Z,4244.640,4244.640,4238.320,4242.330,2260
2026-08-05T17:00:00.000Z,4242.420,4243.420,4239.390,4243.420,2502
2026-08-05T17:05:00.000Z,4243.250,4244.310,4241.050,4241.720,2218
2026-08-05T17:10:00.000Z,4241.550,4244.130,4241.240,4242.090,2031
2026-08-05T17:15:00.000Z,4242.070,4242.070,4237.970,4238.650,2199
2026-08-05T17:20:00.000Z,4238.600,4240.340,4236.910,4240.100,2156
2026-08-05T17:25:00.000Z,4240.120,4246.530,4237.370,4244.780,2862
2026-08-05T17:30:00.000Z,4244.590,4248.260,4240.940,4248.160,2510
2026-08-05T17:35:00.000Z,4248.220,4250.550,4246.030,4250.240,2222
2026-08-05T17:40:00.000Z,4250.170,4250.810,4247.830,4248.340,1862
2026-08-05T17:45:00.000Z,4248.280,4250.920,4247.570,4249.020,1922
2026-08-05T17:50:00.000Z,4249.080,4250.450,4248.620,4249.450,1522
2026-08-05T17:55:00.000Z,4249.440,4252.440,4249.440,4250.350,1647
2026-08-05T18:00:00.000Z,4250.000,4254.400,4249.260,4253.040,2103
2026-08-05T18:05:00.000Z,4252.900,4257.430,4252.850,4255.630,2023
2026-08-05T18:10:00.000Z,4255.630,4257.590,4253.190,4253.290,1785
2026-08-05T18:15:00.000Z,4253.240,4257.420,4253.070,4257.000,1825
2026-08-05T18:20:00.000Z,4257.010,4267.620,4256.940,4263.430,2314
2026-08-05T18:25:00.000Z,4263.420,4265.430,4262.200,4263.070,2044
2026-08-05T18:30:00.000Z,4262.910,4263.710,4254.710,4255.350,2054
2026-08-05T18:35:00.000Z,4255.370,4258.310,4255.240,4257.580,1662
2026-08-05T18:40:00.000Z,4257.260,4260.380,4257.110,4259.400,1519
2026-08-05T18:45:00.000Z,4259.410,4261.500,4258.100,4258.960,1484
2026-08-05T18:50:00.000Z,4258.930,4262.660,4258.660,4262.220,1545
2026-08-05T18:55:00.000Z,4262.180,4263.600,4260.580,4260.920,1413
2026-08-05T19:00:00.000Z,4260.870,4262.150,4259.380,4262.050,1739
2026-08-05T19:05:00.000Z,4262.130,4262.160,4257.610,4257.950,1554
2026-08-05T19:10:00.000Z,4257.940,4259.060,4256.200,4258.190,1637
2026-08-05T19:15:00.000Z,4258.310,4258.310,4250.660,4251.790,1787
2026-08-05T19:20:00.000Z,4251.800,4255.600,4250.590,4255.500,1862
2026-08-05T19:25:00.000Z,4255.490,4256.190,4252.910,4252.910,1399
2026-08-05T19:30:00.000Z,4252.930,4254.180,4249.590,4249.780,1747
2026-08-05T19:35:00.000Z,4249.860,4250.970,4248.460,4250.250,1740
2026-08-05T19:40:00.000Z,4250.250,4253.600,4250.250,4253.240,1817
2026-08-05T19:45:00.000Z,4253.150,4253.470,4248.110,4248.600,1879
2026-08-05T19:50:00.000Z,4248.700,4249.840,4247.230,4249.010,2085
2026-08-05T19:55:00.000Z,4248.950,4249.330,4246.410,4247.120,2300
2026-08-05T20:00:00.000Z,4247.050,4249.560,4246.770,4248.660,1220
2026-08-05T20:05:00.000Z,4248.610,4249.010,4247.030,4247.820,1415
2026-08-05T20:10:00.000Z,4247.830,4249.640,4247.610,4249.190,824
2026-08-05T20:15:00.000Z,4249.310,4249.690,4245.630,4246.230,997
2026-08-05T20:20:00.000Z,4246.190,4247.270,4245.630,4247.070,783
2026-08-05T20:25:00.000Z,4247.100,4247.100,4245.650,4246.270,600
2026-08-05T20:30:00.000Z,4246.240,4249.510,4245.920,4249.290,823
2026-08-05T20:35:00.000Z,4249.300,4249.350,4246.690,4246.800,631
2026-08-05T20:40:00.000Z,4246.730,4247.390,4245.090,4245.410,392
2026-08-05T20:45:00.000Z,4245.420,4245.500,4243.820,4244.160,405
2026-08-05T20:50:00.000Z,4244.080,4245.280,4243.830,4244.270,524
2026-08-05T20:55:00.000Z,4244.180,4246.990,4243.010,4246.830,807
2026-08-05T22:00:00.000Z,4245.380,4254.210,4244.520,4249.260,989
2026-08-05T22:05:00.000Z,4249.340,4249.510,4245.770,4246.720,1352
2026-08-05T22:10:00.000Z,4247.030,4248.360,4246.670,4247.690,758
2026-08-05T22:15:00.000Z,4247.580,4248.390,4247.310,4247.680,714
2026-08-05T22:20:00.000Z,4247.670,4248.970,4246.910,4248.320,778
2026-08-05T22:25:00.000Z,4248.270,4248.680,4247.360,4248.120,700
2026-08-05T22:30:00.000Z,4248.130,4249.890,4247.560,4249.420,679
2026-08-05T22:35:00.000Z,4249.460,4250.330,4249.080,4249.470,544
2026-08-05T22:40:00.000Z,4249.430,4249.950,4248.010,4248.300,491
2026-08-05T22:45:00.000Z,4248.200,4249.130,4247.820,4248.690,547
2026-08-05T22:50:00.000Z,4248.640,4249.320,4248.170,4248.300,529
2026-08-05T22:55:00.000Z,4248.470,4250.420,4248.010,4250.050,648
2026-08-05T23:00:00.000Z,4250.230,4252.770,4249.140,4252.730,720
2026-08-05T23:05:00.000Z,4252.820,4254.430,4251.620,4252.120,790
2026-08-05T23:10:00.000Z,4252.110,4258.320,4252.000,4256.240,1118
2026-08-05T23:15:00.000Z,4256.190,4260.820,4256.060,4259.580,1226
2026-08-05T23:20:00.000Z,4259.550,4262.920,4257.710,4262.300,984
2026-08-05T23:25:00.000Z,4261.910,4264.160,4260.490,4263.500,847
2026-08-05T23:30:00.000Z,4263.530,4265.320,4261.130,4265.140,1076
2026-08-05T23:35:00.000Z,4265.150,4279.860,4265.140,4278.060,2608
2026-08-05T23:40:00.000Z,4278.120,4281.950,4276.520,4280.730,2022
2026-08-05T23:45:00.000Z,4280.690,4280.760,4272.270,4274.670,1888
2026-08-05T23:50:00.000Z,4274.710,4277.220,4272.620,4275.700,1707
2026-08-05T23:55:00.000Z,4275.710,4279.710,4274.370,4278.160,1678
2026-08-06T00:00:00.000Z,4278.090,4278.090,4264.930,4268.390,2813
2026-08-06T00:05:00.000Z,4268.380,4277.300,4266.240,4271.580,2358
2026-08-06T00:10:00.000Z,4271.570,4273.290,4264.590,4270.810,2437
2026-08-06T00:15:00.000Z,4270.860,4276.980,4270.850,4274.570,2301
2026-08-06T00:20:00.000Z,4274.580,4283.910,4273.590,4282.390,2803
2026-08-06T00:25:00.000Z,4282.550,4284.600,4272.630,4274.080,2568
2026-08-06T00:30:00.000Z,4273.880,4287.000,4273.880,4286.210,2322
2026-08-06T00:35:00.000Z,4286.110,4291.100,4282.920,4285.710,2663
2026-08-06T00:40:00.000Z,4285.560,4289.180,4284.260,4286.500,2064
2026-08-06T00:45:00.000Z,4286.810,4295.410,4286.780,4287.700,2386
2026-08-06T00:50:00.000Z,4287.670,4296.890,4286.180,4296.620,2166
2026-08-06T00:55:00.000Z,4296.630,4300.330,4293.520,4294.750,2427
2026-08-06T01:00:00.000Z,4294.800,4302.910,4291.340,4293.100,3923
2026-08-06T01:05:00.000Z,4293.060,4298.440,4286.840,4297.010,3244
2026-08-06T01:10:00.000Z,4296.970,4298.580,4280.290,4284.780,3410
2026-08-06T01:15:00.000Z,4284.780,4288.020,4283.320,4283.900,2778
2026-08-06T01:20:00.000Z,4283.840,4284.980,4273.030,4283.240,3135
2026-08-06T01:25:00.000Z,4282.920,4285.990,4273.780,4276.160,2947
2026-08-06T01:30:00.000Z,4276.130,4286.490,4275.900,4284.090,2959
2026-08-06T01:35:00.000Z,4284.510,4297.220,4281.630,4292.590,3105
2026-08-06T01:40:00.000Z,4292.530,4292.710,4287.770,4287.780,2701
2026-08-06T01:45:00.000Z,4287.830,4295.440,4283.090,4293.490,2865
2026-08-06T01:50:00.000Z,4293.280,4297.390,4287.510,4287.510,2917
2026-08-06T01:55:00.000Z,4287.590,4288.840,4284.910,4286.500,2349
2026-08-06T02:00:00.000Z,4286.290,4297.130,4283.490,4296.840,2544
2026-08-06T02:05:00.000Z,4297.030,4304.090,4297.020,4301.210,2818
2026-08-06T02:10:00.000Z,4301.330,4302.470,4292.570,4295.190,2255
2026-08-06T02:15:00.000Z,4295.110,4300.020,4292.540,4293.960,1684
2026-08-06T02:20:00.000Z,4293.820,4294.860,4292.380,4293.560,1476
2026-08-06T02:25:00.000Z,4293.610,4295.060,4291.910,4292.210,1520
2026-08-06T02:30:00.000Z,4292.110,4292.360,4282.340,4285.990,2814
2026-08-06T02:35:00.000Z,4286.020,4288.440,4284.460,4285.390,2229
2026-08-06T02:40:00.000Z,4285.420,4285.880,4281.110,4285.810,2015
2026-08-06T02:45:00.000Z,4285.860,4287.200,4275.050,4276.630,2351
2026-08-06T02:50:00.000Z,4276.640,4280.640,4276.060,4278.110,2207
2026-08-06T02:55:00.000Z,4277.960,4280.210,4276.730,4278.650,2106
2026-08-06T03:00:00.000Z,4278.670,4278.670,4275.310,4276.350,1911
2026-08-06T03:05:00.000Z,4276.190,4280.980,4276.190,4279.210,1930
2026-08-06T03:10:00.000Z,4279.090,4280.200,4273.790,4274.000,2051
2026-08-06T03:15:00.000Z,4273.960,4273.960,4264.460,4267.220,2704
2026-08-06T03:20:00.000Z,4267.380,4267.520,4263.870,4264.100,2282
2026-08-06T03:25:00.000Z,4264.110,4266.240,4260.830,4266.210,2473
2026-08-06T03:30:00.000Z,4266.000,4266.710,4263.260,4266.590,1567
2026-08-06T03:35:00.000Z,4266.610,4266.910,4263.380,4263.730,1394
2026-08-06T03:40:00.000Z,4263.740,4264.500,4261.490,4262.850,1459
2026-08-06T03:45:00.000Z,4262.890,4263.590,4260.430,4263.070,1570
2026-08-06T03:50:00.000Z,4262.990,4264.230,4261.360,4263.660,1142
2026-08-06T03:55:00.000Z,4263.700,4265.830,4262.770,4265.760,1106
2026-08-06T04:00:00.000Z,4265.570,4266.720,4262.190,4265.350,1615
2026-08-06T04:05:00.000Z,4265.430,4267.250,4263.210,4265.970,1385
2026-08-06T04:10:00.000Z,4265.900,4266.800,4262.540,4263.380,1159
2026-08-06T04:15:00.000Z,4263.420,4263.910,4261.690,4261.740,1086
2026-08-06T04:20:00.000Z,4261.780,4263.410,4260.560,4260.700,1180
2026-08-06T04:25:00.000Z,4260.760,4262.150,4253.020,4255.430,1736
2026-08-06T04:30:00.000Z,4255.400,4259.300,4255.400,4258.530,1695
2026-08-06T04:35:00.000Z,4258.570,4261.040,4257.120,4259.750,1374
2026-08-06T04:40:00.000Z,4259.720,4261.160,4257.930,4259.090,1262
2026-08-06T04:45:00.000Z,4259.130,4260.650,4258.740,4260.390,859
2026-08-06T04:50:00.000Z,4260.360,4263.030,4258.340,4261.980,1367
2026-08-06T04:55:00.000Z,4262.000,4262.740,4260.790,4262.260,739
2026-08-06T05:00:00.000Z,4262.110,4265.380,4259.640,4260.630,1635
2026-08-06T05:05:00.000Z,4260.560,4260.880,4258.900,4259.850,1434
2026-08-06T05:10:00.000Z,4259.830,4260.530,4256.530,4259.570,1597
2026-08-06T05:15:00.000Z,4259.500,4259.560,4256.080,4256.760,1427
2026-08-06T05:20:00.000Z,4256.800,4257.440,4253.770,4255.320,1468
2026-08-06T05:25:00.000Z,4255.310,4255.540,4252.950,4253.940,1334
2026-08-06T05:30:00.000Z,4253.980,4257.880,4247.240,4257.620,3063
2026-08-06T05:35:00.000Z,4257.560,4262.060,4256.930,4261.940,2419
2026-08-06T05:40:00.000Z,4262.100,4266.040,4261.350,4263.780,2238
2026-08-06T05:45:00.000Z,4263.810,4266.680,4262.360,4262.560,1875
2026-08-06T05:50:00.000Z,4262.610,4268.640,4262.160,4266.890,2050
2026-08-06T05:55:00.000Z,4266.850,4267.920,4264.250,4267.320,1710
2026-08-06T06:00:00.000Z,4267.300,4268.590,4265.440,4267.460,2112
2026-08-06T06:05:00.000Z,4267.470,4268.100,4261.890,4262.770,2058
2026-08-06T06:10:00.000Z,4262.750,4262.910,4256.680,4260.600,2256
2026-08-06T06:15:00.000Z,4260.440,4261.340,4254.500,4259.890,2294
2026-08-06T06:20:00.000Z,4259.890,4260.080,4255.460,4257.620,1670
2026-08-06T06:25:00.000Z,4257.610,4258.030,4255.670,4257.600,1547
2026-08-06T06:30:00.000Z,4257.590,4258.050,4254.360,4254.890,1803
2026-08-06T06:35:00.000Z,4254.930,4255.740,4252.890,4253.530,1635
2026-08-06T06:40:00.000Z,4253.020,4256.780,4249.350,4256.780,2120
2026-08-06T06:45:00.000Z,4256.800,4258.150,4254.160,4254.880,2024
2026-08-06T06:50:00.000Z,4254.870,4255.940,4251.110,4252.380,2066
2026-08-06T06:55:00.000Z,4252.360,4256.490,4252.120,4256.170,1697
2026-08-06T07:00:00.000Z,4256.200,4256.810,4253.320,4256.360,2038
2026-08-06T07:05:00.000Z,4256.430,4260.200,4255.880,4259.560,1512
2026-08-06T07:10:00.000Z,4259.510,4263.780,4259.510,4263.250,1510
2026-08-06T07:15:00.000Z,4263.240,4265.360,4261.390,4264.460,1269
2026-08-06T07:20:00.000Z,4264.350,4264.940,4258.330,4261.860,1517
2026-08-06T07:25:00.000Z,4261.890,4263.820,4261.420,4261.960,1177
2026-08-06T07:30:00.000Z,4261.920,4262.040,4259.940,4260.000,955
2026-08-06T07:35:00.000Z,4259.960,4260.110,4256.590,4256.820,1353
2026-08-06T07:40:00.000Z,4256.840,4258.270,4254.780,4254.970,1389
2026-08-06T07:45:00.000Z,4255.110,4257.260,4253.080,4254.220,1819
2026-08-06T07:50:00.000Z,4254.230,4259.730,4252.600,4259.680,1514
2026-08-06T07:55:00.000Z,4259.630,4262.960,4258.450,4262.810,1459
2026-08-06T08:00:00.000Z,4262.820,4265.760,4260.270,4261.390,1938
2026-08-06T08:05:00.000Z,4261.400,4264.890,4260.470,4264.610,1268
2026-08-06T08:10:00.000Z,4264.700,4269.430,4264.640,4268.970,1674
2026-08-06T08:15:00.000Z,4268.800,4270.630,4267.820,4269.320,1628
2026-08-06T08:20:00.000Z,4269.450,4269.450,4263.970,4265.660,1739
2026-08-06T08:25:00.000Z,4265.560,4269.330,4263.600,4267.950,1715
2026-08-06T08:30:00.000Z,4267.870,4274.330,4266.450,4273.630,2029
2026-08-06T08:35:00.000Z,4273.550,4274.970,4270.930,4271.420,1406
2026-08-06T08:40:00.000Z,4271.440,4274.210,4270.690,4273.200,1425
2026-08-06T08:45:00.000Z,4273.300,4275.140,4270.460,4273.730,1541
2026-08-06T08:50:00.000Z,4273.750,4277.300,4272.780,4275.140,2200
2026-08-06T08:55:00.000Z,4275.170,4278.860,4274.430,4278.250,1621
2026-08-06T09:00:00.000Z,4278.240,4283.680,4277.420,4280.310,2183
2026-08-06T09:05:00.000Z,4280.320,4280.750,4276.030,4276.750,2060
2026-08-06T09:10:00.000Z,4276.630,4279.860,4276.560,4279.860,1475
2026-08-06T09:15:00.000Z,4280.060,4283.270,4279.770,4282.680,1542
2026-08-06T09:20:00.000Z,4282.750,4284.740,4280.660,4283.670,1483
2026-08-06T09:25:00.000Z,4283.290,4283.370,4278.540,4283.370,1496
2026-08-06T09:30:00.000Z,4283.360,4284.270,4277.850,4279.000,1787
2026-08-06T09:35:00.000Z,4278.990,4279.520,4276.230,4278.900,1496
2026-08-06T09:40:00.000Z,4278.980,4279.150,4271.930,4271.960,1546
2026-08-06T09:45:00.000Z,4272.050,4276.260,4271.900,4276.090,1293
2026-08-06T09:50:00.000Z,4276.040,4276.040,4271.420,4271.590,1146
2026-08-06T09:55:00.000Z,4271.610,4273.240,4271.380,4273.130,1188
2026-08-06T10:00:00.000Z,4273.080,4273.660,4270.760,4271.600,1638
2026-08-06T10:05:00.000Z,4271.670,4272.110,4269.270,4270.720,1539
2026-08-06T10:10:00.000Z,4270.730,4270.990,4268.680,4269.590,1473
2026-08-06T10:15:00.000Z,4269.600,4269.620,4267.270,4269.020,1396
2026-08-06T10:20:00.000Z,4269.030,4270.960,4267.850,4270.920,1322
2026-08-06T10:25:00.000Z,4270.920,4271.000,4267.890,4269.290,1192
2026-08-06T10:30:00.000Z,4269.300,4269.830,4266.530,4268.080,1371
2026-08-06T10:35:00.000Z,4267.970,4269.120,4267.330,4268.670,1154
2026-08-06T10:40:00.000Z,4268.790,4269.570,4264.770,4265.370,1365
2026-08-06T10:45:00.000Z,4265.450,4270.280,4264.700,4270.220,1456
2026-08-06T10:50:00.000Z,4270.230,4271.500,4268.910,4270.540,1336
2026-08-06T10:55:00.000Z,4270.440,4271.460,4269.260,4270.790,1257
2026-08-06T11:00:00.000Z,4270.790,4273.360,4268.130,4268.640,2096
2026-08-06T11:05:00.000Z,4268.570,4270.090,4266.630,4267.220,1982
2026-08-06T11:10:00.000Z,4267.210,4269.160,4266.940,4269.080,1791
2026-08-06T11:15:00.000Z,4269.160,4271.420,4264.040,4265.800,1699
2026-08-06T11:20:00.000Z,4265.830,4266.400,4260.240,4261.510,1908
2026-08-06T11:25:00.000Z,4261.520,4264.260,4260.750,4264.190,1586
2026-08-06T11:30:00.000Z,4264.280,4266.910,4263.360,4264.820,1700
2026-08-06T11:35:00.000Z,4264.760,4266.960,4261.170,4262.030,1586
2026-08-06T11:40:00.000Z,4261.920,4262.470,4259.810,4260.700,1654
2026-08-06T11:45:00.000Z,4260.810,4260.880,4255.370,4256.440,2224
2026-08-06T11:50:00.000Z,4256.430,4258.590,4254.200,4256.600,2110
2026-08-06T11:55:00.000Z,4256.610,4263.520,4255.410,4263.430,2258
2026-08-06T12:00:00.000Z,4263.410,4265.750,4260.740,4264.100,2100
2026-08-06T12:05:00.000Z,4264.130,4264.190,4257.080,4257.740,2080
2026-08-06T12:10:00.000Z,4257.870,4259.420,4255.520,4256.270,1890
2026-08-06T12:15:00.000Z,4256.300,4257.380,4253.320,4257.060,2136
2026-08-06T12:20:00.000Z,4257.080,4262.900,4256.140,4260.890,2408
2026-08-06T12:25:00.000Z,4260.870,4261.660,4256.860,4261.660,1741
2026-08-06T12:30:00.000Z,4261.720,4270.040,4258.100,4267.850,2697
2026-08-06T12:35:00.000Z,4267.930,4270.800,4267.170,4270.360,2101
2026-08-06T12:40:00.000Z,4270.220,4270.720,4266.410,4267.120,2069
2026-08-06T12:45:00.000Z,4267.430,4267.660,4254.280,4255.620,2422
2026-08-06T12:50:00.000Z,4255.670,4256.450,4251.090,4251.100,2568
2026-08-06T12:55:00.000Z,4251.180,4254.650,4249.240,4250.170,2581
2026-08-06T13:00:00.000Z,4250.160,4255.780,4249.780,4252.420,3237
2026-08-06T13:05:00.000Z,4252.410,4252.780,4230.850,4231.670,3318
2026-08-06T13:10:00.000Z,4231.730,4239.440,4230.550,4238.440,3183
2026-08-06T13:15:00.000Z,4238.400,4244.420,4235.980,4244.320,2929
2026-08-06T13:20:00.000Z,4244.390,4248.240,4241.130,4242.920,2651
2026-08-06T13:25:00.000Z,4243.140,4248.240,4240.840,4247.680,2111
2026-08-06T13:30:00.000Z,4247.750,4252.150,4245.860,4250.700,3623
2026-08-06T13:35:00.000Z,4250.450,4265.250,4250.370,4258.850,3467
2026-08-06T13:40:00.000Z,4258.930,4274.180,4258.740,4270.400,3503
2026-08-06T13:45:00.000Z,4270.260,4270.330,4262.820,4263.820,3459
2026-08-06T13:50:00.000Z,4263.870,4268.020,4262.410,4266.390,3051
2026-08-06T13:55:00.000Z,4266.660,4269.700,4265.480,4267.170,3181
2026-08-06T14:00:00.000Z,4267.270,4271.520,4265.280,4266.910,3363
2026-08-06T14:05:00.000Z,4267.110,4271.390,4263.990,4265.240,3112
2026-08-06T14:10:00.000Z,4265.250,4275.290,4265.070,4268.140,3230
2026-08-06T14:15:00.000Z,4268.160,4268.530,4260.540,4265.690,3285
2026-08-06T14:20:00.000Z,4265.750,4267.350,4261.330,4262.220,2623
2026-08-06T14:25:00.000Z,4262.230,4269.010,4260.050,4265.500,3034
2026-08-06T14:30:00.000Z,4266.200,4274.760,4265.910,4272.140,2932
2026-08-06T14:35:00.000Z,4272.130,4274.760,4270.050,4270.300,3028
2026-08-06T14:40:00.000Z,4270.320,4274.820,4269.960,4273.620,2579
2026-08-06T14:45:00.000Z,4273.630,4275.350,4265.180,4265.350,2840
2026-08-06T14:50:00.000Z,4265.420,4271.140,4262.860,4270.940,2783
2026-08-06T14:55:00.000Z,4271.040,4273.290,4267.430,4273.040,2687
2026-08-06T15:00:00.000Z,4273.060,4274.340,4268.680,4270.440,3205
2026-08-06T15:05:00.000Z,4270.430,4271.700,4265.490,4266.300,2864
2026-08-06T15:10:00.000Z,4266.340,4268.320,4262.030,4263.760,2561
2026-08-06T15:15:00.000Z,4263.740,4263.860,4256.410,4256.660,2973
2026-08-06T15:20:00.000Z,4256.860,4258.040,4250.660,4254.790,2950
2026-08-06T15:25:00.000Z,4255.210,4259.210,4253.430,4254.900,2815
2026-08-06T15:30:00.000Z,4254.890,4255.580,4249.250,4249.260,2498
2026-08-06T15:35:00.000Z,4249.240,4252.830,4246.450,4252.040,2389
2026-08-06T15:40:00.000Z,4251.970,4253.180,4248.170,4251.550,2101
2026-08-06T15:45:00.000Z,4251.530,4251.560,4247.860,4248.070,2290
2026-08-06T15:50:00.000Z,4248.060,4250.110,4234.420,4234.890,2851
2026-08-06T15:55:00.000Z,4234.870,4237.590,4229.030,4233.620,3535
2026-08-06T16:00:00.000Z,4233.670,4238.370,4232.500,4237.970,3433
2026-08-06T16:05:00.000Z,4238.090,4243.110,4236.790,4241.850,3052
2026-08-06T16:10:00.000Z,4241.730,4242.540,4231.000,4232.860,2739
2026-08-06T16:15:00.000Z,4232.760,4233.130,4224.720,4227.070,3284
2026-08-06T16:20:00.000Z,4227.050,4228.080,4223.630,4224.520,3043
2026-08-06T16:25:00.000Z,4224.690,4230.510,4223.480,4230.200,2747
2026-08-06T16:30:00.000Z,4230.150,4233.780,4230.120,4232.260,2661
2026-08-06T16:35:00.000Z,4232.250,4236.160,4232.000,4235.250,2522
2026-08-06T16:40:00.000Z,4235.300,4235.490,4232.110,4233.500,2128
2026-08-06T16:45:00.000Z,4233.520,4236.660,4231.800,4236.640,2195
2026-08-06T16:50:00.000Z,4236.580,4237.980,4235.270,4237.220,2211
2026-08-06T16:55:00.000Z,4237.210,4242.590,4237.210,4241.500,1823
2026-08-06T17:00:00.000Z,4241.570,4243.250,4239.470,4241.780,1966
2026-08-06T17:05:00.000Z,4241.740,4243.490,4240.540,4242.990,1542
2026-08-06T17:10:00.000Z,4242.950,4244.610,4240.890,4241.030,1685
2026-08-06T17:15:00.000Z,4241.110,4241.720,4239.200,4241.420,1764
2026-08-06T17:20:00.000Z,4241.370,4242.400,4238.500,4239.910,1730
2026-08-06T17:25:00.000Z,4240.130,4242.740,4239.400,4241.720,2025
2026-08-06T17:30:00.000Z,4241.100,4242.010,4239.050,4240.750,1762
2026-08-06T17:35:00.000Z,4240.890,4243.600,4238.610,4242.150,1551
2026-08-06T17:40:00.000Z,4242.200,4243.280,4241.440,4242.010,1495
2026-08-06T17:45:00.000Z,4242.060,4242.820,4240.450,4241.870,1425
2026-08-06T17:50:00.000Z,4241.860,4248.150,4241.860,4247.100,1785
2026-08-06T17:55:00.000Z,4246.930,4248.130,4245.740,4247.270,1165
2026-08-06T18:00:00.000Z,4247.350,4247.610,4244.200,4245.850,1263
2026-08-06T18:05:00.000Z,4245.800,4249.140,4245.800,4248.380,1442
2026-08-06T18:10:00.000Z,4248.460,4248.850,4246.520,4246.950,1395
2026-08-06T18:15:00.000Z,4247.010,4249.240,4246.150,4247.880,1530
2026-08-06T18:20:00.000Z,4247.860,4249.720,4246.990,4248.090,1243
2026-08-06T18:25:00.000Z,4248.080,4248.330,4246.470,4246.790,1274
2026-08-06T18:30:00.000Z,4246.800,4247.830,4243.440,4244.030,1238
2026-08-06T18:35:00.000Z,4244.060,4244.820,4242.520,4243.400,1054
2026-08-06T18:40:00.000Z,4243.390,4243.830,4240.720,4241.870,1270
2026-08-06T18:45:00.000Z,4241.930,4245.050,4241.640,4244.840,1005
2026-08-06T18:50:00.000Z,4244.840,4245.700,4241.620,4241.730,995
2026-08-06T18:55:00.000Z,4241.730,4243.540,4240.780,4243.480,1058
2026-08-06T19:00:00.000Z,4243.540,4248.950,4243.010,4248.490,1535
2026-08-06T19:05:00.000Z,4248.540,4249.140,4247.020,4249.140,1268
2026-08-06T19:10:00.000Z,4249.190,4251.310,4247.210,4247.470,1364
2026-08-06T19:15:00.000Z,4247.390,4248.600,4245.260,4245.500,1205
2026-08-06T19:20:00.000Z,4245.550,4247.200,4239.870,4240.240,1375
2026-08-06T19:25:00.000Z,4240.190,4241.900,4235.240,4237.440,2688
2026-08-06T19:30:00.000Z,4237.410,4238.620,4235.730,4238.250,1922
2026-08-06T19:35:00.000Z,4238.240,4239.620,4236.210,4236.520,1562
2026-08-06T19:40:00.000Z,4236.620,4237.010,4233.090,4234.630,1892
2026-08-06T19:45:00.000Z,4234.650,4239.130,4234.650,4237.760,1489
2026-08-06T19:50:00.000Z,4237.740,4250.670,4237.740,4247.130,2252
2026-08-06T19:55:00.000Z,4247.050,4249.210,4243.910,4248.950,2353
2026-08-06T20:00:00.000Z,4248.840,4250.210,4246.210,4247.140,1681
2026-08-06T20:05:00.000Z,4247.150,4247.570,4245.440,4245.910,785
2026-08-06T20:10:00.000Z,4245.900,4246.820,4242.910,4244.570,832
2026-08-06T20:15:00.000Z,4244.810,4245.650,4243.770,4244.250,602
2026-08-06T20:20:00.000Z,4244.260,4244.880,4242.160,4242.460,913
2026-08-06T20:25:00.000Z,4242.500,4243.130,4240.010,4241.990,802
2026-08-06T20:30:00.000Z,4242.000,4242.000,4241.000,4241.330,467
2026-08-06T20:35:00.000Z,4241.370,4242.570,4239.820,4240.290,790
2026-08-06T20:40:00.000Z,4240.220,4240.220,4235.140,4235.390,1016
2026-08-06T20:45:00.000Z,4235.190,4238.810,4234.710,4236.540,988
2026-08-06T20:50:00.000Z,4236.470,4241.950,4235.870,4241.480,779
2026-08-06T20:55:00.000Z,4241.460,4241.460,4239.990,4240.540,606
2026-08-06T22:00:00.000Z,4237.030,4241.620,4235.900,4236.550,685
2026-08-06T22:05:00.000Z,4236.570,4238.460,4236.500,4238.080,468
2026-08-06T22:10:00.000Z,4237.550,4239.050,4236.780,4239.050,444
2026-08-06T22:15:00.000Z,4239.000,4241.520,4238.990,4241.050,537
2026-08-06T22:20:00.000Z,4241.040,4242.650,4239.720,4242.150,707
2026-08-06T22:25:00.000Z,4241.660,4243.500,4241.250,4242.420,644
2026-08-06T22:30:00.000Z,4242.410,4243.450,4241.430,4241.540,743
2026-08-06T22:35:00.000Z,4241.730,4241.860,4240.200,4240.420,489
2026-08-06T22:40:00.000Z,4240.510,4241.450,4239.100,4239.400,629
2026-08-06T22:45:00.000Z,4239.390,4242.120,4238.900,4241.770,546
2026-08-06T22:50:00.000Z,4241.630,4242.880,4241.120,4242.110,467
2026-08-06T22:55:00.000Z,4242.080,4242.080,4240.830,4240.830,248
2026-08-06T23:00:00.000Z,4240.560,4243.120,4240.270,4242.140,638
2026-08-06T23:05:00.000Z,4242.380,4245.750,4242.370,4243.990,810
2026-08-06T23:10:00.000Z,4244.130,4245.290,4243.700,4245.290,354
2026-08-06T23:15:00.000Z,4245.190,4246.140,4244.730,4245.610,557
2026-08-06T23:20:00.000Z,4245.630,4246.070,4245.510,4245.990,393
2026-08-06T23:25:00.000Z,4246.030,4246.130,4243.060,4245.240,676
2026-08-06T23:30:00.000Z,4245.310,4248.780,4245.160,4247.200,780
2026-08-06T23:35:00.000Z,4247.190,4247.850,4246.130,4246.150,300
2026-08-06T23:40:00.000Z,4246.430,4247.980,4244.940,4246.630,588
2026-08-06T23:45:00.000Z,4246.670,4249.100,4245.800,4248.600,975
2026-08-06T23:50:00.000Z,4248.610,4252.270,4248.610,4251.890,1426
2026-08-06T23:55:00.000Z,4251.790,4253.260,4250.560,4252.410,1271
2026-08-07T00:00:00.000Z,4252.340,4252.890,4247.590,4249.710,1656
2026-08-07T00:05:00.000Z,4249.750,4251.090,4248.860,4249.420,1177
2026-08-07T00:10:00.000Z,4249.370,4249.370,4243.410,4244.880,1549
2026-08-07T00:15:00.000Z,4244.900,4246.250,4241.330,4242.350,1852
2026-08-07T00:20:00.000Z,4242.340,4245.490,4239.730,4239.880,1753
2026-08-07T00:25:00.000Z,4239.880,4244.240,4239.190,4243.990,1825
2026-08-07T00:30:00.000Z,4244.090,4244.090,4240.510,4241.630,1772
2026-08-07T00:35:00.000Z,4241.640,4242.590,4235.390,4235.590,1949
2026-08-07T00:40:00.000Z,4235.690,4235.900,4230.280,4234.830,2102
2026-08-07T00:45:00.000Z,4234.810,4236.960,4231.380,4231.380,1850
2026-08-07T00:50:00.000Z,4231.360,4235.150,4231.340,4233.850,1842
2026-08-07T00:55:00.000Z,4233.860,4234.180,4229.740,4232.890,2081
2026-08-07T01:00:00.000Z,4232.950,4243.250,4231.900,4241.780,3277
2026-08-07T01:05:00.000Z,4241.400,4246.800,4240.140,4242.560,2598
2026-08-07T01:10:00.000Z,4242.540,4245.120,4240.650,4244.260,2083
2026-08-07T01:15:00.000Z,4244.400,4246.420,4243.420,4244.520,2190
2026-08-07T01:20:00.000Z,4244.530,4250.240,4241.110,4241.740,2457
2026-08-07T01:25:00.000Z,4241.820,4246.090,4240.260,4243.430,2652
2026-08-07T01:30:00.000Z,4243.460,4245.280,4239.260,4242.970,2640
2026-08-07T01:35:00.000Z,4243.060,4246.500,4241.690,4246.500,2456
2026-08-07T01:40:00.000Z,4246.380,4258.650,4245.970,4256.780,3113
2026-08-07T01:45:00.000Z,4256.740,4258.700,4252.500,4254.030,2783
2026-08-07T01:50:00.000Z,4254.040,4255.350,4251.990,4254.490,2354
2026-08-07T01:55:00.000Z,4254.440,4259.350,4253.950,4256.770,2497
2026-08-07T02:00:00.000Z,4256.750,4261.700,4256.120,4261.260,2601
2026-08-07T02:05:00.000Z,4261.210,4261.380,4258.120,4258.950,2081
2026-08-07T02:10:00.000Z,4259.120,4259.790,4257.510,4258.790,1729
2026-08-07T02:15:00.000Z,4258.780,4261.170,4257.740,4258.290,1085
2026-08-07T02:20:00.000Z,4258.280,4260.970,4257.600,4260.620,1154
2026-08-07T02:25:00.000Z,4260.610,4261.300,4259.540,4260.940,880
2026-08-07T02:30:00.000Z,4261.290,4261.610,4256.620,4256.990,2025
2026-08-07T02:35:00.000Z,4257.020,4257.250,4252.200,4253.000,1970
2026-08-07T02:40:00.000Z,4253.030,4255.090,4249.870,4249.900,1817
2026-08-07T02:45:00.000Z,4249.800,4252.250,4247.160,4251.060,1816
2026-08-07T02:50:00.000Z,4251.010,4255.690,4251.010,4254.590,1694
2026-08-07T02:55:00.000Z,4254.570,4256.030,4249.850,4250.340,1932
2026-08-07T03:00:00.000Z,4250.240,4259.430,4249.700,4258.510,1957
2026-08-07T03:05:00.000Z,4258.220,4258.480,4256.230,4256.800,1567
2026-08-07T03:10:00.000Z,4256.860,4257.390,4252.700,4254.800,1479
2026-08-07T03:15:00.000Z,4254.810,4255.770,4252.920,4254.080,1623
2026-08-07T03:20:00.000Z,4254.040,4256.280,4251.750,4254.870,1805
2026-08-07T03:25:00.000Z,4254.880,4258.870,4254.440,4258.740,1688
2026-08-07T03:30:00.000Z,4258.670,4261.270,4258.670,4259.360,1151
2026-08-07T03:35:00.000Z,4259.110,4260.990,4257.720,4260.550,1011
2026-08-07T03:40:00.000Z,4260.610,4261.090,4259.840,4260.770,721
2026-08-07T03:45:00.000Z,4260.820,4261.540,4259.340,4260.820,1014
2026-08-07T03:50:00.000Z,4260.830,4261.080,4259.280,4260.500,818
2026-08-07T03:55:00.000Z,4260.440,4266.260,4260.250,4266.100,1253
2026-08-07T04:00:00.000Z,4266.170,4269.130,4262.230,4265.100,1757
2026-08-07T04:05:00.000Z,4264.780,4267.720,4264.470,4266.570,1572
2026-08-07T04:10:00.000Z,4266.700,4267.700,4263.920,4266.020,1265
2026-08-07T04:15:00.000Z,4266.010,4267.370,4262.300,4262.410,1288
2026-08-07T04:20:00.000Z,4262.420,4268.360,4261.930,4265.700,1428
2026-08-07T04:25:00.000Z,4265.540,4267.160,4264.030,4265.000,1257
2026-08-07T04:30:00.000Z,4265.150,4268.510,4263.920,4267.980,1720
2026-08-07T04:35:00.000Z,4267.990,4268.290,4264.250,4264.700,990
2026-08-07T04:40:00.000Z,4264.710,4266.070,4260.710,4263.990,1362
2026-08-07T04:45:00.000Z,4264.060,4264.570,4262.360,4264.260,744
2026-08-07T04:50:00.000Z,4264.230,4267.070,4264.230,4267.070,745
2026-08-07T04:55:00.000Z,4267.000,4267.280,4264.890,4264.980,838
2026-08-07T05:00:00.000Z,4264.950,4266.480,4263.300,4265.880,1372
2026-08-07T05:05:00.000Z,4265.920,4267.080,4261.990,4267.070,1694
2026-08-07T05:10:00.000Z,4267.070,4271.250,4266.130,4269.320,1909
2026-08-07T05:15:00.000Z,4269.290,4270.720,4268.240,4268.550,1294
2026-08-07T05:20:00.000Z,4268.540,4270.480,4265.670,4266.630,1524
2026-08-07T05:25:00.000Z,4266.570,4267.790,4264.760,4266.680,1141
2026-08-07T05:30:00.000Z,4266.660,4276.560,4265.940,4275.130,2735
2026-08-07T05:35:00.000Z,4275.160,4277.430,4272.900,4273.520,2062
2026-08-07T05:40:00.000Z,4273.530,4273.850,4270.670,4271.510,1728
2026-08-07T05:45:00.000Z,4271.620,4277.050,4271.510,4276.400,1719
2026-08-07T05:50:00.000Z,4276.390,4279.680,4273.650,4274.740,2055
2026-08-07T05:55:00.000Z,4274.800,4280.590,4274.800,4278.700,2333
2026-08-07T06:00:00.000Z,4278.710,4282.890,4278.540,4282.470,1796
2026-08-07T06:05:00.000Z,4282.430,4284.280,4281.330,4282.320,2033
2026-08-07T06:10:00.000Z,4282.240,4291.270,4281.730,4286.730,2631
2026-08-07T06:15:00.000Z,4286.620,4290.360,4284.030,4288.190,2515
2026-08-07T06:20:00.000Z,4287.860,4291.320,4286.970,4287.540,2388
2026-08-07T06:25:00.000Z,4287.570,4287.570,4283.200,4283.370,2182
2026-08-07T06:30:00.000Z,4283.380,4287.520,4280.140,4286.100,2200
2026-08-07T06:35:00.000Z,4286.100,4293.630,4286.090,4291.870,2341
2026-08-07T06:40:00.000Z,4292.010,4295.140,4291.560,4292.210,2306
2026-08-07T06:45:00.000Z,4292.080,4294.570,4289.490,4289.490,2226
2026-08-07T06:50:00.000Z,4289.590,4295.130,4288.760,4293.540,2108
2026-08-07T06:55:00.000Z,4293.550,4298.700,4293.290,4297.180,2342
2026-08-07T07:00:00.000Z,4297.050,4297.850,4292.800,4294.800,2237
2026-08-07T07:05:00.000Z,4294.810,4294.810,4290.470,4291.400,1737
2026-08-07T07:10:00.000Z,4291.400,4293.170,4290.300,4291.270,1616
2026-08-07T07:15:00.000Z,4291.260,4292.420,4289.050,4291.470,1658
2026-08-07T07:20:00.000Z,4291.160,4292.640,4287.710,4288.000,1728
2026-08-07T07:25:00.000Z,4288.070,4288.310,4284.770,4285.470,2103
2026-08-07T07:30:00.000Z,4285.270,4287.810,4283.860,4287.450,1658
2026-08-07T07:35:00.000Z,4287.430,4288.730,4285.450,4285.580,1610
2026-08-07T07:40:00.000Z,4285.590,4288.030,4284.360,4285.130,1658
2026-08-07T07:45:00.000Z,4285.090,4286.840,4282.910,4285.260,1854
2026-08-07T07:50:00.000Z,4285.210,4286.940,4284.290,4286.890,1485
2026-08-07T07:55:00.000Z,4286.920,4291.170,4286.560,4290.120,1533
2026-08-07T08:00:00.000Z,4290.270,4293.670,4289.150,4292.360,1964
2026-08-07T08:05:00.000Z,4292.430,4296.490,4292.430,4294.770,1909
2026-08-07T08:10:00.000Z,4294.690,4300.600,4294.660,4299.790,1988
2026-08-07T08:15:00.000Z,4299.800,4300.730,4297.060,4297.990,1935
2026-08-07T08:20:00.000Z,4298.000,4298.280,4293.740,4294.410,1894
2026-08-07T08:25:00.000Z,4294.500,4295.680,4293.140,4294.850,1742
2026-08-07T08:30:00.000Z,4294.950,4314.850,4294.140,4314.070,2447
2026-08-07T08:35:00.000Z,4314.020,4316.700,4301.110,4304.420,2697
2026-08-07T08:40:00.000Z,4304.670,4310.050,4304.520,4309.090,1973
2026-08-07T08:45:00.000Z,4309.050,4311.420,4306.880,4307.190,1956
2026-08-07T08:50:00.000Z,4307.200,4307.850,4303.320,4304.490,1769
2026-08-07T08:55:00.000Z,4304.500,4308.060,4303.410,4306.090,1873
2026-08-07T09:00:00.000Z,4306.180,4307.240,4304.610,4305.490,1737
2026-08-07T09:05:00.000Z,4305.480,4307.170,4304.690,4305.960,1582
2026-08-07T09:10:00.000Z,4305.980,4307.200,4304.830,4306.020,1663
2026-08-07T09:15:00.000Z,4305.990,4308.050,4304.800,4306.670,1648
2026-08-07T09:20:00.000Z,4306.670,4311.000,4306.300,4310.620,1545
2026-08-07T09:25:00.000Z,4310.580,4310.690,4305.480,4306.710,1702
2026-08-07T09:30:00.000Z,4306.780,4308.110,4302.230,4304.340,1929
2026-08-07T09:35:00.000Z,4304.500,4309.020,4302.830,4308.720,1916
2026-08-07T09:40:00.000Z,4308.720,4318.450,4308.700,4317.400,2221
2026-08-07T09:45:00.000Z,4317.500,4320.380,4315.070,4316.750,2339
2026-08-07T09:50:00.000Z,4316.730,4319.990,4316.340,4317.890,2022
2026-08-07T09:55:00.000Z,4318.000,4319.450,4314.450,4316.150,1984
2026-08-07T10:00:00.000Z,4316.120,4319.370,4314.870,4317.580,1736
2026-08-07T10:05:00.000Z,4317.590,4317.900,4312.040,4312.100,1716
2026-08-07T10:10:00.000Z,4312.490,4313.850,4308.140,4308.250,1779
2026-08-07T10:15:00.000Z,4308.270,4314.030,4308.230,4313.380,1709
2026-08-07T10:20:00.000Z,4313.370,4313.390,4310.890,4312.620,1624
2026-08-07T10:25:00.000Z,4312.590,4314.410,4312.270,4313.750,1422
2026-08-07T10:30:00.000Z,4313.810,4316.680,4313.230,4315.820,1439
2026-08-07T10:35:00.000Z,4315.850,4318.330,4314.330,4317.430,1563
2026-08-07T10:40:00.000Z,4317.090,4318.320,4315.490,4316.900,1486
2026-08-07T10:45:00.000Z,4317.010,4320.020,4316.610,4318.650,1585
2026-08-07T10:50:00.000Z,4318.660,4320.710,4317.210,4317.250,1945
2026-08-07T10:55:00.000Z,4317.190,4317.850,4316.360,4316.920,1588
2026-08-07T11:00:00.000Z,4316.930,4324.290,4316.880,4323.570,2231
2026-08-07T11:05:00.000Z,4323.580,4326.170,4321.820,4324.870,1980
2026-08-07T11:10:00.000Z,4324.860,4325.520,4319.620,4320.280,2074
2026-08-07T11:15:00.000Z,4320.100,4320.910,4317.100,4320.460,2147
2026-08-07T11:20:00.000Z,4320.470,4325.340,4320.320,4324.180,2158
2026-08-07T11:25:00.000Z,4324.560,4327.300,4324.130,4325.070,1931
2026-08-07T11:30:00.000Z,4325.180,4327.690,4324.490,4324.530,1925
2026-08-07T11:35:00.000Z,4324.520,4325.040,4320.950,4323.470,2044
2026-08-07T11:40:00.000Z,4323.480,4325.620,4322.130,4322.850,1848
2026-08-07T11:45:00.000Z,4322.840,4325.660,4322.260,4323.880,1603
2026-08-07T11:50:00.000Z,4323.920,4326.870,4321.180,4325.830,1869
2026-08-07T11:55:00.000Z,4325.850,4327.040,4320.870,4321.250,1864
2026-08-07T12:00:00.000Z,4320.990,4325.330,4319.080,4319.600,2070
2026-08-07T12:05:00.000Z,4319.650,4320.360,4315.340,4319.010,2265
2026-08-07T12:10:00.000Z,4318.970,4322.710,4314.800,4315.040,2246
2026-08-07T12:15:00.000Z,4314.970,4316.820,4312.010,4314.360,2564
2026-08-07T12:20:00.000Z,4315.020,4317.200,4310.530,4310.870,2256
2026-08-07T12:25:00.000Z,4310.960,4315.510,4300.740,4307.500,2671
2026-08-07T12:30:00.000Z,4307.920,4364.470,4307.920,4359.990,4426
2026-08-07T12:35:00.000Z,4359.610,4366.430,4352.460,4364.750,4275
2026-08-07T12:40:00.000Z,4364.640,4370.640,4361.280,4367.150,4103
2026-08-07T12:45:00.000Z,4367.130,4371.780,4366.720,4368.740,3739
2026-08-07T12:50:00.000Z,4368.850,4371.640,4363.400,4364.540,3668
2026-08-07T12:55:00.000Z,4364.620,4365.500,4355.820,4361.390,3640
2026-08-07T13:00:00.000Z,4361.520,4363.820,4347.430,4347.430,4089
2026-08-07T13:05:00.000Z,4347.670,4352.450,4346.030,4350.370,3409
2026-08-07T13:10:00.000Z,4350.380,4351.170,4346.360,4347.900,3258
2026-08-07T13:15:00.000Z,4347.880,4349.280,4339.120,4347.240,3315
2026-08-07T13:20:00.000Z,4347.230,4353.280,4347.230,4350.460,3229
2026-08-07T13:25:00.000Z,4350.640,4358.090,4348.560,4356.410,3209
2026-08-07T13:30:00.000Z,4356.440,4359.490,4350.750,4353.400,3969
2026-08-07T13:35:00.000Z,4353.310,4366.190,4350.390,4364.860,3867
2026-08-07T13:40:00.000Z,4364.870,4368.000,4358.440,4358.550,3767
2026-08-07T13:45:00.000Z,4358.460,4359.860,4352.130,4353.570,3786
2026-08-07T13:50:00.000Z,4353.730,4358.400,4352.440,4354.880,3380
2026-08-07T13:55:00.000Z,4354.800,4357.250,4342.010,4348.240,3866
2026-08-07T14:00:00.000Z,4348.300,4349.020,4333.570,4333.570,4037
2026-08-07T14:05:00.000Z,4333.730,4338.320,4330.740,4337.740,4146
2026-08-07T14:10:00.000Z,4337.760,4341.910,4327.550,4334.620,4093
2026-08-07T14:15:00.000Z,4334.490,4346.820,4330.570,4346.090,3970
2026-08-07T14:20:00.000Z,4346.050,4352.170,4343.850,4351.470,3830
2026-08-07T14:25:00.000Z,4351.540,4352.830,4348.000,4348.960,3575
2026-08-07T14:30:00.000Z,4349.300,4350.670,4343.990,4347.700,3494
2026-08-07T14:35:00.000Z,4347.780,4349.610,4342.940,4343.540,3417
2026-08-07T14:40:00.000Z,4343.600,4350.210,4342.510,4344.300,3148
2026-08-07T14:45:00.000Z,4344.410,4347.140,4340.440,4343.150,3133
2026-08-07T14:50:00.000Z,4343.210,4349.000,4343.130,4345.310,3220
2026-08-07T14:55:00.000Z,4345.350,4346.440,4340.480,4341.490,3249
2026-08-07T15:00:00.000Z,4341.540,4348.950,4340.400,4345.090,3479
2026-08-07T15:05:00.000Z,4345.110,4353.420,4344.620,4348.430,2915
2026-08-07T15:10:00.000Z,4348.910,4355.970,4346.620,4355.350,3085
2026-08-07T15:15:00.000Z,4355.320,4356.940,4352.310,4354.540,3004
2026-08-07T15:20:00.000Z,4354.500,4358.320,4354.460,4356.890,2763
2026-08-07T15:25:00.000Z,4356.900,4358.080,4351.070,4351.310,3016
2026-08-07T15:30:00.000Z,4351.280,4353.140,4347.130,4349.510,3251
2026-08-07T15:35:00.000Z,4349.480,4353.930,4348.910,4352.160,2731
2026-08-07T15:40:00.000Z,4352.150,4353.230,4348.810,4349.560,2740
2026-08-07T15:45:00.000Z,4349.550,4351.830,4348.670,4349.150,2350
2026-08-07T15:50:00.000Z,4349.180,4350.400,4339.760,4342.960,2866
2026-08-07T15:55:00.000Z,4342.890,4345.150,4340.620,4340.960,2918
2026-08-07T16:00:00.000Z,4341.190,4343.480,4338.450,4343.080,3059
2026-08-07T16:05:00.000Z,4343.090,4349.510,4343.090,4346.880,2589
2026-08-07T16:10:00.000Z,4346.960,4348.230,4343.600,4347.530,2423
2026-08-07T16:15:00.000Z,4347.470,4348.100,4342.350,4342.350,2567
2026-08-07T16:20:00.000Z,4342.130,4349.310,4337.790,4337.980,3212
2026-08-07T16:25:00.000Z,4337.960,4338.320,4334.390,4337.550,3169
2026-08-07T16:30:00.000Z,4337.250,4339.160,4332.680,4339.160,3354
2026-08-07T16:35:00.000Z,4339.210,4342.100,4336.570,4340.010,2649
2026-08-07T16:40:00.000Z,4339.970,4341.110,4337.020,4338.710,2412
2026-08-07T16:45:00.000Z,4338.720,4342.130,4335.790,4338.580,2828
2026-08-07T16:50:00.000Z,4338.460,4338.760,4332.540,4333.760,2725
2026-08-07T16:55:00.000Z,4333.740,4334.460,4329.170,4329.170,2752
2026-08-07T17:00:00.000Z,4329.190,4335.450,4327.250,4335.010,2640
2026-08-07T17:05:00.000Z,4335.000,4338.370,4334.830,4335.600,2526
2026-08-07T17:10:00.000Z,4335.570,4337.660,4334.990,4335.630,2147
2026-08-07T17:15:00.000Z,4335.540,4336.390,4333.850,4335.330,2185
2026-08-07T17:20:00.000Z,4335.310,4339.360,4334.220,4338.600,2394
2026-08-07T17:25:00.000Z,4338.640,4342.210,4337.020,4339.590,2771
2026-08-07T17:30:00.000Z,4339.540,4340.010,4334.110,4336.650,2684
2026-08-07T17:35:00.000Z,4336.620,4336.740,4329.890,4334.860,2440
2026-08-07T17:40:00.000Z,4334.910,4338.300,4334.820,4336.390,2150
2026-08-07T17:45:00.000Z,4336.340,4337.520,4334.980,4336.750,2044
2026-08-07T17:50:00.000Z,4336.850,4341.540,4336.840,4341.140,1984
2026-08-07T17:55:00.000Z,4341.150,4343.150,4339.920,4340.280,1861
2026-08-07T18:00:00.000Z,4340.170,4341.160,4339.090,4340.150,1790
2026-08-07T18:05:00.000Z,4340.180,4342.960,4339.930,4341.980,1716
2026-08-07T18:10:00.000Z,4341.990,4342.660,4334.910,4334.980,1686
2026-08-07T18:15:00.000Z,4335.070,4337.950,4335.030,4335.590,1621
2026-08-07T18:20:00.000Z,4335.600,4335.900,4331.960,4333.480,1882
2026-08-07T18:25:00.000Z,4333.460,4335.600,4332.240,4334.410,2017
2026-08-07T18:30:00.000Z,4334.530,4337.850,4333.740,4337.120,1558
2026-08-07T18:35:00.000Z,4337.260,4338.990,4336.860,4337.130,1382
2026-08-07T18:40:00.000Z,4337.140,4337.580,4333.470,4334.300,1362
2026-08-07T18:45:00.000Z,4334.320,4337.400,4334.070,4336.750,1413
2026-08-07T18:50:00.000Z,4336.820,4337.470,4334.070,4335.270,1228
2026-08-07T18:55:00.000Z,4335.370,4335.550,4333.070,4335.470,1293
2026-08-07T19:00:00.000Z,4335.320,4344.780,4335.320,4340.430,2658
2026-08-07T19:05:00.000Z,4340.410,4345.170,4340.110,4344.840,2114
2026-08-07T19:10:00.000Z,4344.860,4345.810,4343.400,4343.660,1917
2026-08-07T19:15:00.000Z,4343.650,4350.050,4343.120,4347.230,2266
2026-08-07T19:20:00.000Z,4347.160,4350.400,4347.150,4348.880,2448
2026-08-07T19:25:00.000Z,4348.870,4349.020,4347.150,4348.700,1985
2026-08-07T19:30:00.000Z,4348.670,4348.940,4345.170,4345.820,2173
2026-08-07T19:35:00.000Z,4345.790,4347.150,4344.370,4346.150,1853
2026-08-07T19:40:00.000Z,4346.440,4348.410,4344.710,4347.960,1769
2026-08-07T19:45:00.000Z,4347.970,4349.510,4347.260,4347.570,1812
2026-08-07T19:50:00.000Z,4347.590,4349.410,4342.370,4343.140,2219
2026-08-07T19:55:00.000Z,4343.120,4345.620,4340.190,4344.020,2794
2026-08-07T20:00:00.000Z,4343.660,4345.260,4342.700,4343.620,1409
2026-08-07T20:05:00.000Z,4343.630,4344.520,4341.640,4341.640,897
2026-08-07T20:10:00.000Z,4341.600,4342.630,4338.060,4342.470,1095
2026-08-07T20:15:00.000Z,4342.500,4342.910,4339.480,4339.670,897
2026-08-07T20:20:00.000Z,4339.640,4339.900,4338.840,4339.390,584
2026-08-07T20:25:00.000Z,4339.410,4340.140,4337.210,4337.810,964
2026-08-07T20:30:00.000Z,4337.800,4337.800,4335.970,4337.590,840
2026-08-07T20:35:00.000Z,4337.650,4341.210,4337.550,4340.950,972
2026-08-07T20:40:00.000Z,4340.880,4342.200,4340.280,4341.420,611
2026-08-07T20:45:00.000Z,4341.330,4341.550,4338.890,4339.840,597
2026-08-07T20:50:00.000Z,4339.790,4341.320,4339.730,4341.320,642
2026-08-07T20:55:00.000Z,4341.170,4343.020,4339.920,4341.870,1365
2026-08-09T22:00:00.000Z,4348.650,4350.480,4332.850,4340.310,1425
2026-08-09T22:05:00.000Z,4340.170,4340.170,4334.560,4339.240,1445
2026-08-09T22:10:00.000Z,4339.350,4346.240,4338.660,4343.710,1623
2026-08-09T22:15:00.000Z,4343.720,4344.880,4339.760,4340.010,1298
2026-08-09T22:20:00.000Z,4340.100,4340.640,4338.510,4339.360,1029
2026-08-09T22:25:00.000Z,4339.300,4344.040,4339.300,4343.790,1214
2026-08-09T22:30:00.000Z,4343.820,4345.260,4340.930,4342.520,1143
2026-08-09T22:35:00.000Z,4342.490,4343.040,4340.090,4341.440,741
2026-08-09T22:40:00.000Z,4341.480,4342.590,4340.420,4340.590,700
2026-08-09T22:45:00.000Z,4340.410,4344.220,4340.210,4343.680,746
2026-08-09T22:50:00.000Z,4343.700,4343.960,4342.160,4342.710,566
2026-08-09T22:55:00.000Z,4342.720,4342.720,4341.480,4341.640,359
2026-08-09T23:00:00.000Z,4341.670,4347.640,4341.200,4347.090,954
2026-08-09T23:05:00.000Z,4347.000,4347.610,4345.160,4346.300,1144
2026-08-09T23:10:00.000Z,4346.290,4347.570,4345.680,4346.610,618
2026-08-09T23:15:00.000Z,4346.620,4347.260,4344.110,4346.050,666
2026-08-09T23:20:00.000Z,4345.440,4349.040,4345.440,4348.140,673
2026-08-09T23:25:00.000Z,4348.120,4349.070,4346.330,4346.450,632
2026-08-09T23:30:00.000Z,4346.440,4347.490,4340.300,4341.560,1224
2026-08-09T23:35:00.000Z,4341.760,4342.970,4340.100,4342.860,894
2026-08-09T23:40:00.000Z,4342.840,4343.040,4341.350,4342.310,692
2026-08-09T23:45:00.000Z,4342.340,4343.360,4341.420,4342.130,999
2026-08-09T23:50:00.000Z,4342.100,4342.810,4340.430,4340.450,1016
2026-08-09T23:55:00.000Z,4340.490,4340.710,4332.200,4332.850,2140
2026-08-10T00:00:00.000Z,4332.930,4340.800,4332.710,4340.630,2536
2026-08-10T00:05:00.000Z,4340.600,4343.480,4339.680,4341.770,2307
2026-08-10T00:10:00.000Z,4341.810,4347.140,4339.920,4344.330,2310
2026-08-10T00:15:00.000Z,4344.360,4345.670,4339.300,4344.070,2393
2026-08-10T00:20:00.000Z,4343.790,4343.930,4339.370,4340.080,2094
2026-08-10T00:25:00.000Z,4340.070,4340.610,4337.360,4337.670,2032
2026-08-10T00:30:00.000Z,4337.660,4339.340,4335.490,4336.300,2131
2026-08-10T00:35:00.000Z,4336.330,4337.260,4333.710,4336.970,2181
2026-08-10T00:40:00.000Z,4336.910,4338.300,4333.800,4334.470,1671
2026-08-10T00:45:00.000Z,4334.540,4336.430,4333.610,4335.780,1647
2026-08-10T00:50:00.000Z,4335.770,4337.510,4333.730,4333.900,1903
2026-08-10T00:55:00.000Z,4333.930,4334.790,4330.840,4332.210,1993
2026-08-10T01:00:00.000Z,4332.200,4340.790,4327.210,4327.350,3825
2026-08-10T01:05:00.000Z,4327.580,4328.350,4322.540,4323.970,3449
2026-08-10T01:10:00.000Z,4323.950,4325.290,4322.240,4323.240,2710
2026-08-10T01:15:00.000Z,4323.260,4326.330,4321.850,4324.200,2525
2026-08-10T01:20:00.000Z,4324.330,4328.260,4321.670,4327.990,2472
2026-08-10T01:25:00.000Z,4328.190,4328.200,4316.580,4316.580,2047
2026-08-10T01:30:00.000Z,4316.530,4320.920,4313.960,4320.290,2894
2026-08-10T01:35:00.000Z,4320.330,4320.330,4316.050,4316.850,2649
2026-08-10T01:40:00.000Z,4316.810,4318.050,4313.500,4317.550,2602
2026-08-10T01:45:00.000Z,4317.540,4321.470,4316.210,4320.410,2500
2026-08-10T01:50:00.000Z,4320.280,4323.380,4319.030,4320.110,2555
2026-08-10T01:55:00.000Z,4320.100,4324.130,4317.800,4322.600,2210
2026-08-10T02:00:00.000Z,4322.610,4323.440,4319.990,4321.760,2383
2026-08-10T02:05:00.000Z,4321.750,4324.250,4318.920,4323.450,2265
2026-08-10T02:10:00.000Z,4323.380,4325.770,4321.570,4324.620,2000
2026-08-10T02:15:00.000Z,4324.580,4326.080,4323.540,4324.970,1424
2026-08-10T02:20:00.000Z,4324.930,4328.020,4324.290,4327.260,1515
2026-08-10T02:25:00.000Z,4327.100,4332.280,4326.530,4330.930,1264
2026-08-10T02:30:00.000Z,4330.880,4332.470,4324.710,4327.930,2215
2026-08-10T02:35:00.000Z,4327.920,4329.750,4324.880,4325.530,1814
2026-08-10T02:40:00.000Z,4325.590,4330.000,4323.190,4326.640,1816
2026-08-10T02:45:00.000Z,4326.590,4327.250,4321.430,4323.460,1990
2026-08-10T02:50:00.000Z,4323.370,4324.660,4319.470,4319.980,1412
2026-08-10T02:55:00.000Z,4320.000,4322.300,4318.850,4319.720,1442
2026-08-10T03:00:00.000Z,4319.670,4321.150,4318.210,4319.140,1529
2026-08-10T03:05:00.000Z,4319.100,4319.730,4317.680,4318.010,1310
2026-08-10T03:10:00.000Z,4317.820,4320.310,4317.820,4320.160,1231
2026-08-10T03:15:00.000Z,4320.030,4324.400,4319.660,4324.200,1438
2026-08-10T03:20:00.000Z,4324.090,4326.710,4323.450,4323.600,1598
2026-08-10T03:25:00.000Z,4323.670,4328.250,4323.670,4327.270,1722
2026-08-10T03:30:00.000Z,4327.200,4328.380,4325.780,4328.090,1519
2026-08-10T03:35:00.000Z,4328.100,4329.930,4325.930,4326.280,1367
2026-08-10T03:40:00.000Z,4326.350,4326.740,4324.900,4325.230,838
2026-08-10T03:45:00.000Z,4325.200,4327.540,4324.520,4326.830,896
2026-08-10T03:50:00.000Z,4326.830,4328.000,4326.320,4327.300,788
2026-08-10T03:55:00.000Z,4327.290,4327.870,4326.190,4326.690,711
2026-08-10T04:00:00.000Z,4326.740,4328.320,4323.280,4325.740,1161
2026-08-10T04:05:00.000Z,4325.800,4327.660,4323.470,4327.630,1387
2026-08-10T04:10:00.000Z,4327.650,4332.800,4327.650,4332.390,1491
2026-08-10T04:15:00.000Z,4332.400,4333.950,4330.900,4333.780,1323
2026-08-10T04:20:00.000Z,4333.790,4337.430,4333.350,4337.000,1239
2026-08-10T04:25:00.000Z,4336.970,4337.580,4334.040,4334.750,998
2026-08-10T04:30:00.000Z,4334.680,4336.360,4333.150,4334.620,1104
2026-08-10T04:35:00.000Z,4334.520,4336.290,4333.720,4333.910,901
2026-08-10T04:40:00.000Z,4333.860,4333.890,4329.790,4332.300,1215
2026-08-10T04:45:00.000Z,4332.290,4335.640,4332.040,4333.900,1354
2026-08-10T04:50:00.000Z,4333.900,4337.360,4333.440,4336.140,939
2026-08-10T04:55:00.000Z,4336.140,4339.630,4335.510,4339.580,1367
2026-08-10T05:00:00.000Z,4339.580,4339.810,4335.120,4337.230,1544
2026-08-10T05:05:00.000Z,4337.220,4339.130,4336.290,4336.290,928
2026-08-10T05:10:00.000Z,4336.430,4336.480,4333.520,4335.030,1145
2026-08-10T05:15:00.000Z,4335.060,4336.270,4332.810,4333.210,809
2026-08-10T05:20:00.000Z,4333.150,4336.510,4333.150,4335.060,801
2026-08-10T05:25:00.000Z,4335.040,4335.150,4333.500,4333.880,889
2026-08-10T05:30:00.000Z,4333.970,4341.150,4331.710,4340.380,2777
2026-08-10T05:35:00.000Z,4340.360,4341.910,4338.690,4341.340,2380
2026-08-10T05:40:00.000Z,4341.340,4344.370,4338.650,4343.560,1983
2026-08-10T05:45:00.000Z,4343.340,4347.170,4340.720,4345.770,2000
2026-08-10T05:50:00.000Z,4345.980,4352.210,4345.310,4348.480,2191
2026-08-10T05:55:00.000Z,4348.570,4349.580,4345.200,4347.350,1815
2026-08-10T06:00:00.000Z,4347.400,4347.540,4341.940,4342.710,2079
2026-08-10T06:05:00.000Z,4342.620,4346.750,4342.190,4346.290,1589
2026-08-10T06:10:00.000Z,4346.220,4350.150,4346.200,4347.290,1716
2026-08-10T06:15:00.000Z,4347.540,4349.750,4342.660,4343.110,2034
2026-08-10T06:20:00.000Z,4343.180,4345.650,4342.660,4345.650,1723
2026-08-10T06:25:00.000Z,4345.550,4348.380,4343.930,4348.330,1472
2026-08-10T06:30:00.000Z,4348.320,4349.420,4346.730,4348.000,1539
2026-08-10T06:35:00.000Z,4347.900,4349.660,4345.990,4348.640,1564
2026-08-10T06:40:00.000Z,4348.860,4355.710,4347.060,4355.220,1700
2026-08-10T06:45:00.000Z,4355.250,4358.400,4355.090,4356.860,1948
2026-08-10T06:50:00.000Z,4356.860,4357.660,4355.670,4357.560,1357
2026-08-10T06:55:00.000Z,4357.480,4359.760,4356.690,4358.160,1564
2026-08-10T07:00:00.000Z,4358.080,4358.840,4353.770,4354.660,1837
2026-08-10T07:05:00.000Z,4354.680,4357.070,4353.940,4353.980,1460
2026-08-10T07:10:00.000Z,4353.860,4354.580,4350.130,4351.150,1758
2026-08-10T07:15:00.000Z,4351.240,4356.930,4350.540,4354.650,1792
2026-08-10T07:20:00.000Z,4354.620,4358.940,4352.250,4358.270,1652
2026-08-10T07:25:00.000Z,4358.250,4358.860,4352.220,4355.160,1592
2026-08-10T07:30:00.000Z,4355.120,4355.220,4352.630,4353.390,1450
2026-08-10T07:35:00.000Z,4353.360,4359.850,4353.130,4358.760,1636
2026-08-10T07:40:00.000Z,4358.740,4359.920,4356.380,4359.400,1414
2026-08-10T07:45:00.000Z,4359.350,4362.000,4357.010,4357.250,1948
2026-08-10T07:50:00.000Z,4357.170,4358.460,4355.210,4355.540,1215
2026-08-10T07:55:00.000Z,4355.490,4356.270,4354.920,4355.510,1147
2026-08-10T08:00:00.000Z,4355.420,4356.370,4354.050,4355.550,1579
2026-08-10T08:05:00.000Z,4355.500,4356.030,4351.630,4352.500,1349
2026-08-10T08:10:00.000Z,4352.440,4354.520,4352.080,4354.330,957
2026-08-10T08:15:00.000Z,4354.690,4355.630,4353.260,4354.980,1159
2026-08-10T08:20:00.000Z,4355.030,4355.200,4352.700,4352.900,888
2026-08-10T08:25:00.000Z,4353.000,4356.360,4352.270,4355.700,1380
2026-08-10T08:30:00.000Z,4355.630,4356.690,4349.010,4350.450,1673
2026-08-10T08:35:00.000Z,4350.370,4351.380,4348.140,4348.330,1423
2026-08-10T08:40:00.000Z,4348.360,4349.800,4345.790,4346.360,1425
2026-08-10T08:45:00.000Z,4346.430,4349.060,4345.710,4346.350,1363
2026-08-10T08:50:00.000Z,4346.310,4348.270,4344.820,4346.230,1673
2026-08-10T08:55:00.000Z,4346.300,4348.370,4343.880,4346.630,1556
2026-08-10T09:00:00.000Z,4346.750,4348.860,4345.720,4348.360,1218
2026-08-10T09:05:00.000Z,4348.330,4349.000,4345.910,4347.860,1703
2026-08-10T09:10:00.000Z,4347.860,4350.060,4347.170,4349.700,1509
2026-08-10T09:15:00.000Z,4349.700,4349.720,4346.120,4347.420,1088
2026-08-10T09:20:00.000Z,4347.190,4348.510,4346.990,4348.160,808
2026-08-10T09:25:00.000Z,4348.020,4348.870,4344.910,4347.030,1204
2026-08-10T09:30:00.000Z,4346.830,4346.920,4341.880,4343.940,1862
2026-08-10T09:35:00.000Z,4343.960,4344.210,4340.450,4342.080,1440
2026-08-10T09:40:00.000Z,4342.070,4344.480,4342.060,4344.240,977
2026-08-10T09:45:00.000Z,4344.400,4345.500,4341.790,4342.490,1139
2026-08-10T09:50:00.000Z,4342.330,4342.750,4340.790,4342.310,895
2026-08-10T09:55:00.000Z,4342.400,4343.340,4341.210,4341.250,830
2026-08-10T10:00:00.000Z,4341.110,4341.410,4339.200,4340.500,1418
2026-08-10T10:05:00.000Z,4340.490,4341.550,4339.960,4340.300,1127
2026-08-10T10:10:00.000Z,4340.290,4340.950,4339.600,4340.770,1061
2026-08-10T10:15:00.000Z,4340.740,4341.570,4339.360,4341.380,1127
2026-08-10T10:20:00.000Z,4341.390,4344.110,4341.050,4343.220,1317
2026-08-10T10:25:00.000Z,4343.230,4343.770,4341.930,4343.660,874
2026-08-10T10:30:00.000Z,4343.600,4344.150,4340.460,4342.040,1372
2026-08-10T10:35:00.000Z,4342.100,4342.240,4338.200,4339.650,1484
2026-08-10T10:40:00.000Z,4339.740,4340.100,4337.860,4337.890,1160
2026-08-10T10:45:00.000Z,4337.910,4339.430,4337.590,4338.170,1063
2026-08-10T10:50:00.000Z,4338.180,4340.610,4337.610,4338.270,1131
2026-08-10T10:55:00.000Z,4338.320,4339.420,4335.490,4335.800,1493
2026-08-10T11:00:00.000Z,4335.800,4336.810,4334.560,4334.690,1717
2026-08-10T11:05:00.000Z,4334.680,4335.730,4333.320,4334.020,1541
2026-08-10T11:10:00.000Z,4334.000,4334.070,4329.330,4331.540,1681
2026-08-10T11:15:00.000Z,4331.210,4331.330,4328.950,4329.790,1427
2026-08-10T11:20:00.000Z,4329.750,4333.770,4328.990,4333.230,1533
2026-08-10T11:25:00.000Z,4333.190,4336.350,4333.000,4334.670,1409
2026-08-10T11:30:00.000Z,4334.640,4339.130,4334.510,4337.720,1427
2026-08-10T11:35:00.000Z,4337.700,4339.420,4335.500,4339.200,1449
2026-08-10T11:40:00.000Z,4339.100,4339.280,4336.420,4337.320,1405
2026-08-10T11:45:00.000Z,4337.310,4337.860,4332.040,4332.730,1447
2026-08-10T11:50:00.000Z,4332.740,4336.070,4332.220,4335.090,1336
2026-08-10T11:55:00.000Z,4335.100,4336.160,4333.410,4335.010,1319
2026-08-10T12:00:00.000Z,4334.880,4334.920,4332.450,4333.770,1517
2026-08-10T12:05:00.000Z,4333.700,4337.380,4332.050,4335.160,1726
2026-08-10T12:10:00.000Z,4335.200,4335.480,4331.140,4331.760,1604
2026-08-10T12:15:00.000Z,4331.770,4332.530,4328.320,4328.690,1686
2026-08-10T12:20:00.000Z,4329.320,4331.140,4326.340,4327.380,1994
2026-08-10T12:25:00.000Z,4327.490,4327.980,4324.190,4327.730,2033
2026-08-10T12:30:00.000Z,4327.680,4331.350,4326.320,4327.750,2287
2026-08-10T12:35:00.000Z,4327.640,4332.400,4326.500,4331.100,1941
2026-08-10T12:40:00.000Z,4331.280,4332.510,4329.040,4329.080,1565
2026-08-10T12:45:00.000Z,4329.070,4333.220,4328.850,4331.930,1469
2026-08-10T12:50:00.000Z,4331.840,4333.080,4329.790,4331.830,1322
2026-08-10T12:55:00.000Z,4331.790,4335.660,4330.600,4332.560,1838
2026-08-10T13:00:00.000Z,4332.340,4334.710,4326.040,4329.340,2808
2026-08-10T13:05:00.000Z,4329.330,4334.580,4328.440,4334.500,2094
2026-08-10T13:10:00.000Z,4334.460,4337.920,4333.850,4337.310,2193
2026-08-10T13:15:00.000Z,4337.410,4337.790,4334.280,4335.190,1851
2026-08-10T13:20:00.000Z,4334.550,4336.560,4329.280,4330.760,2039
2026-08-10T13:25:00.000Z,4330.730,4335.370,4330.300,4335.100,2128
2026-08-10T13:30:00.000Z,4335.210,4338.580,4332.010,4337.060,3389
2026-08-10T13:35:00.000Z,4337.010,4339.990,4336.350,4338.240,3470
2026-08-10T13:40:00.000Z,4338.190,4338.550,4330.090,4330.840,3346
2026-08-10T13:45:00.000Z,4330.870,4331.940,4325.120,4327.640,3500
2026-08-10T13:50:00.000Z,4327.580,4328.370,4321.070,4323.280,3321
2026-08-10T13:55:00.000Z,4323.320,4324.950,4316.750,4317.970,3189
2026-08-10T14:00:00.000Z,4318.120,4325.620,4317.980,4323.410,3004
2026-08-10T14:05:00.000Z,4323.430,4326.380,4321.830,4324.500,2772
2026-08-10T14:10:00.000Z,4324.530,4331.150,4324.530,4330.190,2561
2026-08-10T14:15:00.000Z,4330.280,4336.370,4328.310,4334.090,3097
2026-08-10T14:20:00.000Z,4334.250,4340.200,4332.520,4338.530,3140
2026-08-10T14:25:00.000Z,4338.670,4348.110,4338.390,4345.500,3304
2026-08-10T14:30:00.000Z,4345.470,4352.030,4345.390,4347.620,3161
2026-08-10T14:35:00.000Z,4347.640,4349.120,4344.790,4346.630,2638
2026-08-10T14:40:00.000Z,4346.570,4350.160,4346.190,4349.600,2686
2026-08-10T14:45:00.000Z,4349.610,4350.850,4346.160,4347.410,2681
2026-08-10T14:50:00.000Z,4347.280,4347.380,4342.770,4342.950,2603
2026-08-10T14:55:00.000Z,4342.890,4345.630,4342.650,4345.510,2568
2026-08-10T15:00:00.000Z,4345.660,4349.410,4343.430,4347.550,2856
2026-08-10T15:05:00.000Z,4347.540,4352.130,4343.360,4345.040,2897
2026-08-10T15:10:00.000Z,4345.140,4347.620,4343.740,4347.150,2535
2026-08-10T15:15:00.000Z,4347.080,4352.130,4346.150,4349.590,2636
2026-08-10T15:20:00.000Z,4349.600,4352.350,4349.090,4349.460,2269
2026-08-10T15:25:00.000Z,4349.540,4351.370,4347.330,4349.230,2421
2026-08-10T15:30:00.000Z,4349.310,4351.510,4347.950,4348.180,2536
2026-08-10T15:35:00.000Z,4348.180,4352.060,4348.130,4350.310,2325
2026-08-10T15:40:00.000Z,4350.370,4351.570,4349.520,4350.290,1850
2026-08-10T15:45:00.000Z,4350.270,4353.230,4348.640,4352.220,2342
2026-08-10T15:50:00.000Z,4352.170,4357.410,4352.110,4356.970,2680
2026-08-10T15:55:00.000Z,4357.050,4359.580,4356.390,4358.470,2220
2026-08-10T16:00:00.000Z,4358.460,4364.040,4357.910,4358.080,2941
2026-08-10T16:05:00.000Z,4358.160,4363.430,4356.820,4363.330,2687
2026-08-10T16:10:00.000Z,4362.950,4364.790,4361.260,4361.400,2458
2026-08-10T16:15:00.000Z,4361.450,4363.150,4360.990,4361.470,2033
2026-08-10T16:20:00.000Z,4361.450,4364.190,4361.450,4363.250,2056
2026-08-10T16:25:00.000Z,4363.260,4364.640,4361.550,4362.660,2026
2026-08-10T16:30:00.000Z,4362.760,4363.070,4349.980,4356.030,3220
2026-08-10T16:35:00.000Z,4356.350,4359.090,4354.410,4355.330,2278
2026-08-10T16:40:00.000Z,4355.310,4356.600,4351.040,4351.690,2639
2026-08-10T16:45:00.000Z,4351.710,4355.180,4351.640,4353.370,2198
2026-08-10T16:50:00.000Z,4353.420,4354.100,4352.130,4353.720,1986
2026-08-10T16:55:00.000Z,4353.710,4356.960,4352.240,4356.840,1980
2026-08-10T17:00:00.000Z,4356.880,4357.670,4354.300,4354.510,2237
2026-08-10T17:05:00.000Z,4354.450,4357.120,4351.470,4355.820,2026
2026-08-10T17:10:00.000Z,4355.830,4358.220,4355.290,4357.220,1654
2026-08-10T17:15:00.000Z,4357.100,4358.170,4356.440,4357.300,1681
2026-08-10T17:20:00.000Z,4357.310,4360.360,4357.220,4360.100,2017
2026-08-10T17:25:00.000Z,4360.110,4361.350,4358.670,4361.220,2038
2026-08-10T17:30:00.000Z,4360.960,4362.840,4359.670,4362.330,1652
2026-08-10T17:35:00.000Z,4362.400,4365.530,4362.300,4364.010,1989
2026-08-10T17:40:00.000Z,4363.960,4364.040,4359.570,4360.300,1758
2026-08-10T17:45:00.000Z,4360.310,4360.940,4357.790,4360.570,2078
2026-08-10T17:50:00.000Z,4360.580,4361.280,4358.860,4358.900,1755
2026-08-10T17:55:00.000Z,4358.940,4360.290,4357.760,4360.270,1929
2026-08-10T18:00:00.000Z,4360.250,4364.020,4359.960,4363.790,2289
2026-08-10T18:05:00.000Z,4363.770,4365.400,4363.190,4363.700,1861
2026-08-10T18:10:00.000Z,4363.690,4364.570,4362.970,4363.100,1655
2026-08-10T18:15:00.000Z,4363.150,4364.200,4361.420,4363.160,2106
2026-08-10T18:20:00.000Z,4363.180,4364.970,4362.360,4364.540,1773
2026-08-10T18:25:00.000Z,4364.710,4367.220,4364.670,4365.900,2088
2026-08-10T18:30:00.000Z,4365.880,4380.830,4365.230,4379.670,2739
2026-08-10T18:35:00.000Z,4379.660,4381.790,4377.510,4381.440,2247
2026-08-10T18:40:00.000Z,4381.480,4383.050,4379.570,4379.750,2280
2026-08-10T18:45:00.000Z,4379.730,4379.890,4373.230,4376.850,2349
2026-08-10T18:50:00.000Z,4376.840,4379.170,4375.060,4376.880,2076
2026-08-10T18:55:00.000Z,4376.890,4379.110,4376.330,4378.620,1941
2026-08-10T19:00:00.000Z,4378.490,4381.260,4378.490,4380.180,2190
2026-08-10T19:05:00.000Z,4380.170,4382.860,4380.000,4381.970,2129
2026-08-10T19:10:00.000Z,4382.040,4382.800,4380.710,4382.070,1927
2026-08-10T19:15:00.000Z,4382.120,4383.130,4381.350,4382.850,1986
2026-08-10T19:20:00.000Z,4382.860,4388.080,4382.630,4386.710,2590
2026-08-10T19:25:00.000Z,4386.730,4391.660,4386.220,4390.690,2809
2026-08-10T19:30:00.000Z,4390.830,4394.090,4386.050,4387.240,2833
2026-08-10T19:35:00.000Z,4387.250,4388.870,4384.000,4388.030,2600
2026-08-10T19:40:00.000Z,4388.010,4390.790,4387.150,4388.280,2382
2026-08-10T19:45:00.000Z,4388.300,4394.960,4387.410,4394.070,2182
2026-08-10T19:50:00.000Z,4393.890,4395.230,4391.330,4392.540,2924
2026-08-10T19:55:00.000Z,4392.380,4392.700,4387.300,4388.350,3014
2026-08-10T20:00:00.000Z,4388.350,4390.270,4387.980,4388.510,1191
2026-08-10T20:05:00.000Z,4388.500,4388.580,4385.870,4385.970,917
2026-08-10T20:10:00.000Z,4385.970,4390.670,4385.970,4389.330,926
2026-08-10T20:15:00.000Z,4389.450,4391.330,4389.340,4390.030,711
2026-08-10T20:20:00.000Z,4389.720,4390.030,4386.600,4388.570,986
2026-08-10T20:25:00.000Z,4388.570,4392.020,4388.450,4391.030,740
2026-08-10T20:30:00.000Z,4391.060,4392.050,4390.570,4391.080,665
2026-08-10T20:35:00.000Z,4391.070,4391.430,4390.090,4390.330,474
2026-08-10T20:40:00.000Z,4390.260,4391.400,4389.920,4389.930,540
2026-08-10T20:45:00.000Z,4389.830,4390.630,4388.850,4388.950,515
2026-08-10T20:50:00.000Z,4389.010,4390.640,4388.800,4389.380,625
2026-08-10T20:55:00.000Z,4389.400,4390.350,4388.630,4390.300,575
2026-08-10T22:00:00.000Z,4391.390,4391.880,4386.190,4389.760,1127
2026-08-10T22:05:00.000Z,4389.700,4391.700,4389.560,4391.290,986
2026-08-10T22:10:00.000Z,4391.320,4393.030,4390.660,4391.430,1034
2026-08-10T22:15:00.000Z,4391.350,4392.570,4391.040,4392.260,678
2026-08-10T22:20:00.000Z,4391.810,4393.220,4391.740,4392.820,643
2026-08-10T22:25:00.000Z,4392.840,4393.440,4391.910,4392.060,442
2026-08-10T22:30:00.000Z,4392.080,4393.490,4392.000,4393.450,691
2026-08-10T22:35:00.000Z,4393.400,4394.070,4392.930,4393.800,590
2026-08-10T22:40:00.000Z,4393.730,4396.070,4393.200,4395.210,785
2026-08-10T22:45:00.000Z,4395.190,4398.340,4395.190,4397.590,913
2026-08-10T22:50:00.000Z,4397.550,4399.740,4397.230,4399.640,743
2026-08-10T22:55:00.000Z,4399.630,4400.710,4398.750,4399.820,908
2026-08-10T23:00:00.000Z,4399.290,4401.810,4397.590,4398.790,1146
2026-08-10T23:05:00.000Z,4398.800,4402.040,4395.970,4396.540,1293
2026-08-10T23:10:00.000Z,4396.550,4397.460,4395.780,4397.410,757
2026-08-10T23:15:00.000Z,4397.360,4397.510,4394.700,4395.140,892
2026-08-10T23:20:00.000Z,4395.190,4396.080,4394.750,4394.870,576
2026-08-10T23:25:00.000Z,4394.920,4395.870,4394.710,4395.380,553
2026-08-10T23:30:00.000Z,4395.390,4396.300,4395.210,4395.680,793
2026-08-10T23:35:00.000Z,4395.610,4398.890,4395.440,4398.800,750
2026-08-10T23:40:00.000Z,4398.740,4398.930,4397.700,4398.780,888
2026-08-10T23:45:00.000Z,4398.930,4399.250,4396.950,4397.990,1271
2026-08-10T23:50:00.000Z,4397.970,4399.080,4396.510,4398.900,1325
2026-08-10T23:55:00.000Z,4398.920,4402.690,4398.620,4402.400,1577
2026-08-11T00:00:00.000Z,4402.420,4404.720,4396.480,4404.470,2611
2026-08-11T00:05:00.000Z,4404.400,4406.360,4402.890,4406.020,2036
2026-08-11T00:10:00.000Z,4406.040,4408.920,4403.860,4405.410,1899
2026-08-11T00:15:00.000Z,4405.450,4407.780,4404.520,4406.120,1628
2026-08-11T00:20:00.000Z,4406.130,4412.320,4405.650,4412.250,1815
2026-08-11T00:25:00.000Z,4412.170,4416.130,4411.850,4414.090,1885
2026-08-11T00:30:00.000Z,4414.080,4414.130,4411.390,4412.730,1409
2026-08-11T00:35:00.000Z,4412.770,4413.540,4408.800,4411.530,1433
2026-08-11T00:40:00.000Z,4411.600,4414.210,4407.530,4414.210,2046
2026-08-11T00:45:00.000Z,4414.160,4419.230,4410.000,4413.100,2186
2026-08-11T00:50:00.000Z,4412.830,4413.180,4409.700,4409.760,1427
2026-08-11T00:55:00.000Z,4409.940,4411.960,4408.410,4409.410,1384
2026-08-11T01:00:00.000Z,4409.400,4409.920,4393.760,4400.650,3801
2026-08-11T01:05:00.000Z,4400.580,4409.530,4398.900,4408.580,3133
2026-08-11T01:10:00.000Z,4408.560,4415.340,4408.560,4414.590,2724
2026-08-11T01:15:00.000Z,4414.560,4419.580,4412.680,4414.890,2760
2026-08-11T01:20:00.000Z,4414.910,4420.170,4413.860,4414.810,2455
2026-08-11T01:25:00.000Z,4414.800,4419.500,4413.710,4419.400,2590
2026-08-11T01:30:00.000Z,4419.410,4421.690,4418.350,4419.500,2352
2026-08-11T01:35:00.000Z,4419.510,4420.560,4416.490,4419.580,2587
2026-08-11T01:40:00.000Z,4419.580,4422.440,4415.130,4415.220,2733
2026-08-11T01:45:00.000Z,4415.340,4427.280,4414.550,4426.500,2675
2026-08-11T01:50:00.000Z,4426.480,4431.700,4425.260,4431.610,2258
2026-08-11T01:55:00.000Z,4431.590,4434.060,4429.190,4429.860,2262
2026-08-11T02:00:00.000Z,4429.620,4429.930,4423.580,4426.950,2384
2026-08-11T02:05:00.000Z,4426.940,4429.610,4421.770,4423.550,2104
2026-08-11T02:10:00.000Z,4423.650,4434.540,4422.990,4433.860,2080
2026-08-11T02:15:00.000Z,4433.880,4435.130,4431.790,4431.880,1384
2026-08-11T02:20:00.000Z,4431.850,4432.040,4426.180,4426.270,1470
2026-08-11T02:25:00.000Z,4426.130,4430.290,4426.040,4428.530,1432
2026-08-11T02:30:00.000Z,4428.300,4429.150,4424.120,4426.710,2327
2026-08-11T02:35:00.000Z,4426.790,4426.910,4413.770,4415.970,2703
2026-08-11T02:40:00.000Z,4415.920,4421.290,4415.830,4418.470,1998
2026-08-11T02:45:00.000Z,4418.370,4419.070,4414.990,4415.160,2057
2026-08-11T02:50:00.000Z,4415.140,4415.260,4409.400,4411.540,2201
2026-08-11T02:55:00.000Z,4411.540,4413.000,4408.090,4411.000,2048
2026-08-11T03:00:00.000Z,4410.960,4414.400,4410.290,4413.570,1775
2026-08-11T03:05:00.000Z,4413.510,4414.940,4409.880,4413.830,1633
2026-08-11T03:10:00.000Z,4413.800,4415.350,4412.360,4413.550,1438
2026-08-11T03:15:00.000Z,4413.560,4417.410,4412.970,4416.970,1502
2026-08-11T03:20:00.000Z,4416.680,4418.290,4414.540,4415.650,1355
2026-08-11T03:25:00.000Z,4415.550,4420.760,4415.420,4420.420,1449
2026-08-11T03:30:00.000Z,4420.350,4421.580,4418.620,4419.790,1109
2026-08-11T03:35:00.000Z,4419.870,4420.370,4418.390,4418.740,798
2026-08-11T03:40:00.000Z,4418.690,4419.850,4415.700,4416.080,894
2026-08-11T03:45:00.000Z,4416.470,4418.430,4414.240,4414.970,1321
2026-08-11T03:50:00.000Z,4414.960,4418.850,4414.240,4416.820,1037
2026-08-11T03:55:00.000Z,4416.990,4417.970,4416.310,4416.890,722
2026-08-11T04:00:00.000Z,4416.970,4419.660,4416.540,4417.650,1165
2026-08-11T04:05:00.000Z,4417.680,4418.480,4413.840,4413.850,986
2026-08-11T04:10:00.000Z,4413.820,4414.270,4412.160,4414.010,1176
2026-08-11T04:15:00.000Z,4414.130,4415.840,4412.610,4413.310,1038
2026-08-11T04:20:00.000Z,4413.320,4414.010,4410.040,4413.130,1060
2026-08-11T04:25:00.000Z,4413.190,4415.540,4410.940,4415.290,1119
2026-08-11T04:30:00.000Z,4415.330,4420.510,4411.080,4416.020,2168
2026-08-11T04:35:00.000Z,4416.020,4416.130,4410.670,4413.990,1724
2026-08-11T04:40:00.000Z,4413.970,4414.870,4408.350,4410.090,1449
2026-08-11T04:45:00.000Z,4410.110,4411.400,4407.100,4407.620,1329
2026-08-11T04:50:00.000Z,4407.850,4408.200,4405.760,4406.880,1457
2026-08-11T04:55:00.000Z,4406.900,4409.360,4403.460,4408.950,1317
2026-08-11T05:00:00.000Z,4408.920,4409.090,4404.870,4405.540,1053
2026-08-11T05:05:00.000Z,4405.530,4406.500,4402.690,4406.060,1360
2026-08-11T05:10:00.000Z,4406.240,4406.240,4399.520,4402.240,1157
2026-08-11T05:15:00.000Z,4402.140,4402.290,4398.020,4399.040,1352
2026-08-11T05:20:00.000Z,4399.010,4399.800,4396.330,4397.960,1492
2026-08-11T05:25:00.000Z,4397.950,4398.230,4390.960,4392.450,2005
2026-08-11T05:30:00.000Z,4392.350,4392.350,4372.700,4384.380,3858
2026-08-11T05:35:00.000Z,4384.470,4385.820,4377.420,4379.790,2858
2026-08-11T05:40:00.000Z,4379.850,4380.220,4373.730,4377.130,2855
2026-08-11T05:45:00.000Z,4377.140,4378.220,4372.130,4372.270,3010
2026-08-11T05:50:00.000Z,4372.280,4373.430,4368.280,4370.080,2949
2026-08-11T05:55:00.000Z,4370.280,4375.470,4367.510,4375.330,2633
2026-08-11T06:00:00.000Z,4375.380,4380.860,4371.750,4379.540,2624
2026-08-11T06:05:00.000Z,4379.480,4382.710,4378.240,4382.590,2058
2026-08-11T06:10:00.000Z,4382.520,4382.580,4372.840,4372.940,2549
2026-08-11T06:15:00.000Z,4372.900,4376.130,4369.610,4369.890,2704
2026-08-11T06:20:00.000Z,4369.900,4374.480,4367.570,4373.690,2610
2026-08-11T06:25:00.000Z,4373.660,4373.940,4362.110,4363.520,2810
2026-08-11T06:30:00.000Z,4363.490,4367.850,4360.010,4362.770,3155
2026-08-11T06:35:00.000Z,4362.780,4368.430,4360.920,4368.230,2602
2026-08-11T06:40:00.000Z,4368.220,4369.400,4363.320,4363.820,2150
2026-08-11T06:45:00.000Z,4363.860,4367.370,4362.870,4366.810,2057
2026-08-11T06:50:00.000Z,4366.800,4367.520,4360.790,4361.570,2199
2026-08-11T06:55:00.000Z,4361.730,4366.360,4359.890,4366.360,2056
2026-08-11T07:00:00.000Z,4366.340,4367.750,4361.720,4362.930,2261
2026-08-11T07:05:00.000Z,4362.960,4365.060,4361.370,4361.850,1963
2026-08-11T07:10:00.000Z,4361.810,4365.030,4361.340,4363.420,1619
2026-08-11T07:15:00.000Z,4363.370,4363.630,4357.820,4359.980,1862
2026-08-11T07:20:00.000Z,4359.990,4362.000,4357.740,4360.180,1708
2026-08-11T07:25:00.000Z,4360.090,4365.980,4359.540,4363.060,1691
2026-08-11T07:30:00.000Z,4363.200,4364.910,4358.560,4361.240,1977
2026-08-11T07:35:00.000Z,4361.170,4363.620,4359.200,4359.200,1573
2026-08-11T07:40:00.000Z,4359.030,4359.170,4356.880,4358.430,1651
2026-08-11T07:45:00.000Z,4358.780,4359.910,4357.540,4359.350,1436
2026-08-11T07:50:00.000Z,4359.310,4361.590,4357.870,4359.990,1582
2026-08-11T07:55:00.000Z,4359.820,4360.010,4356.770,4357.800,1427
2026-08-11T08:00:00.000Z,4357.690,4364.220,4357.060,4363.220,2096
2026-08-11T08:05:00.000Z,4363.150,4366.680,4362.550,4365.620,1731
2026-08-11T08:10:00.000Z,4365.500,4366.730,4364.020,4365.140,1500
2026-08-11T08:15:00.000Z,4365.130,4365.600,4360.210,4362.310,1744
2026-08-11T08:20:00.000Z,4362.090,4364.690,4358.950,4364.640,1784
2026-08-11T08:25:00.000Z,4364.600,4369.740,4363.910,4369.210,1790
2026-08-11T08:30:00.000Z,4369.060,4372.450,4368.690,4371.200,1927
2026-08-11T08:35:00.000Z,4370.970,4375.170,4370.870,4374.700,1612
2026-08-11T08:40:00.000Z,4374.620,4376.030,4374.190,4374.840,1266
2026-08-11T08:45:00.000Z,4374.850,4375.490,4372.510,4374.330,1489
2026-08-11T08:50:00.000Z,4374.300,4376.680,4371.220,4371.320,1742
2026-08-11T08:55:00.000Z,4371.280,4372.600,4369.160,4369.160,1455
2026-08-11T09:00:00.000Z,4369.190,4371.810,4367.570,4371.280,1724
2026-08-11T09:05:00.000Z,4371.500,4372.620,4370.390,4370.390,1257
2026-08-11T09:10:00.000Z,4370.430,4373.010,4370.330,4372.260,1158
2026-08-11T09:15:00.000Z,4372.250,4374.200,4371.190,4374.110,1388
2026-08-11T09:20:00.000Z,4373.940,4375.550,4370.680,4372.900,1969
2026-08-11T09:25:00.000Z,4372.890,4375.540,4370.720,4371.970,1855
2026-08-11T09:30:00.000Z,4371.940,4374.970,4370.270,4373.710,1817
2026-08-11T09:35:00.000Z,4373.700,4374.740,4371.940,4373.470,1280
2026-08-11T09:40:00.000Z,4373.510,4374.340,4370.550,4370.550,1400
2026-08-11T09:45:00.000Z,4370.550,4374.840,4370.400,4373.880,1253
2026-08-11T09:50:00.000Z,4373.870,4373.870,4371.300,4371.830,1086
2026-08-11T09:55:00.000Z,4371.840,4373.040,4371.160,4372.480,1253
2026-08-11T10:00:00.000Z,4372.570,4374.200,4371.240,4372.350,1534
2026-08-11T10:05:00.000Z,4372.330,4374.750,4371.580,4373.600,1451
2026-08-11T10:10:00.000Z,4373.590,4376.050,4373.110,4373.210,1318
2026-08-11T10:15:00.000Z,4373.190,4375.000,4372.450,4372.500,1332
2026-08-11T10:20:00.000Z,4372.500,4377.990,4372.470,4377.760,1642
2026-08-11T10:25:00.000Z,4377.750,4381.880,4376.660,4378.360,2433
2026-08-11T10:30:00.000Z,4378.320,4381.000,4378.010,4379.170,2020
2026-08-11T10:35:00.000Z,4379.150,4379.960,4377.750,4378.010,1348
2026-08-11T10:40:00.000Z,4377.990,4378.590,4377.010,4377.710,1371
2026-08-11T10:45:00.000Z,4377.700,4381.150,4377.610,4381.150,1505
2026-08-11T10:50:00.000Z,4381.160,4381.880,4380.290,4380.600,1410
2026-08-11T10:55:00.000Z,4380.580,4382.550,4378.960,4382.350,1530
2026-08-11T11:00:00.000Z,4382.390,4392.980,4380.460,4391.180,3614
2026-08-11T11:05:00.000Z,4391.250,4392.350,4388.800,4390.600,2760
2026-08-11T11:10:00.000Z,4390.760,4392.500,4387.850,4391.490,2326
2026-08-11T11:15:00.000Z,4391.650,4392.400,4388.330,4390.090,2258
2026-08-11T11:20:00.000Z,4390.170,4391.340,4385.690,4386.160,1865
2026-08-11T11:25:00.000Z,4386.280,4388.530,4385.230,4387.340,1892
2026-08-11T11:30:00.000Z,4387.720,4388.090,4385.400,4386.300,1690
2026-08-11T11:35:00.000Z,4386.290,4387.070,4383.510,4384.580,1738
2026-08-11T11:40:00.000Z,4384.590,4386.460,4383.100,4386.460,1745
2026-08-11T11:45:00.000Z,4386.230,4389.090,4385.600,4387.620,1847
2026-08-11T11:50:00.000Z,4387.630,4389.950,4384.990,4387.700,1809
2026-08-11T11:55:00.000Z,4387.440,4388.710,4385.770,4387.800,1511
2026-08-11T12:00:00.000Z,4387.790,4387.950,4383.990,4385.290,2043
2026-08-11T12:05:00.000Z,4385.300,4395.380,4385.100,4393.650,2254
2026-08-11T12:10:00.000Z,4393.630,4397.630,4391.710,4396.990,2359
2026-08-11T12:15:00.000Z,4397.010,4397.850,4392.970,4395.980,1992
2026-08-11T12:20:00.000Z,4395.970,4399.640,4387.940,4389.200,3061
2026-08-11T12:25:00.000Z,4389.220,4393.170,4387.640,4391.270,2394
2026-08-11T12:30:00.000Z,4391.600,4395.340,4388.840,4390.140,2381
2026-08-11T12:35:00.000Z,4390.140,4392.180,4388.970,4389.890,1883
2026-08-11T12:40:00.000Z,4390.010,4398.630,4389.840,4398.600,2043
2026-08-11T12:45:00.000Z,4398.610,4400.170,4395.400,4397.410,1887
2026-08-11T12:50:00.000Z,4397.360,4398.020,4392.990,4393.600,1712
2026-08-11T12:55:00.000Z,4393.610,4394.770,4392.190,4392.490,1702
2026-08-11T13:00:00.000Z,4392.470,4399.230,4391.920,4392.720,3208
2026-08-11T13:05:00.000Z,4392.820,4399.130,4392.580,4399.110,2486
2026-08-11T13:10:00.000Z,4399.630,4401.050,4393.880,4393.910,2380
2026-08-11T13:15:00.000Z,4393.550,4395.560,4389.570,4394.380,2755
2026-08-11T13:20:00.000Z,4394.380,4400.940,4394.330,4397.940,2533
2026-08-11T13:25:00.000Z,4397.950,4399.990,4395.920,4398.030,2302
2026-08-11T13:30:00.000Z,4398.280,4399.870,4390.130,4392.340,3540
2026-08-11T13:35:00.000Z,4392.400,4399.780,4389.050,4399.720,3394
2026-08-11T13:40:00.000Z,4399.850,4401.860,4398.350,4399.870,3362
2026-08-11T13:45:00.000Z,4399.970,4404.220,4392.780,4394.840,3519
2026-08-11T13:50:00.000Z,4394.950,4396.610,4384.540,4387.160,3624
2026-08-11T13:55:00.000Z,4387.150,4394.440,4386.770,4389.400,3256
2026-08-11T14:00:00.000Z,4389.390,4390.030,4381.380,4385.000,3497
2026-08-11T14:05:00.000Z,4385.050,4386.830,4382.730,4384.580,3113
2026-08-11T14:10:00.000Z,4384.560,4387.230,4382.210,4387.050,2947
2026-08-11T14:15:00.000Z,4387.180,4390.270,4382.890,4385.730,2961
2026-08-11T14:20:00.000Z,4385.610,4389.500,4381.690,4384.470,2910
2026-08-11T14:25:00.000Z,4384.400,4387.760,4382.050,4384.000,2829
2026-08-11T14:30:00.000Z,4384.270,4390.820,4384.260,4390.640,2996
2026-08-11T14:35:00.000Z,4390.630,4393.070,4389.300,4391.800,2989
2026-08-11T14:40:00.000Z,4391.770,4395.320,4390.820,4393.490,2614
2026-08-11T14:45:00.000Z,4393.490,4396.010,4392.730,4393.640,2307
2026-08-11T14:50:00.000Z,4393.650,4395.540,4391.840,4395.250,2387
2026-08-11T14:55:00.000Z,4395.320,4397.950,4392.860,4394.180,2585
2026-08-11T15:00:00.000Z,4394.320,4398.840,4393.110,4396.980,2659
2026-08-11T15:05:00.000Z,4396.980,4397.370,4389.980,4391.030,2551
2026-08-11T15:10:00.000Z,4390.850,4395.990,4389.260,4392.260,2473
2026-08-11T15:15:00.000Z,4392.180,4392.220,4382.160,4386.310,3054
2026-08-11T15:20:00.000Z,4386.380,4389.580,4383.480,4383.890,2643
2026-08-11T15:25:00.000Z,4384.000,4387.670,4382.040,4386.730,2416
2026-08-11T15:30:00.000Z,4386.690,4387.030,4376.580,4377.870,2903
2026-08-11T15:35:00.000Z,4377.840,4379.340,4371.680,4371.690,3262
2026-08-11T15:40:00.000Z,4371.630,4376.290,4369.180,4375.940,3105
2026-08-11T15:45:00.000Z,4375.970,4378.100,4375.020,4376.300,2534
2026-08-11T15:50:00.000Z,4376.240,4380.450,4375.490,4380.430,2308
2026-08-11T15:55:00.000Z,4380.490,4383.850,4379.780,4383.780,2275
2026-08-11T16:00:00.000Z,4383.840,4384.780,4380.430,4380.850,2425
2026-08-11T16:05:00.000Z,4380.890,4381.600,4378.700,4380.200,2097
2026-08-11T16:10:00.000Z,4380.260,4381.640,4378.730,4379.520,1970
2026-08-11T16:15:00.000Z,4379.590,4381.350,4378.500,4378.810,1860
2026-08-11T16:20:00.000Z,4378.660,4383.010,4378.540,4381.570,2120
2026-08-11T16:25:00.000Z,4381.560,4383.420,4380.590,4383.020,1812
2026-08-11T16:30:00.000Z,4383.030,4383.060,4379.280,4382.470,1781
2026-08-11T16:35:00.000Z,4382.480,4384.950,4382.320,4383.930,1422
2026-08-11T16:40:00.000Z,4383.940,4385.820,4383.030,4384.790,1459
2026-08-11T16:45:00.000Z,4384.800,4385.510,4382.160,4382.870,1615
2026-08-11T16:50:00.000Z,4382.880,4383.170,4381.090,4382.290,1753
2026-08-11T16:55:00.000Z,4382.210,4385.170,4381.830,4383.450,1907
2026-08-11T17:00:00.000Z,4383.450,4385.510,4382.410,4383.620,1661
2026-08-11T17:05:00.000Z,4383.630,4385.670,4381.680,4384.640,1776
2026-08-11T17:10:00.000Z,4384.620,4384.620,4380.940,4380.940,1918
2026-08-11T17:15:00.000Z,4381.030,4383.860,4380.140,4383.350,1735
2026-08-11T17:20:00.000Z,4383.300,4384.390,4379.830,4381.110,1902
2026-08-11T17:25:00.000Z,4381.090,4383.250,4378.940,4381.450,1980
2026-08-11T17:30:00.000Z,4381.750,4381.990,4376.200,4376.790,1884
2026-08-11T17:35:00.000Z,4376.740,4377.320,4374.270,4377.000,1745
2026-08-11T17:40:00.000Z,4376.970,4378.260,4376.210,4376.320,1671
2026-08-11T17:45:00.000Z,4376.220,4377.560,4374.990,4376.560,1384
2026-08-11T17:50:00.000Z,4376.570,4376.940,4372.920,4372.920,1164
2026-08-11T17:55:00.000Z,4372.960,4373.430,4369.040,4369.150,1809
2026-08-11T18:00:00.000Z,4369.090,4369.140,4363.890,4365.230,2668
2026-08-11T18:05:00.000Z,4365.220,4366.920,4361.080,4361.510,2581
2026-08-11T18:10:00.000Z,4361.500,4364.190,4360.320,4363.850,2218
2026-08-11T18:15:00.000Z,4363.820,4367.300,4363.650,4366.780,2292
2026-08-11T18:20:00.000Z,4366.770,4366.770,4362.080,4364.390,2264
2026-08-11T18:25:00.000Z,4364.420,4365.500,4360.480,4361.330,2159
2026-08-11T18:30:00.000Z,4361.500,4367.990,4361.190,4367.670,1946
2026-08-11T18:35:00.000Z,4367.660,4371.220,4367.480,4370.580,1829
2026-08-11T18:40:00.000Z,4370.470,4371.860,4368.910,4371.160,1561
2026-08-11T18:45:00.000Z,4371.180,4372.780,4370.910,4371.530,1614
2026-08-11T18:50:00.000Z,4371.530,4372.430,4371.490,4371.810,1253
2026-08-11T18:55:00.000Z,4371.760,4372.020,4370.140,4371.620,1386
2026-08-11T19:00:00.000Z,4371.630,4372.220,4366.870,4366.980,1577
2026-08-11T19:05:00.000Z,4367.010,4367.060,4363.470,4364.720,1946
2026-08-11T19:10:00.000Z,4364.750,4367.430,4363.490,4363.840,1678
2026-08-11T19:15:00.000Z,4363.850,4364.710,4361.330,4362.870,1731
2026-08-11T19:20:00.000Z,4362.890,4369.260,4362.150,4368.810,1745
2026-08-11T19:25:00.000Z,4368.790,4370.890,4367.020,4370.460,1716
2026-08-11T19:30:00.000Z,4370.550,4374.240,4370.500,4371.410,1961
2026-08-11T19:35:00.000Z,4371.470,4371.710,4368.470,4370.650,1657
2026-08-11T19:40:00.000Z,4370.660,4370.660,4366.510,4367.650,1431
2026-08-11T19:45:00.000Z,4367.700,4370.510,4366.670,4370.110,1571
2026-08-11T19:50:00.000Z,4370.130,4370.620,4366.340,4369.420,1825
2026-08-11T19:55:00.000Z,4369.190,4373.390,4369.190,4370.850,2296
2026-08-11T20:00:00.000Z,4371.010,4371.080,4368.580,4369.760,1125
2026-08-11T20:05:00.000Z,4369.920,4370.930,4369.020,4370.610,787
2026-08-11T20:10:00.000Z,4370.460,4371.130,4370.180,4370.400,476
2026-08-11T20:15:00.000Z,4370.380,4370.420,4367.910,4368.280,630
2026-08-11T20:20:00.000Z,4368.290,4369.960,4367.680,4369.950,454
2026-08-11T20:25:00.000Z,4369.940,4371.040,4369.300,4370.330,629
2026-08-11T20:30:00.000Z,4370.380,4370.540,4369.380,4369.850,533
2026-08-11T20:35:00.000Z,4369.840,4370.020,4368.960,4369.540,499
2026-08-11T20:40:00.000Z,4369.470,4369.470,4367.510,4367.610,483
2026-08-11T20:45:00.000Z,4367.460,4367.830,4367.200,4367.420,462
2026-08-11T20:50:00.000Z,4367.430,4367.910,4367.120,4367.760,480
2026-08-11T20:55:00.000Z,4367.810,4368.820,4367.650,4368.110,443
2026-08-11T22:00:00.000Z,4371.370,4373.430,4368.420,4372.840,1046
2026-08-11T22:05:00.000Z,4372.850,4374.650,4372.210,4374.510,901
2026-08-11T22:10:00.000Z,4374.400,4375.530,4373.850,4374.090,831
2026-08-11T22:15:00.000Z,4374.060,4375.370,4373.410,4374.870,1045
2026-08-11T22:20:00.000Z,4374.790,4376.680,4374.750,4376.150,1146
2026-08-11T22:25:00.000Z,4376.190,4377.190,4375.820,4376.690,906
2026-08-11T22:30:00.000Z,4376.680,4378.150,4376.440,4377.010,1149
2026-08-11T22:35:00.000Z,4377.020,4377.700,4376.200,4376.560,1118
2026-08-11T22:40:00.000Z,4376.570,4376.810,4375.290,4376.390,804
2026-08-11T22:45:00.000Z,4376.470,4378.500,4374.180,4375.080,1399
2026-08-11T22:50:00.000Z,4375.090,4375.590,4371.130,4374.100,1381
2026-08-11T22:55:00.000Z,4374.150,4374.840,4367.340,4369.120,1438
2026-08-11T23:00:00.000Z,4369.730,4369.730,4363.410,4364.750,1517
2026-08-11T23:05:00.000Z,4364.770,4369.880,4362.590,4364.790,1715
2026-08-11T23:10:00.000Z,4364.780,4369.780,4364.700,4366.670,1501
2026-08-11T23:15:00.000Z,4366.440,4372.160,4365.330,4371.110,1181
2026-08-11T23:20:00.000Z,4371.070,4374.620,4371.070,4372.830,1063
2026-08-11T23:25:00.000Z,4372.770,4374.020,4368.440,4372.830,1316
2026-08-11T23:30:00.000Z,4372.780,4372.900,4366.740,4368.620,1279
2026-08-11T23:35:00.000Z,4368.530,4368.820,4367.370,4367.800,519
2026-08-11T23:40:00.000Z,4367.660,4368.430,4367.550,4367.940,401
2026-08-11T23:45:00.000Z,4368.250,4370.520,4368.240,4368.900,656
2026-08-11T23:50:00.000Z,4368.920,4369.940,4368.390,4369.860,791
2026-08-11T23:55:00.000Z,4369.920,4371.880,4369.800,4371.560,733
2026-08-12T00:00:00.000Z,4371.450,4371.650,4366.510,4368.930,2107
2026-08-12T00:05:00.000Z,4368.920,4371.130,4367.950,4370.970,1601
2026-08-12T00:10:00.000Z,4370.930,4379.440,4370.390,4378.150,1704
2026-08-12T00:15:00.000Z,4378.020,4379.980,4374.200,4379.910,1929
2026-08-12T00:20:00.000Z,4379.740,4380.570,4377.740,4378.740,1455
2026-08-12T00:25:00.000Z,4378.840,4381.170,4377.910,4380.780,1516
2026-08-12T00:30:00.000Z,4380.800,4383.290,4379.370,4381.400,1618
2026-08-12T00:35:00.000Z,4381.340,4383.710,4380.880,4381.520,1172
2026-08-12T00:40:00.000Z,4381.540,4383.270,4381.170,4382.890,1171
2026-08-12T00:45:00.000Z,4382.850,4383.190,4381.050,4381.240,1144
2026-08-12T00:50:00.000Z,4381.320,4382.060,4378.120,4378.210,1193
2026-08-12T00:55:00.000Z,4378.190,4381.670,4377.690,4380.560,1422
2026-08-12T01:00:00.000Z,4380.930,4385.410,4378.370,4384.590,3153
2026-08-12T01:05:00.000Z,4384.550,4387.650,4382.460,4387.320,2462
2026-08-12T01:10:00.000Z,4387.300,4390.780,4386.790,4390.450,1881
2026-08-12T01:15:00.000Z,4390.600,4391.940,4386.720,4391.500,2149
2026-08-12T01:20:00.000Z,4391.550,4394.200,4389.390,4390.910,1911
2026-08-12T01:25:00.000Z,4390.890,4391.970,4389.980,4390.590,1442
2026-08-12T01:30:00.000Z,4390.620,4391.490,4386.150,4387.070,2166
2026-08-12T01:35:00.000Z,4387.260,4391.280,4385.330,4387.720,2231
2026-08-12T01:40:00.000Z,4387.720,4393.290,4387.220,4393.150,1979
2026-08-12T01:45:00.000Z,4393.260,4396.310,4391.210,4395.260,1874
2026-08-12T01:50:00.000Z,4395.170,4397.510,4395.040,4395.190,1976
2026-08-12T01:55:00.000Z,4395.410,4397.380,4393.440,4396.520,1776
2026-08-12T02:00:00.000Z,4396.580,4397.020,4394.280,4396.550,1573
2026-08-12T02:05:00.000Z,4396.580,4397.970,4395.350,4397.360,1578
2026-08-12T02:10:00.000Z,4397.340,4404.750,4397.260,4401.880,2052
2026-08-12T02:15:00.000Z,4401.790,4402.970,4399.490,4401.750,1471
2026-08-12T02:20:00.000Z,4401.700,4403.710,4400.850,4402.370,1441
2026-08-12T02:25:00.000Z,4402.360,4403.190,4401.150,4402.260,1103
2026-08-12T02:30:00.000Z,4402.330,4403.430,4398.080,4398.730,2220
2026-08-12T02:35:00.000Z,4398.780,4400.100,4397.890,4399.580,1637
2026-08-12T02:40:00.000Z,4399.770,4408.260,4399.380,4405.600,2522
2026-08-12T02:45:00.000Z,4405.560,4411.200,4405.400,4409.800,2155
2026-08-12T02:50:00.000Z,4409.840,4414.430,4409.600,4413.750,2099
2026-08-12T02:55:00.000Z,4413.710,4413.790,4411.180,4411.320,2031
2026-08-12T03:00:00.000Z,4411.400,4414.330,4408.910,4409.700,2219
2026-08-12T03:05:00.000Z,4409.710,4416.020,4408.630,4413.510,2301
2026-08-12T03:10:00.000Z,4413.610,4414.710,4410.680,4410.840,1879
2026-08-12T03:15:00.000Z,4410.740,4410.860,4406.520,4407.240,1846
2026-08-12T03:20:00.000Z,4407.090,4407.630,4404.440,4406.630,1716
2026-08-12T03:25:00.000Z,4406.580,4408.120,4406.070,4407.300,1659
2026-08-12T03:30:00.000Z,4407.290,4408.690,4404.960,4405.440,1354
2026-08-12T03:35:00.000Z,4405.430,4406.510,4403.720,4403.980,1124
2026-08-12T03:40:00.000Z,4404.000,4404.410,4401.400,4401.420,1376
2026-08-12T03:45:00.000Z,4401.370,4403.110,4401.260,4402.720,1201
2026-08-12T03:50:00.000Z,4402.730,4403.750,4400.810,4402.160,1134
2026-08-12T03:55:00.000Z,4402.150,4402.830,4401.190,4402.290,838
2026-08-12T04:00:00.000Z,4402.260,4403.210,4401.510,4403.130,779
2026-08-12T04:05:00.000Z,4403.100,4403.180,4399.720,4400.070,894
2026-08-12T04:10:00.000Z,4400.090,4400.250,4396.600,4397.420,1429
2026-08-12T04:15:00.000Z,4397.430,4397.440,4395.220,4396.300,1201
2026-08-12T04:20:00.000Z,4396.310,4398.430,4396.290,4397.670,910
2026-08-12T04:25:00.000Z,4397.840,4399.310,4397.480,4399.080,905
2026-08-12T04:30:00.000Z,4399.060,4399.460,4397.270,4399.100,768
2026-08-12T04:35:00.000Z,4399.100,4399.870,4398.050,4399.010,1056
2026-08-12T04:40:00.000Z,4399.120,4400.080,4395.370,4400.040,1297
2026-08-12T04:45:00.000Z,4400.010,4402.290,4399.510,4401.460,989
2026-08-12T04:50:00.000Z,4401.410,4401.800,4399.650,4399.800,946
2026-08-12T04:55:00.000Z,4399.680,4401.190,4399.270,4401.050,970
2026-08-12T05:00:00.000Z,4400.980,4402.270,4400.120,4401.530,959
2026-08-12T05:05:00.000Z,4401.610,4404.690,4400.940,4404.680,1122
2026-08-12T05:10:00.000Z,4404.550,4404.870,4400.730,4400.840,1076
2026-08-12T05:15:00.000Z,4400.770,4400.860,4397.110,4398.660,1206
2026-08-12T05:20:00.000Z,4398.660,4399.160,4392.460,4394.110,1528
2026-08-12T05:25:00.000Z,4394.110,4395.870,4392.650,4392.650,1142
2026-08-12T05:30:00.000Z,4392.650,4396.970,4389.210,4392.500,2630
2026-08-12T05:35:00.000Z,4392.340,4395.080,4390.800,4393.690,2057
2026-08-12T05:40:00.000Z,4393.800,4394.300,4388.060,4388.100,1778
2026-08-12T05:45:00.000Z,4388.090,4389.230,4385.170,4385.170,2080
2026-08-12T05:50:00.000Z,4385.290,4389.160,4384.060,4388.780,1532
2026-08-12T05:55:00.000Z,4388.770,4394.060,4388.390,4391.170,1936
2026-08-12T06:00:00.000Z,4391.160,4393.140,4387.540,4388.130,2013
2026-08-12T06:05:00.000Z,4388.100,4388.730,4385.320,4386.640,1789
2026-08-12T06:10:00.000Z,4386.630,4388.510,4385.260,4387.150,1679
2026-08-12T06:15:00.000Z,4387.140,4390.460,4385.760,4389.250,1656
2026-08-12T06:20:00.000Z,4389.300,4390.530,4387.940,4389.150,1507
2026-08-12T06:25:00.000Z,4389.220,4390.170,4387.150,4389.760,1584
2026-08-12T06:30:00.000Z,4389.780,4390.390,4388.470,4389.510,1573
2026-08-12T06:35:00.000Z,4389.770,4395.050,4388.760,4394.000,2268
2026-08-12T06:40:00.000Z,4393.900,4397.470,4393.610,4394.440,2010
2026-08-12T06:45:00.000Z,4394.410,4400.780,4394.330,4400.010,2136
2026-08-12T06:50:00.000Z,4400.130,4403.190,4399.650,4401.280,1889
2026-08-12T06:55:00.000Z,4401.310,4406.360,4401.260,4403.500,1953
2026-08-12T07:00:00.000Z,4403.490,4406.140,4401.210,4401.210,1822
2026-08-12T07:05:00.000Z,4401.260,4403.320,4400.960,4402.280,1422
2026-08-12T07:10:00.000Z,4402.480,4406.080,4401.390,4401.570,1298
2026-08-12T07:15:00.000Z,4401.430,4401.480,4398.700,4399.310,1402
2026-08-12T07:20:00.000Z,4399.220,4400.520,4398.230,4400.090,1047
2026-08-12T07:25:00.000Z,4400.240,4402.740,4399.660,4402.420,1261
2026-08-12T07:30:00.000Z,4402.430,4405.600,4401.350,4403.960,1034
2026-08-12T07:35:00.000Z,4404.010,4407.490,4403.450,4407.490,1340
2026-08-12T07:40:00.000Z,4407.530,4408.590,4405.870,4407.880,1269
2026-08-12T07:45:00.000Z,4407.840,4409.830,4406.010,4408.690,1254
2026-08-12T07:50:00.000Z,4408.610,4410.040,4407.680,4408.780,1107
2026-08-12T07:55:00.000Z,4408.810,4408.980,4404.800,4406.270,1201
2026-08-12T08:00:00.000Z,4406.260,4410.290,4405.880,4408.680,1454
2026-08-12T08:05:00.000Z,4408.720,4410.540,4407.370,4407.370,1251
2026-08-12T08:10:00.000Z,4407.480,4409.440,4407.360,4408.630,1111
2026-08-12T08:15:00.000Z,4408.510,4408.660,4406.530,4407.450,999
2026-08-12T08:20:00.000Z,4407.460,4409.440,4407.410,4408.310,1153
2026-08-12T08:25:00.000Z,4408.280,4408.540,4405.570,4407.030,1084
2026-08-12T08:30:00.000Z,4406.980,4407.560,4404.950,4405.680,1366
2026-08-12T08:35:00.000Z,4405.740,4406.530,4404.810,4405.990,1039
2026-08-12T08:40:00.000Z,4406.000,4406.310,4404.490,4406.100,863
2026-08-12T08:45:00.000Z,4406.100,4406.100,4402.820,4404.310,1037
2026-08-12T08:50:00.000Z,4404.250,4405.090,4403.190,4403.300,858
2026-08-12T08:55:00.000Z,4403.320,4403.500,4401.720,4401.870,994
2026-08-12T09:00:00.000Z,4401.930,4407.990,4401.900,4407.350,1259
2026-08-12T09:05:00.000Z,4407.370,4408.860,4406.770,4408.780,1154
2026-08-12T09:10:00.000Z,4408.720,4413.170,4407.940,4412.870,1549
2026-08-12T09:15:00.000Z,4413.090,4417.660,4412.410,4415.560,1717
2026-08-12T09:20:00.000Z,4415.560,4424.190,4413.420,4423.690,2442
2026-08-12T09:25:00.000Z,4423.680,4423.680,4413.020,4413.290,2630
2026-08-12T09:30:00.000Z,4413.200,4415.750,4411.880,4414.250,2157
2026-08-12T09:35:00.000Z,4414.360,4416.370,4412.460,4416.050,1660
2026-08-12T09:40:00.000Z,4415.970,4417.090,4413.210,4413.730,1270
2026-08-12T09:45:00.000Z,4413.920,4414.320,4412.450,4412.890,1306
2026-08-12T09:50:00.000Z,4413.110,4416.550,4410.860,4411.770,2018
2026-08-12T09:55:00.000Z,4411.830,4416.360,4411.430,4415.820,1487
2026-08-12T10:00:00.000Z,4415.880,4416.380,4414.630,4414.990,1156
2026-08-12T10:05:00.000Z,4415.010,4419.140,4415.010,4418.050,1540
2026-08-12T10:10:00.000Z,4418.030,4419.320,4417.140,4417.960,1312
2026-08-12T10:15:00.000Z,4418.340,4419.740,4417.550,4419.470,1253
2026-08-12T10:20:00.000Z,4419.420,4420.340,4418.710,4419.120,1264
2026-08-12T10:25:00.000Z,4419.120,4420.920,4418.020,4419.630,1338
2026-08-12T10:30:00.000Z,4419.550,4419.790,4416.690,4417.130,1341
2026-08-12T10:35:00.000Z,4417.120,4417.130,4412.890,4413.910,1257
2026-08-12T10:40:00.000Z,4413.910,4415.090,4413.330,4414.770,1227
2026-08-12T10:45:00.000Z,4414.760,4415.710,4406.910,4409.450,1704
2026-08-12T10:50:00.000Z,4409.440,4411.040,4408.110,4410.620,1981
2026-08-12T10:55:00.000Z,4410.750,4412.760,4409.850,4412.650,1384
2026-08-12T11:00:00.000Z,4412.740,4415.240,4410.920,4411.060,1639
2026-08-12T11:05:00.000Z,4411.060,4411.640,4409.380,4410.670,1264
2026-08-12T11:10:00.000Z,4410.660,4411.320,4407.890,4407.920,1286
2026-08-12T11:15:00.000Z,4407.950,4410.320,4407.880,4410.260,1028
2026-08-12T11:20:00.000Z,4410.240,4411.490,4409.900,4410.920,1020
2026-08-12T11:25:00.000Z,4410.850,4416.790,4410.240,4415.090,1684
2026-08-12T11:30:00.000Z,4415.070,4415.910,4412.970,4413.370,1289
2026-08-12T11:35:00.000Z,4413.240,4413.830,4410.260,4411.650,1170
2026-08-12T11:40:00.000Z,4411.690,4413.870,4411.600,4413.350,1062
2026-08-12T11:45:00.000Z,4413.300,4414.220,4412.650,4413.440,1160
2026-08-12T11:50:00.000Z,4413.430,4414.400,4412.620,4414.260,976
2026-08-12T11:55:00.000Z,4414.220,4415.450,4412.510,4412.820,1109
2026-08-12T12:00:00.000Z,4412.760,4413.120,4407.810,4408.690,1660
2026-08-12T12:05:00.000Z,4408.700,4409.300,4406.750,4407.340,1792
2026-08-12T12:10:00.000Z,4407.270,4409.430,4406.380,4408.770,1670
2026-08-12T12:15:00.000Z,4408.740,4409.130,4406.740,4408.320,1742
2026-08-12T12:20:00.000Z,4408.720,4409.760,4405.120,4406.810,2385
2026-08-12T12:25:00.000Z,4406.780,4427.560,4404.770,4427.560,2900
2026-08-12T12:30:00.000Z,4427.690,4432.220,4381.230,4425.220,4559
2026-08-12T12:35:00.000Z,4425.200,4430.130,4415.770,4429.420,4059
2026-08-12T12:40:00.000Z,4429.390,4438.210,4423.980,4428.630,4004
2026-08-12T12:45:00.000Z,4428.620,4428.630,4416.900,4421.730,3600
2026-08-12T12:50:00.000Z,4421.690,4428.810,4421.170,4427.740,3215
2026-08-12T12:55:00.000Z,4427.830,4438.140,4426.680,4437.460,3331
2026-08-12T13:00:00.000Z,4437.600,4441.340,4426.680,4432.280,4009
2026-08-12T13:05:00.000Z,4432.240,4434.480,4427.730,4430.210,3506
2026-08-12T13:10:00.000Z,4430.380,4430.680,4421.080,4422.010,3360
2026-08-12T13:15:00.000Z,4421.910,4428.980,4420.980,4424.290,3173
2026-08-12T13:20:00.000Z,4424.330,4427.630,4417.180,4417.340,3179
2026-08-12T13:25:00.000Z,4417.220,4419.470,4414.700,4418.530,3145
2026-08-12T13:30:00.000Z,4418.430,4420.930,4412.660,4413.870,3972
2026-08-12T13:35:00.000Z,4413.700,4419.720,4410.320,4411.810,4035
2026-08-12T13:40:00.000Z,4411.800,4420.250,4408.560,4416.670,3998
2026-08-12T13:45:00.000Z,4416.740,4428.200,4415.550,4427.760,3805
2026-08-12T13:50:00.000Z,4428.250,4434.110,4426.430,4432.460,3649
2026-08-12T13:55:00.000Z,4432.510,4433.030,4427.100,4427.710,3678
2026-08-12T14:00:00.000Z,4427.700,4429.140,4421.210,4426.830,3561
2026-08-12T14:05:00.000Z,4426.820,4430.060,4426.400,4429.700,3244
2026-08-12T14:10:00.000Z,4429.620,4434.920,4429.380,4431.970,3082
2026-08-12T14:15:00.000Z,4432.030,4437.600,4429.970,4436.430,3148
2026-08-12T14:20:00.000Z,4436.400,4439.700,4434.040,4436.540,3102
2026-08-12T14:25:00.000Z,4436.500,4437.300,4430.510,4431.610,3050
2026-08-12T14:30:00.000Z,4431.680,4436.130,4418.610,4420.630,3822
2026-08-12T14:35:00.000Z,4420.600,4423.190,4416.420,4418.320,3527
2026-08-12T14:40:00.000Z,4418.110,4425.500,4417.210,4425.080,3255
2026-08-12T14:45:00.000Z,4425.020,4432.490,4420.520,4422.370,3738
2026-08-12T14:50:00.000Z,4422.350,4424.390,4416.680,4422.700,3778
2026-08-12T14:55:00.000Z,4422.790,4424.190,4419.010,4422.110,3574
2026-08-12T15:00:00.000Z,4422.030,4423.570,4415.410,4416.150,3708
2026-08-12T15:05:00.000Z,4416.140,4423.370,4414.980,4421.660,3122
2026-08-12T15:10:00.000Z,4421.870,4430.090,4421.470,4426.620,2931
2026-08-12T15:15:00.000Z,4426.710,4427.070,4422.230,4424.420,2690
2026-08-12T15:20:00.000Z,4424.550,4428.100,4424.190,4426.400,2500
2026-08-12T15:25:00.000Z,4426.480,4426.540,4419.430,4421.500,2601
2026-08-12T15:30:00.000Z,4421.460,4425.370,4418.530,4419.020,2526
2026-08-12T15:35:00.000Z,4419.000,4421.120,4416.700,4420.870,2436
2026-08-12T15:40:00.000Z,4420.810,4421.950,4417.100,4418.150,2364
2026-08-12T15:45:00.000Z,4418.270,4418.490,4414.190,4415.850,2580
2026-08-12T15:50:00.000Z,4415.750,4416.730,4411.120,4416.640,2735
2026-08-12T15:55:00.000Z,4416.600,4422.360,4416.530,4421.070,2395
2026-08-12T16:00:00.000Z,4421.030,4425.750,4418.280,4420.530,2610
2026-08-12T16:05:00.000Z,4420.330,4422.160,4418.200,4419.540,2439
2026-08-12T16:10:00.000Z,4419.710,4424.190,4416.670,4423.450,2345
2026-08-12T16:15:00.000Z,4423.500,4426.180,4422.780,4425.380,2275
2026-08-12T16:20:00.000Z,4425.390,4426.500,4423.750,4426.240,2065
2026-08-12T16:25:00.000Z,4426.210,4426.390,4422.360,4423.260,1930
2026-08-12T16:30:00.000Z,4423.240,4423.930,4413.220,4413.220,2464
2026-08-12T16:35:00.000Z,4413.190,4416.030,4411.520,4414.030,2588
2026-08-12T16:40:00.000Z,4413.970,4415.700,4409.180,4410.910,2530
2026-08-12T16:45:00.000Z,4410.880,4411.260,4402.130,4402.570,2999
2026-08-12T16:50:00.000Z,4402.610,4406.210,4402.110,4405.400,2878
2026-08-12T16:55:00.000Z,4405.320,4405.320,4396.720,4401.690,2902
2026-08-12T17:00:00.000Z,4401.930,4405.500,4400.000,4403.110,2561
2026-08-12T17:05:00.000Z,4403.140,4407.600,4402.430,4406.680,2388
2026-08-12T17:10:00.000Z,4406.560,4406.700,4403.330,4403.710,1995
2026-08-12T17:15:00.000Z,4403.880,4404.300,4402.000,4403.300,2193
2026-08-12T17:20:00.000Z,4403.520,4409.910,4402.850,4407.700,2499
2026-08-12T17:25:00.000Z,4407.880,4408.910,4405.470,4406.460,2334
2026-08-12T17:30:00.000Z,4406.680,4410.730,4406.090,4410.490,1877
2026-08-12T17:35:00.000Z,4410.470,4411.530,4404.920,4405.760,1947
2026-08-12T17:40:00.000Z,4405.770,4405.810,4401.260,4402.040,2085
2026-08-12T17:45:00.000Z,4402.030,4404.000,4401.690,4403.270,1774
2026-08-12T17:50:00.000Z,4403.250,4405.590,4399.850,4400.230,1862
2026-08-12T17:55:00.000Z,4400.280,4401.710,4399.000,4399.430,1718
2026-08-12T18:00:00.000Z,4399.300,4399.490,4395.920,4398.970,1846
2026-08-12T18:05:00.000Z,4398.920,4404.140,4398.530,4404.140,1804
2026-08-12T18:10:00.000Z,4404.150,4406.570,4404.120,4405.840,1646
2026-08-12T18:15:00.000Z,4405.880,4408.310,4404.600,4408.120,1521
2026-08-12T18:20:00.000Z,4408.080,4410.740,4407.440,4410.700,1419
2026-08-12T18:25:00.000Z,4410.710,4411.200,4407.380,4408.520,1961
2026-08-12T18:30:00.000Z,4408.490,4413.130,4408.000,4412.370,1673
2026-08-12T18:35:00.000Z,4412.300,4412.980,4410.570,4411.080,1545
2026-08-12T18:40:00.000Z,4410.990,4413.650,4410.510,4413.620,1390
2026-08-12T18:45:00.000Z,4413.600,4417.900,4413.420,4417.340,1835
2026-08-12T18:50:00.000Z,4417.330,4417.330,4413.650,4413.880,1403
2026-08-12T18:55:00.000Z,4413.890,4414.190,4412.830,4413.080,1461
2026-08-12T19:00:00.000Z,4413.110,4417.020,4412.920,4416.670,1693
2026-08-12T19:05:00.000Z,4416.660,4418.370,4415.110,4416.030,1525
2026-08-12T19:10:00.000Z,4416.040,4416.840,4415.620,4416.420,1280
2026-08-12T19:15:00.000Z,4416.390,4417.990,4415.960,4417.520,1300
2026-08-12T19:20:00.000Z,4417.530,4417.600,4416.170,4416.490,1185
2026-08-12T19:25:00.000Z,4416.460,4417.350,4415.710,4416.630,1392
2026-08-12T19:30:00.000Z,4416.650,4416.690,4413.390,4413.800,1681
2026-08-12T19:35:00.000Z,4413.770,4414.260,4411.400,4411.830,1708
2026-08-12T19:40:00.000Z,4411.880,4413.430,4411.370,4413.260,1726
2026-08-12T19:45:00.000Z,4413.240,4413.560,4408.320,4409.730,1842
2026-08-12T19:50:00.000Z,4409.760,4413.180,4409.760,4411.470,1922
2026-08-12T19:55:00.000Z,4411.450,4414.110,4411.020,4413.970,2162
2026-08-12T20:00:00.000Z,4413.920,4414.210,4411.130,4411.230,1035
2026-08-12T20:05:00.000Z,4411.530,4412.160,4410.160,4410.650,720
2026-08-12T20:10:00.000Z,4410.670,4411.040,4408.800,4409.050,631
2026-08-12T20:15:00.000Z,4409.020,4409.940,4407.160,4407.190,801
2026-08-12T20:20:00.000Z,4407.250,4408.200,4406.690,4408.080,660
2026-08-12T20:25:00.000Z,4407.880,4408.810,4407.190,4407.850,564
2026-08-12T20:30:00.000Z,4407.870,4407.960,4406.910,4407.210,608
2026-08-12T20:35:00.000Z,4407.220,4408.770,4406.840,4408.170,678
2026-08-12T20:40:00.000Z,4408.110,4408.670,4407.330,4407.980,467
2026-08-12T20:45:00.000Z,4408.030,4408.690,4406.930,4408.320,524
2026-08-12T20:50:00.000Z,4408.330,4408.800,4406.660,4407.500,427
2026-08-12T20:55:00.000Z,4407.400,4408.900,4407.400,4408.520,540
2026-08-12T22:00:00.000Z,4410.690,4411.400,4405.490,4405.490,1094
2026-08-12T22:05:00.000Z,4405.630,4405.770,4402.740,4404.060,702
2026-08-12T22:10:00.000Z,4404.070,4404.170,4402.540,4403.220,690
2026-08-12T22:15:00.000Z,4403.190,4403.220,4401.740,4402.310,492
2026-08-12T22:20:00.000Z,4402.380,4402.960,4401.850,4402.350,449
2026-08-12T22:25:00.000Z,4402.360,4402.860,4398.330,4399.420,795
2026-08-12T22:30:00.000Z,4399.350,4401.920,4399.060,4400.370,757
2026-08-12T22:35:00.000Z,4400.440,4401.100,4398.840,4399.620,654
2026-08-12T22:40:00.000Z,4399.580,4400.570,4399.430,4400.120,503
2026-08-12T22:45:00.000Z,4400.070,4401.330,4399.900,4400.570,512
2026-08-12T22:50:00.000Z,4400.580,4402.140,4400.580,4402.080,351
2026-08-12T22:55:00.000Z,4402.110,4403.030,4401.720,4402.260,408
2026-08-12T23:00:00.000Z,4401.660,4404.470,4401.660,4403.800,667
2026-08-12T23:05:00.000Z,4403.760,4405.410,4403.230,4405.410,530
2026-08-12T23:10:00.000Z,4405.280,4405.940,4405.030,4405.690,573
2026-08-12T23:15:00.000Z,4405.700,4408.010,4405.670,4407.390,491
2026-08-12T23:20:00.000Z,4407.560,4408.480,4407.410,4408.320,384
2026-08-12T23:25:00.000Z,4408.520,4409.820,4407.590,4408.360,734
2026-08-12T23:30:00.000Z,4408.370,4410.440,4408.240,4408.840,555
2026-08-12T23:35:00.000Z,4408.880,4409.590,4407.950,4408.260,309
2026-08-12T23:40:00.000Z,4408.400,4409.190,4407.190,4408.580,396
2026-08-12T23:45:00.000Z,4408.690,4410.080,4408.310,4408.640,547
2026-08-12T23:50:00.000Z,4408.650,4411.180,4407.930,4411.170,646
2026-08-12T23:55:00.000Z,4411.170,4414.440,4410.860,4414.420,1049
2026-08-13T00:00:00.000Z,4414.550,4419.450,4412.980,4416.380,2230
2026-08-13T00:05:00.000Z,4416.370,4422.120,4415.520,4421.060,2003
2026-08-13T00:10:00.000Z,4421.040,4421.210,4418.650,4419.240,1505
2026-08-13T00:15:00.000Z,4419.120,4429.450,4419.100,4428.540,2126
2026-08-13T00:20:00.000Z,4428.600,4437.650,4428.310,4434.250,2104
2026-08-13T00:25:00.000Z,4434.260,4434.530,4426.970,4428.440,2032
2026-08-13T00:30:00.000Z,4428.360,4449.840,4424.590,4444.360,2568
2026-08-13T00:35:00.000Z,4444.260,4445.400,4437.190,4437.640,2567
2026-08-13T00:40:00.000Z,4437.650,4440.590,4437.330,4440.190,2220
2026-08-13T00:45:00.000Z,4440.190,4440.260,4429.520,4429.630,2193
2026-08-13T00:50:00.000Z,4429.770,4432.670,4428.890,4431.510,2110
2026-08-13T00:55:00.000Z,4431.540,4431.630,4424.150,4427.410,2436
2026-08-13T01:00:00.000Z,4427.810,4433.970,4422.730,4433.510,3703
2026-08-13T01:05:00.000Z,4433.440,4435.360,4430.940,4434.960,3031
2026-08-13T01:10:00.000Z,4434.930,4435.040,4428.850,4430.110,2532
2026-08-13T01:15:00.000Z,4430.140,4435.310,4426.910,4427.150,2347
2026-08-13T01:20:00.000Z,4427.170,4427.630,4419.100,4421.300,2335
2026-08-13T01:25:00.000Z,4421.220,4423.660,4419.210,4419.380,1935
2026-08-13T01:30:00.000Z,4419.310,4429.010,4419.030,4428.410,2528
2026-08-13T01:35:00.000Z,4428.470,4430.200,4424.320,4424.350,2398
2026-08-13T01:40:00.000Z,4424.060,4424.060,4417.790,4419.250,2141
2026-08-13T01:45:00.000Z,4419.190,4419.260,4410.520,4412.770,2843
2026-08-13T01:50:00.000Z,4412.760,4415.560,4409.470,4415.560,2480
2026-08-13T01:55:00.000Z,4415.510,4416.090,4406.260,4408.500,2045
2026-08-13T02:00:00.000Z,4408.500,4410.250,4405.780,4408.330,2245
2026-08-13T02:05:00.000Z,4408.240,4413.490,4405.530,4413.170,2355
2026-08-13T02:10:00.000Z,4413.060,4414.090,4410.250,4410.790,1884
2026-08-13T02:15:00.000Z,4410.750,4411.970,4410.090,4411.770,1267
2026-08-13T02:20:00.000Z,4412.000,4412.460,4405.870,4406.600,1383
2026-08-13T02:25:00.000Z,4406.610,4408.870,4406.240,4406.580,1130
2026-08-13T02:30:00.000Z,4406.570,4406.570,4400.470,4402.600,3003
2026-08-13T02:35:00.000Z,4402.650,4409.170,4398.940,4408.880,2504
2026-08-13T02:40:00.000Z,4408.900,4410.420,4406.320,4410.420,2092
2026-08-13T02:45:00.000Z,4410.450,4410.510,4407.360,4410.200,2081
2026-08-13T02:50:00.000Z,4410.190,4410.750,4405.600,4405.650,1638
2026-08-13T02:55:00.000Z,4405.710,4408.310,4405.670,4407.240,1393
2026-08-13T03:00:00.000Z,4407.060,4411.620,4406.960,4410.940,2040
2026-08-13T03:05:00.000Z,4411.070,4412.280,4407.900,4408.100,2020
2026-08-13T03:10:00.000Z,4408.120,4409.490,4404.210,4407.110,1896
2026-08-13T03:15:00.000Z,4407.100,4410.170,4405.680,4408.930,1812
2026-08-13T03:20:00.000Z,4408.920,4409.560,4407.150,4409.330,1558
2026-08-13T03:25:00.000Z,4409.320,4410.170,4407.740,4409.250,1658
2026-08-13T03:30:00.000Z,4409.370,4410.480,4409.090,4409.900,940
2026-08-13T03:35:00.000Z,4409.940,4410.530,4408.900,4409.280,953
2026-08-13T03:40:00.000Z,4409.260,4409.290,4405.440,4405.960,1162
2026-08-13T03:45:00.000Z,4406.290,4407.660,4405.140,4405.570,1173
2026-08-13T03:50:00.000Z,4405.540,4406.050,4402.510,4403.510,984
2026-08-13T03:55:00.000Z,4403.420,4403.450,4398.620,4400.290,1692
2026-08-13T04:00:00.000Z,4400.190,4400.430,4394.810,4396.120,2047
2026-08-13T04:05:00.000Z,4395.920,4397.440,4395.220,4396.010,1554
2026-08-13T04:10:00.000Z,4396.040,4396.110,4391.760,4394.540,1658
2026-08-13T04:15:00.000Z,4394.570,4395.900,4393.470,4394.760,1388
2026-08-13T04:20:00.000Z,4394.760,4397.850,4392.610,4397.650,1501
2026-08-13T04:25:00.000Z,4397.590,4399.200,4397.010,4398.280,1187
2026-08-13T04:30:00.000Z,4398.270,4399.590,4397.600,4398.790,1086
2026-08-13T04:35:00.000Z,4398.800,4399.410,4397.350,4397.630,1017
2026-08-13T04:40:00.000Z,4397.640,4399.300,4395.170,4395.840,1085
2026-08-13T04:45:00.000Z,4395.880,4398.840,4395.760,4395.770,1917
2026-08-13T04:50:00.000Z,4395.750,4397.690,4395.360,4396.640,1172
2026-08-13T04:55:00.000Z,4396.710,4398.540,4396.240,4397.810,1079
2026-08-13T05:00:00.000Z,4397.790,4397.840,4393.200,4394.820,2046
2026-08-13T05:05:00.000Z,4394.810,4397.800,4394.400,4396.780,1521
2026-08-13T05:10:00.000Z,4396.960,4404.750,4395.320,4404.530,2211
2026-08-13T05:15:00.000Z,4404.540,4405.670,4400.970,4401.700,1934
2026-08-13T05:20:00.000Z,4401.510,4403.740,4401.220,4403.010,1173
2026-08-13T05:25:00.000Z,4403.020,4407.320,4402.800,4406.470,1564
2026-08-13T05:30:00.000Z,4406.450,4407.090,4393.510,4397.570,3004
2026-08-13T05:35:00.000Z,4397.560,4399.990,4397.070,4399.880,2385
2026-08-13T05:40:00.000Z,4399.690,4400.930,4386.460,4387.730,2868
2026-08-13T05:45:00.000Z,4387.710,4389.290,4383.370,4387.220,2839
2026-08-13T05:50:00.000Z,4387.420,4389.350,4384.330,4384.630,2692
2026-08-13T05:55:00.000Z,4384.560,4386.200,4380.360,4383.000,2714
2026-08-13T06:00:00.000Z,4382.960,4385.600,4376.500,4378.180,2772
2026-08-13T06:05:00.000Z,4378.170,4379.850,4375.580,4379.310,2618
2026-08-13T06:10:00.000Z,4379.320,4380.640,4375.110,4376.000,2287
2026-08-13T06:15:00.000Z,4375.930,4378.600,4375.250,4375.480,1791
2026-08-13T06:20:00.000Z,4375.330,4378.620,4374.280,4378.620,1895
2026-08-13T06:25:00.000Z,4378.610,4378.810,4374.540,4376.070,2167
2026-08-13T06:30:00.000Z,4376.110,4378.590,4370.080,4372.090,2617
2026-08-13T06:35:00.000Z,4372.090,4372.700,4369.020,4371.400,2278
2026-08-13T06:40:00.000Z,4371.760,4374.710,4371.540,4374.190,2150
2026-08-13T06:45:00.000Z,4374.200,4379.180,4374.090,4378.670,2150
2026-08-13T06:50:00.000Z,4378.560,4380.410,4378.380,4380.120,2050
2026-08-13T06:55:00.000Z,4380.200,4381.620,4379.600,4380.990,2018
2026-08-13T07:00:00.000Z,4380.770,4381.720,4378.380,4379.690,2304
2026-08-13T07:05:00.000Z,4379.940,4380.680,4377.480,4378.290,1778
2026-08-13T07:10:00.000Z,4378.280,4378.920,4375.090,4376.840,1830
2026-08-13T07:15:00.000Z,4376.850,4377.690,4373.980,4374.000,1720
2026-08-13T07:20:00.000Z,4374.050,4376.850,4373.830,4376.510,1733
2026-08-13T07:25:00.000Z,4376.700,4377.330,4374.680,4376.450,1896
2026-08-13T07:30:00.000Z,4376.310,4377.330,4372.170,4373.760,1976
2026-08-13T07:35:00.000Z,4373.570,4376.680,4372.590,4374.540,1574
2026-08-13T07:40:00.000Z,4374.550,4378.760,4373.930,4378.510,1586
2026-08-13T07:45:00.000Z,4378.620,4378.780,4371.230,4371.790,2019
2026-08-13T07:50:00.000Z,4371.880,4373.670,4370.000,4373.030,1718
2026-08-13T07:55:00.000Z,4372.960,4373.150,4369.330,4370.000,1764
2026-08-13T08:00:00.000Z,4369.580,4370.570,4365.900,4367.130,2360
2026-08-13T08:05:00.000Z,4367.160,4369.720,4365.860,4365.860,1884
2026-08-13T08:10:00.000Z,4365.850,4367.920,4364.060,4366.030,2318
2026-08-13T08:15:00.000Z,4366.020,4367.970,4365.370,4365.480,1771
2026-08-13T08:20:00.000Z,4365.490,4370.670,4365.040,4369.970,1936
2026-08-13T08:25:00.000Z,4370.010,4373.520,4369.670,4372.800,1980
2026-08-13T08:30:00.000Z,4372.690,4375.810,4371.920,4374.660,1767
2026-08-13T08:35:00.000Z,4374.680,4375.760,4373.530,4373.660,1546
2026-08-13T08:40:00.000Z,4373.580,4375.440,4373.450,4373.690,1162
2026-08-13T08:45:00.000Z,4373.650,4379.120,4373.530,4378.580,1609
2026-08-13T08:50:00.000Z,4378.530,4379.390,4375.080,4376.260,1378
2026-08-13T08:55:00.000Z,4376.260,4377.180,4375.100,4375.920,1012
2026-08-13T09:00:00.000Z,4375.910,4376.880,4373.550,4374.170,1485
2026-08-13T09:05:00.000Z,4374.230,4378.020,4372.530,4377.050,1676
2026-08-13T09:10:00.000Z,4376.680,4378.440,4376.510,4376.940,1468
2026-08-13T09:15:00.000Z,4376.880,4380.940,4376.270,4380.550,1568
2026-08-13T09:20:00.000Z,4380.390,4382.070,4378.160,4378.660,1386
2026-08-13T09:25:00.000Z,4378.630,4382.340,4378.630,4379.990,1684
2026-08-13T09:30:00.000Z,4379.940,4381.400,4379.770,4380.830,1339
2026-08-13T09:35:00.000Z,4380.820,4381.790,4380.280,4381.090,989
2026-08-13T09:40:00.000Z,4380.990,4381.690,4378.830,4380.100,1194
2026-08-13T09:45:00.000Z,4380.110,4380.780,4378.550,4379.600,852
2026-08-13T09:50:00.000Z,4379.660,4381.150,4378.970,4380.410,975
2026-08-13T09:55:00.000Z,4380.670,4384.860,4380.080,4384.590,1580
2026-08-13T10:00:00.000Z,4384.740,4385.330,4383.410,4384.520,1296
2026-08-13T10:05:00.000Z,4384.550,4385.340,4383.850,4384.170,1062
2026-08-13T10:10:00.000Z,4384.100,4384.760,4381.430,4381.560,1069
2026-08-13T10:15:00.000Z,4381.590,4385.910,4381.590,4385.200,1061
2026-08-13T10:20:00.000Z,4385.200,4386.530,4383.910,4384.760,1140
2026-08-13T10:25:00.000Z,4384.720,4387.650,4384.680,4387.170,1182
2026-08-13T10:30:00.000Z,4387.140,4387.880,4384.670,4385.360,1014
2026-08-13T10:35:00.000Z,4385.370,4389.120,4385.370,4388.690,856
2026-08-13T10:40:00.000Z,4388.580,4390.590,4388.010,4390.540,930
2026-08-13T10:45:00.000Z,4390.550,4390.570,4388.330,4390.310,960
2026-08-13T10:50:00.000Z,4390.440,4393.840,4390.230,4392.610,1220
2026-08-13T10:55:00.000Z,4392.620,4392.880,4391.130,4392.230,1111
2026-08-13T11:00:00.000Z,4392.240,4393.060,4388.570,4389.330,1566
2026-08-13T11:05:00.000Z,4389.320,4391.750,4389.100,4390.820,807
2026-08-13T11:10:00.000Z,4390.750,4394.390,4390.330,4394.270,1029
2026-08-13T11:15:00.000Z,4394.290,4396.620,4392.670,4393.410,1378
2026-08-13T11:20:00.000Z,4393.360,4394.340,4391.300,4392.600,1266
2026-08-13T11:25:00.000Z,4392.840,4393.200,4388.100,4388.100,1481
2026-08-13T11:30:00.000Z,4388.100,4389.360,4386.760,4388.540,1440
2026-08-13T11:35:00.000Z,4388.300,4389.850,4387.910,4389.160,1270
2026-08-13T11:40:00.000Z,4389.150,4389.150,4383.750,4384.100,1736
2026-08-13T11:45:00.000Z,4384.070,4385.870,4383.110,4384.680,1438
2026-08-13T11:50:00.000Z,4384.660,4385.330,4382.930,4384.520,1397
2026-08-13T11:55:00.000Z,4385.060,4388.060,4383.210,4387.670,1604
2026-08-13T12:00:00.000Z,4387.520,4388.090,4385.670,4387.100,1898
2026-08-13T12:05:00.000Z,4387.280,4391.680,4385.970,4390.900,1974
2026-08-13T12:10:00.000Z,4390.890,4390.890,4388.130,4389.120,2019
2026-08-13T12:15:00.000Z,4389.100,4389.600,4384.760,4386.510,1906
2026-08-13T12:20:00.000Z,4386.450,4389.910,4384.470,4385.700,2106
2026-08-13T12:25:00.000Z,4385.680,4392.870,4384.190,4391.040,1727
2026-08-13T12:30:00.000Z,4391.130,4401.200,4380.740,4391.940,3545
2026-08-13T12:35:00.000Z,4391.990,4392.570,4386.480,4390.250,2779
2026-08-13T12:40:00.000Z,4390.060,4394.160,4386.000,4392.180,2646
2026-08-13T12:45:00.000Z,4392.160,4397.350,4391.780,4394.860,2390
2026-08-13T12:50:00.000Z,4395.050,4396.890,4392.820,4394.810,2310
2026-08-13T12:55:00.000Z,4394.810,4401.970,4392.950,4401.880,2567
2026-08-13T13:00:00.000Z,4402.020,4402.020,4391.680,4394.040,3359
2026-08-13T13:05:00.000Z,4394.100,4398.060,4392.220,4393.450,3003
2026-08-13T13:10:00.000Z,4393.480,4394.780,4391.130,4393.940,2665
2026-08-13T13:15:00.000Z,4393.980,4395.340,4390.740,4392.350,2427
2026-08-13T13:20:00.000Z,4392.330,4395.230,4388.720,4388.810,2621
2026-08-13T13:25:00.000Z,4388.410,4390.070,4384.030,4385.210,2937
2026-08-13T13:30:00.000Z,4385.240,4389.850,4377.230,4378.920,3829
2026-08-13T13:35:00.000Z,4378.830,4382.750,4375.350,4382.650,3654
2026-08-13T13:40:00.000Z,4382.430,4384.080,4376.640,4379.560,3308
2026-08-13T13:45:00.000Z,4379.530,4382.900,4375.900,4377.600,3437
2026-08-13T13:50:00.000Z,4377.720,4378.440,4370.770,4376.140,3472
2026-08-13T13:55:00.000Z,4376.340,4378.360,4372.110,4372.820,3490
2026-08-13T14:00:00.000Z,4372.800,4378.850,4370.040,4373.220,3721
2026-08-13T14:05:00.000Z,4373.490,4378.880,4368.460,4369.430,3645
2026-08-13T14:10:00.000Z,4369.400,4371.950,4366.720,4370.800,3501
2026-08-13T14:15:00.000Z,4370.930,4378.190,4369.130,4375.680,3682
2026-08-13T14:20:00.000Z,4375.710,4377.960,4370.840,4374.420,3472
2026-08-13T14:25:00.000Z,4374.600,4376.260,4367.680,4367.740,3288
2026-08-13T14:30:00.000Z,4367.670,4376.450,4356.840,4374.940,3722
2026-08-13T14:35:00.000Z,4374.760,4378.090,4372.140,4377.700,3132
2026-08-13T14:40:00.000Z,4377.670,4381.810,4376.730,4381.260,2899
2026-08-13T14:45:00.000Z,4381.230,4386.780,4381.230,4384.900,2987
2026-08-13T14:50:00.000Z,4384.790,4387.000,4382.670,4384.110,2649
2026-08-13T14:55:00.000Z,4384.040,4386.930,4383.220,4383.730,2606
2026-08-13T15:00:00.000Z,4383.880,4385.700,4378.070,4378.180,2787
2026-08-13T15:05:00.000Z,4378.210,4378.300,4369.140,4371.110,2889
2026-08-13T15:10:00.000Z,4371.070,4371.990,4368.300,4369.690,3013
2026-08-13T15:15:00.000Z,4369.540,4370.480,4363.450,4367.950,2956
2026-08-13T15:20:00.000Z,4367.930,4372.240,4366.470,4371.400,2760
2026-08-13T15:25:00.000Z,4371.430,4373.960,4363.670,4365.220,3060
2026-08-13T15:30:00.000Z,4365.200,4365.300,4357.650,4360.560,3436
2026-08-13T15:35:00.000Z,4360.680,4371.480,4360.420,4369.120,2755
2026-08-13T15:40:00.000Z,4369.100,4371.580,4368.060,4368.390,2525
2026-08-13T15:45:00.000Z,4368.430,4370.880,4368.300,4369.290,2139
2026-08-13T15:50:00.000Z,4369.250,4370.120,4365.640,4365.980,2123
2026-08-13T15:55:00.000Z,4366.090,4368.150,4363.510,4365.180,2171
2026-08-13T16:00:00.000Z,4365.230,4367.450,4362.760,4363.440,2398
2026-08-13T16:05:00.000Z,4363.430,4363.580,4358.610,4358.680,2300
2026-08-13T16:10:00.000Z,4358.600,4360.220,4354.020,4355.200,2844
2026-08-13T16:15:00.000Z,4355.170,4355.590,4351.500,4351.560,3055
2026-08-13T16:20:00.000Z,4351.570,4358.250,4351.400,4358.200,2810
2026-08-13T16:25:00.000Z,4358.110,4362.880,4356.800,4362.610,2538
2026-08-13T16:30:00.000Z,4362.600,4366.590,4362.580,4366.590,2336
2026-08-13T16:35:00.000Z,4366.620,4366.750,4363.040,4363.880,2112
2026-08-13T16:40:00.000Z,4363.750,4367.160,4363.370,4365.740,1900
2026-08-13T16:45:00.000Z,4365.790,4367.580,4365.750,4366.110,1778
2026-08-13T16:50:00.000Z,4366.210,4366.730,4364.160,4365.420,1739
2026-08-13T16:55:00.000Z,4365.410,4368.400,4365.340,4367.110,1772
2026-08-13T17:00:00.000Z,4367.140,4369.340,4365.250,4366.310,1908
2026-08-13T17:05:00.000Z,4366.330,4372.600,4366.330,4372.010,2229
2026-08-13T17:10:00.000Z,4372.030,4373.390,4371.030,4371.430,1900
2026-08-13T17:15:00.000Z,4371.480,4371.850,4366.210,4367.590,2291
2026-08-13T17:20:00.000Z,4367.610,4369.330,4367.140,4368.050,2229
2026-08-13T17:25:00.000Z,4368.020,4369.120,4362.430,4363.140,2384
2026-08-13T17:30:00.000Z,4363.140,4364.410,4360.040,4361.180,2116
2026-08-13T17:35:00.000Z,4361.180,4362.420,4359.840,4361.560,2112
2026-08-13T17:40:00.000Z,4361.540,4362.190,4355.670,4357.250,2255
2026-08-13T17:45:00.000Z,4357.270,4359.870,4357.260,4359.330,1977
2026-08-13T17:50:00.000Z,4359.360,4360.050,4357.380,4357.880,1929
2026-08-13T17:55:00.000Z,4357.730,4358.240,4355.750,4356.020,1781
2026-08-13T18:00:00.000Z,4356.050,4359.980,4355.930,4358.590,2371
2026-08-13T18:05:00.000Z,4358.580,4360.030,4357.340,4359.530,1932
2026-08-13T18:10:00.000Z,4359.490,4362.740,4358.120,4361.990,1980
2026-08-13T18:15:00.000Z,4361.990,4363.620,4360.840,4363.130,1777
2026-08-13T18:20:00.000Z,4363.130,4363.190,4356.140,4357.250,1915
2026-08-13T18:25:00.000Z,4357.270,4358.200,4354.760,4357.590,2128
2026-08-13T18:30:00.000Z,4357.660,4359.420,4356.410,4358.440,1843
2026-08-13T18:35:00.000Z,4358.470,4359.960,4357.660,4359.530,1684
2026-08-13T18:40:00.000Z,4359.470,4360.330,4357.420,4357.940,1618
2026-08-13T18:45:00.000Z,4357.970,4358.240,4356.570,4357.190,1463
2026-08-13T18:50:00.000Z,4357.270,4357.630,4354.720,4356.810,1790
2026-08-13T18:55:00.000Z,4356.980,4357.800,4356.650,4357.010,1353
2026-08-13T19:00:00.000Z,4357.120,4358.910,4356.130,4358.210,1557
2026-08-13T19:05:00.000Z,4358.210,4358.350,4353.050,4353.620,1695
2026-08-13T19:10:00.000Z,4353.550,4353.740,4346.300,4346.920,2087
2026-08-13T19:15:00.000Z,4346.760,4348.580,4343.710,4347.850,2409
2026-08-13T19:20:00.000Z,4347.860,4349.340,4346.510,4348.880,1807
2026-08-13T19:25:00.000Z,4348.850,4351.830,4348.710,4351.710,2389
2026-08-13T19:30:00.000Z,4351.730,4352.030,4349.790,4350.970,1786
2026-08-13T19:35:00.000Z,4351.010,4354.130,4350.650,4353.230,1409
2026-08-13T19:40:00.000Z,4353.220,4353.300,4350.790,4351.410,1701
2026-08-13T19:45:00.000Z,4351.490,4351.490,4347.660,4349.280,1711
2026-08-13T19:50:00.000Z,4349.100,4350.840,4348.750,4350.370,1702
2026-08-13T19:55:00.000Z,4350.430,4350.590,4348.180,4350.180,2229
2026-08-13T20:00:00.000Z,4350.130,4350.550,4346.920,4348.060,1589
2026-08-13T20:05:00.000Z,4348.080,4350.140,4347.960,4350.000,882
2026-08-13T20:10:00.000Z,4349.880,4350.550,4349.350,4350.390,798
2026-08-13T20:15:00.000Z,4350.400,4351.370,4350.030,4350.390,855
2026-08-13T20:20:00.000Z,4350.400,4350.500,4349.490,4349.690,671
2026-08-13T20:25:00.000Z,4349.710,4352.260,4349.460,4351.760,865
2026-08-13T20:30:00.000Z,4351.700,4351.860,4348.090,4349.150,959
2026-08-13T20:35:00.000Z,4349.180,4349.990,4348.550,4349.480,685
2026-08-13T20:40:00.000Z,4349.410,4350.560,4348.390,4349.520,621
2026-08-13T20:45:00.000Z,4349.410,4350.230,4349.340,4349.870,451
2026-08-13T20:50:00.000Z,4349.980,4350.770,4348.730,4348.920,571
2026-08-13T20:55:00.000Z,4349.010,4351.120,4348.670,4351.100,477
2026-08-13T22:00:00.000Z,4350.910,4354.520,4350.910,4353.210,958
2026-08-13T22:05:00.000Z,4353.170,4356.990,4353.040,4356.940,951
2026-08-13T22:10:00.000Z,4357.010,4357.020,4353.960,4354.230,720
2026-08-13T22:15:00.000Z,4354.230,4354.620,4352.920,4353.380,648
2026-08-13T22:20:00.000Z,4353.400,4356.550,4353.340,4356.540,1136
2026-08-13T22:25:00.000Z,4356.500,4357.890,4356.140,4357.170,822
2026-08-13T22:30:00.000Z,4357.160,4357.910,4355.790,4357.350,1091
2026-08-13T22:35:00.000Z,4357.360,4362.500,4357.360,4361.820,1329
2026-08-13T22:40:00.000Z,4361.780,4362.810,4359.760,4360.550,1186
2026-08-13T22:45:00.000Z,4360.510,4361.230,4355.260,4355.690,1448
2026-08-13T22:50:00.000Z,4355.880,4357.690,4354.650,4356.340,1171
2026-08-13T22:55:00.000Z,4356.350,4356.630,4353.420,4354.880,1080
2026-08-13T23:00:00.000Z,4355.420,4355.420,4349.290,4349.630,1334
2026-08-13T23:05:00.000Z,4349.600,4359.710,4349.600,4359.400,1357
2026-08-13T23:10:00.000Z,4359.400,4360.600,4354.800,4360.600,1110
2026-08-13T23:15:00.000Z,4360.490,4361.310,4357.070,4358.450,1486
2026-08-13T23:20:00.000Z,4358.450,4361.210,4357.140,4360.430,937
2026-08-13T23:25:00.000Z,4360.450,4363.080,4359.950,4363.080,1137
2026-08-13T23:30:00.000Z,4363.480,4363.590,4361.010,4361.660,1044
2026-08-13T23:35:00.000Z,4361.620,4361.780,4360.260,4361.780,836
2026-08-13T23:40:00.000Z,4361.660,4362.380,4358.710,4360.310,1168
2026-08-13T23:45:00.000Z,4360.440,4364.150,4359.520,4361.600,1563
2026-08-13T23:50:00.000Z,4361.640,4361.640,4357.270,4357.880,1152
2026-08-13T23:55:00.000Z,4357.960,4359.560,4356.470,4356.470,987
2026-08-14T00:00:00.000Z,4356.420,4362.070,4355.690,4360.080,1806
2026-08-14T00:05:00.000Z,4360.090,4360.300,4354.130,4358.010,1781
2026-08-14T00:10:00.000Z,4358.060,4358.250,4350.570,4352.170,2027
2026-08-14T00:15:00.000Z,4352.220,4352.250,4348.050,4349.620,2018
2026-08-14T00:20:00.000Z,4349.610,4349.850,4345.710,4347.350,1672
2026-08-14T00:25:00.000Z,4347.430,4347.430,4339.470,4339.500,2052
2026-08-14T00:30:00.000Z,4339.500,4347.020,4337.280,4346.010,2228
2026-08-14T00:35:00.000Z,4345.880,4346.680,4334.630,4335.650,2093
2026-08-14T00:40:00.000Z,4335.710,4340.410,4334.560,4339.810,1879
2026-08-14T00:45:00.000Z,4339.820,4342.820,4329.440,4333.980,2314
2026-08-14T00:50:00.000Z,4333.970,4340.110,4333.600,4339.770,2236
2026-08-14T00:55:00.000Z,4339.430,4342.100,4337.870,4341.040,2354
2026-08-14T01:00:00.000Z,4341.010,4341.540,4329.630,4329.650,3528
2026-08-14T01:05:00.000Z,4329.650,4333.660,4328.350,4328.910,2581
2026-08-14T01:10:00.000Z,4328.860,4328.860,4322.260,4324.240,2866
2026-08-14T01:15:00.000Z,4324.600,4326.030,4317.730,4322.860,2642
2026-08-14T01:20:00.000Z,4322.810,4325.860,4315.770,4316.780,2793
2026-08-14T01:25:00.000Z,4316.790,4321.980,4314.770,4319.630,2411
2026-08-14T01:30:00.000Z,4319.700,4319.720,4313.130,4313.610,2643
2026-08-14T01:35:00.000Z,4313.560,4320.120,4313.500,4319.410,2177
2026-08-14T01:40:00.000Z,4319.680,4321.500,4318.810,4319.640,1919
2026-08-14T01:45:00.000Z,4319.630,4323.320,4314.120,4315.700,2411
2026-08-14T01:50:00.000Z,4315.690,4319.370,4312.340,4317.720,2277
2026-08-14T01:55:00.000Z,4317.690,4321.550,4316.410,4318.180,2669
2026-08-14T02:00:00.000Z,4318.520,4322.790,4315.890,4317.000,2426
2026-08-14T02:05:00.000Z,4317.010,4319.590,4316.110,4317.440,2003
2026-08-14T02:10:00.000Z,4317.150,4317.600,4310.930,4312.490,2242
2026-08-14T02:15:00.000Z,4312.530,4317.390,4312.510,4315.770,2033
2026-08-14T02:20:00.000Z,4315.770,4317.460,4315.020,4316.490,1782
2026-08-14T02:25:00.000Z,4316.350,4318.310,4312.880,4313.100,1577
2026-08-14T02:30:00.000Z,4313.010,4321.500,4311.760,4320.790,2932
2026-08-14T02:35:00.000Z,4320.770,4322.780,4318.170,4320.920,2247
2026-08-14T02:40:00.000Z,4320.810,4322.170,4318.170,4321.220,2000
2026-08-14T02:45:00.000Z,4321.120,4322.040,4314.080,4316.790,2088
2026-08-14T02:50:00.000Z,4316.860,4318.450,4315.260,4316.310,1766
2026-08-14T02:55:00.000Z,4316.370,4316.490,4312.760,4315.740,1982
2026-08-14T03:00:00.000Z,4315.660,4319.370,4313.780,4318.780,1912
2026-08-14T03:05:00.000Z,4318.760,4323.410,4318.760,4319.730,1825
2026-08-14T03:10:00.000Z,4319.710,4323.830,4318.730,4320.210,1523
2026-08-14T03:15:00.000Z,4320.280,4323.010,4320.040,4322.770,1255
2026-08-14T03:20:00.000Z,4322.840,4326.110,4322.480,4325.240,1426
2026-08-14T03:25:00.000Z,4325.230,4326.320,4324.530,4325.820,1088
2026-08-14T03:30:00.000Z,4325.840,4327.980,4325.300,4327.300,982
2026-08-14T03:35:00.000Z,4327.370,4328.230,4325.490,4326.670,1146
2026-08-14T03:40:00.000Z,4326.710,4326.720,4325.390,4325.750,638
2026-08-14T03:45:00.000Z,4325.810,4326.830,4325.680,4326.490,574
2026-08-14T03:50:00.000Z,4326.520,4326.870,4324.290,4324.330,731
2026-08-14T03:55:00.000Z,4324.390,4324.880,4323.610,4323.640,614
2026-08-14T04:00:00.000Z,4323.710,4324.860,4322.830,4323.070,841
2026-08-14T04:05:00.000Z,4322.940,4325.000,4322.920,4323.930,866
2026-08-14T04:10:00.000Z,4323.950,4327.350,4323.570,4326.050,1102
2026-08-14T04:15:00.000Z,4326.040,4327.810,4325.590,4326.790,992
2026-08-14T04:20:00.000Z,4326.760,4328.060,4326.210,4327.050,849
2026-08-14T04:25:00.000Z,4326.940,4327.420,4325.130,4325.180,905
2026-08-14T04:30:00.000Z,4325.220,4325.740,4323.480,4324.750,1141
2026-08-14T04:35:00.000Z,4324.720,4325.710,4324.230,4325.200,1009
2026-08-14T04:40:00.000Z,4325.160,4326.540,4324.930,4325.340,942
2026-08-14T04:45:00.000Z,4325.270,4325.270,4324.180,4324.560,740
2026-08-14T04:50:00.000Z,4324.580,4325.410,4323.880,4324.890,607
2026-08-14T04:55:00.000Z,4324.880,4326.960,4324.600,4326.950,876
2026-08-14T05:00:00.000Z,4327.030,4327.060,4323.810,4325.160,1185
2026-08-14T05:05:00.000Z,4325.270,4325.660,4320.030,4320.030,1590
2026-08-14T05:10:00.000Z,4320.060,4322.250,4319.600,4320.300,1393
2026-08-14T05:15:00.000Z,4320.390,4320.390,4318.020,4318.960,1378
2026-08-14T05:20:00.000Z,4318.980,4319.470,4317.110,4318.450,1223
2026-08-14T05:25:00.000Z,4318.310,4319.540,4317.620,4318.460,1117
2026-08-14T05:30:00.000Z,4317.740,4318.330,4311.050,4316.930,2797
2026-08-14T05:35:00.000Z,4317.310,4324.940,4316.850,4322.530,2228
2026-08-14T05:40:00.000Z,4322.440,4324.600,4317.630,4317.810,1925
2026-08-14T05:45:00.000Z,4317.870,4324.410,4317.600,4324.200,1753
2026-08-14T05:50:00.000Z,4324.140,4329.890,4323.910,4329.600,2158
2026-08-14T05:55:00.000Z,4329.720,4333.640,4329.140,4333.640,2056
2026-08-14T06:00:00.000Z,4333.640,4336.060,4331.910,4335.800,2155
2026-08-14T06:05:00.000Z,4335.720,4336.660,4329.940,4330.590,1750
2026-08-14T06:10:00.000Z,4330.640,4334.170,4329.830,4332.710,2011
2026-08-14T06:15:00.000Z,4332.720,4333.730,4331.430,4331.810,1515
2026-08-14T06:20:00.000Z,4331.820,4332.410,4328.490,4331.750,1651
2026-08-14T06:25:00.000Z,4331.770,4332.330,4329.230,4329.250,1652
2026-08-14T06:30:00.000Z,4329.210,4330.530,4328.510,4329.230,1429
2026-08-14T06:35:00.000Z,4329.430,4330.560,4328.230,4329.840,1442
2026-08-14T06:40:00.000Z,4329.890,4333.070,4327.990,4333.070,1593
2026-08-14T06:45:00.000Z,4333.070,4335.510,4332.600,4335.060,1935
2026-08-14T06:50:00.000Z,4335.040,4335.410,4333.520,4334.210,1446
2026-08-14T06:55:00.000Z,4334.200,4335.950,4333.790,4335.750,1326
2026-08-14T07:00:00.000Z,4335.700,4337.370,4333.010,4335.310,1788
2026-08-14T07:05:00.000Z,4335.330,4335.440,4333.550,4334.630,1129
2026-08-14T07:10:00.000Z,4334.640,4335.010,4331.290,4331.320,1384
2026-08-14T07:15:00.000Z,4331.300,4333.500,4331.300,4332.500,1177
2026-08-14T07:20:00.000Z,4332.540,4336.510,4329.770,4336.380,1627
2026-08-14T07:25:00.000Z,4336.390,4336.570,4331.950,4332.040,1391
2026-08-14T07:30:00.000Z,4332.020,4334.270,4331.790,4333.750,1129
2026-08-14T07:35:00.000Z,4333.660,4336.770,4333.600,4336.550,1290
2026-08-14T07:40:00.000Z,4336.560,4340.250,4336.420,4339.800,1709
2026-08-14T07:45:00.000Z,4339.810,4343.470,4339.560,4342.610,1730
2026-08-14T07:50:00.000Z,4342.660,4343.610,4341.610,4343.330,1428
2026-08-14T07:55:00.000Z,4343.340,4345.290,4341.810,4343.750,1374
2026-08-14T08:00:00.000Z,4343.740,4348.060,4342.360,4342.880,2265
2026-08-14T08:05:00.000Z,4342.850,4346.160,4342.020,4345.340,1789
2026-08-14T08:10:00.000Z,4345.300,4348.030,4344.260,4347.840,1439
2026-08-14T08:15:00.000Z,4347.800,4349.200,4346.050,4346.600,1611
2026-08-14T08:20:00.000Z,4346.500,4347.050,4343.630,4344.250,1521
2026-08-14T08:25:00.000Z,4344.290,4345.840,4343.810,4345.790,1466
2026-08-14T08:30:00.000Z,4345.770,4346.620,4344.350,4344.420,1297
2026-08-14T08:35:00.000Z,4344.410,4349.090,4344.410,4348.270,1352
2026-08-14T08:40:00.000Z,4348.270,4349.370,4343.600,4343.790,1216
2026-08-14T08:45:00.000Z,4343.780,4344.810,4342.900,4344.500,964
2026-08-14T08:50:00.000Z,4344.380,4347.690,4344.030,4346.860,961
2026-08-14T08:55:00.000Z,4346.920,4349.800,4346.880,4348.740,1082
2026-08-14T09:00:00.000Z,4348.730,4348.920,4347.400,4347.580,1232
2026-08-14T09:05:00.000Z,4347.530,4349.370,4346.000,4348.980,1237
2026-08-14T09:10:00.000Z,4349.000,4350.990,4348.010,4350.820,1092
2026-08-14T09:15:00.000Z,4350.840,4351.930,4349.370,4349.610,1228
2026-08-14T09:20:00.000Z,4349.600,4352.500,4348.850,4352.340,1175
2026-08-14T09:25:00.000Z,4352.330,4354.260,4350.160,4351.860,1332
2026-08-14T09:30:00.000Z,4351.870,4354.190,4350.130,4352.810,1645
2026-08-14T09:35:00.000Z,4352.780,4354.560,4352.340,4352.770,1272
2026-08-14T09:40:00.000Z,4352.910,4353.540,4351.900,4353.540,1140
2026-08-14T09:45:00.000Z,4353.550,4354.640,4352.700,4353.710,1169
2026-08-14T09:50:00.000Z,4353.720,4355.330,4353.080,4354.820,1161
2026-08-14T09:55:00.000Z,4354.840,4357.490,4353.870,4357.200,1326
2026-08-14T10:00:00.000Z,4357.210,4357.450,4355.920,4356.940,1337
2026-08-14T10:05:00.000Z,4356.930,4358.700,4355.820,4356.130,1307
2026-08-14T10:10:00.000Z,4356.140,4356.880,4353.830,4354.460,1306
2026-08-14T10:15:00.000Z,4354.550,4355.270,4352.030,4353.470,1193
2026-08-14T10:20:00.000Z,4353.470,4354.340,4352.450,4354.060,899
2026-08-14T10:25:00.000Z,4353.970,4354.180,4350.330,4351.400,1209
2026-08-14T10:30:00.000Z,4351.520,4351.530,4348.340,4349.560,1234
2026-08-14T10:35:00.000Z,4349.580,4350.310,4348.800,4349.050,880
2026-08-14T10:40:00.000Z,4349.030,4352.020,4348.750,4352.010,974
2026-08-14T10:45:00.000Z,4351.950,4352.610,4351.380,4351.500,904
2026-08-14T10:50:00.000Z,4351.560,4353.590,4351.020,4351.150,946
2026-08-14T10:55:00.000Z,4351.150,4351.160,4348.520,4349.420,1154
2026-08-14T11:00:00.000Z,4349.430,4351.040,4348.580,4349.240,1396
2026-08-14T11:05:00.000Z,4349.290,4351.560,4349.090,4351.010,962
2026-08-14T11:10:00.000Z,4351.090,4351.700,4350.050,4350.700,905
2026-08-14T11:15:00.000Z,4350.730,4355.570,4350.730,4355.570,1240
2026-08-14T11:20:00.000Z,4355.550,4356.840,4353.560,4354.120,1214
2026-08-14T11:25:00.000Z,4354.120,4357.150,4353.210,4356.830,1022
2026-08-14T11:30:00.000Z,4356.830,4361.750,4356.580,4361.560,1690
2026-08-14T11:35:00.000Z,4361.610,4363.470,4360.320,4361.730,1556
2026-08-14T11:40:00.000Z,4361.750,4363.460,4361.460,4362.490,1363
2026-08-14T11:45:00.000Z,4362.530,4363.160,4361.080,4361.830,1447
2026-08-14T11:50:00.000Z,4361.840,4368.250,4361.800,4367.150,1825
2026-08-14T11:55:00.000Z,4367.190,4369.450,4365.700,4369.280,1740
2026-08-14T12:00:00.000Z,4369.210,4375.340,4369.190,4373.870,2366
2026-08-14T12:05:00.000Z,4373.880,4376.790,4371.830,4372.130,2031
2026-08-14T12:10:00.000Z,4372.060,4372.240,4366.060,4371.790,2131
2026-08-14T12:15:00.000Z,4371.800,4372.560,4369.720,4372.290,1689
2026-08-14T12:20:00.000Z,4372.470,4380.320,4372.470,4379.290,2716
2026-08-14T12:25:00.000Z,4379.130,4380.680,4377.510,4379.940,2295
2026-08-14T12:30:00.000Z,4380.010,4386.910,4377.600,4381.550,3399
2026-08-14T12:35:00.000Z,4381.540,4381.950,4376.240,4377.900,2566
2026-08-14T12:40:00.000Z,4377.390,4377.610,4372.270,4372.820,2164
2026-08-14T12:45:00.000Z,4372.900,4376.860,4370.900,4374.860,2228
2026-08-14T12:50:00.000Z,4374.870,4377.930,4372.910,4375.630,2089
2026-08-14T12:55:00.000Z,4375.200,4375.820,4372.720,4373.720,2277
2026-08-14T13:00:00.000Z,4373.870,4379.050,4370.330,4378.190,3157
2026-08-14T13:05:00.000Z,4378.150,4380.280,4376.260,4379.880,2637
2026-08-14T13:10:00.000Z,4379.630,4381.130,4374.980,4375.190,2346
2026-08-14T13:15:00.000Z,4375.230,4381.080,4375.230,4381.040,2317
2026-08-14T13:20:00.000Z,4381.210,4385.500,4379.670,4385.500,2433
2026-08-14T13:25:00.000Z,4385.720,4386.520,4384.010,4384.480,2483
2026-08-14T13:30:00.000Z,4384.710,4391.700,4383.670,4391.120,3525
2026-08-14T13:35:00.000Z,4391.350,4397.070,4391.130,4395.430,3577
2026-08-14T13:40:00.000Z,4395.490,4396.330,4390.680,4393.950,3180
2026-08-14T13:45:00.000Z,4393.920,4394.840,4386.560,4386.640,3115
2026-08-14T13:50:00.000Z,4386.750,4388.500,4382.970,4384.600,3049
2026-08-14T13:55:00.000Z,4384.580,4385.760,4382.970,4384.520,2700
2026-08-14T14:00:00.000Z,4384.480,4392.970,4384.320,4391.590,3213
2026-08-14T14:05:00.000Z,4391.600,4391.970,4388.910,4388.970,2497
2026-08-14T14:10:00.000Z,4388.980,4393.280,4387.160,4390.630,2563
2026-08-14T14:15:00.000Z,4390.590,4392.280,4385.480,4386.460,2769
2026-08-14T14:20:00.000Z,4386.350,4392.410,4385.350,4392.170,2883
2026-08-14T14:25:00.000Z,4392.060,4394.620,4390.440,4390.770,2695
2026-08-14T14:30:00.000Z,4390.810,4391.600,4384.300,4384.660,2746
2026-08-14T14:35:00.000Z,4384.600,4387.200,4384.080,4386.160,2380
2026-08-14T14:40:00.000Z,4386.290,4386.660,4381.600,4384.340,2339
2026-08-14T14:45:00.000Z,4384.380,4384.560,4378.850,4380.550,2369
2026-08-14T14:50:00.000Z,4380.560,4383.190,4379.590,4381.630,2293
2026-08-14T14:55:00.000Z,4381.660,4382.950,4379.880,4381.480,2135
2026-08-14T15:00:00.000Z,4381.490,4390.700,4381.170,4386.880,2710
2026-08-14T15:05:00.000Z,4386.860,4389.240,4385.600,4386.520,2471
2026-08-14T15:10:00.000Z,4386.570,4394.120,4386.070,4392.150,2886
2026-08-14T15:15:00.000Z,4392.230,4393.940,4386.060,4386.290,2858
2026-08-14T15:20:00.000Z,4386.230,4387.180,4382.980,4383.240,2540
2026-08-14T15:25:00.000Z,4383.230,4385.070,4379.040,4384.960,2482
2026-08-14T15:30:00.000Z,4384.970,4389.070,4384.000,4387.660,2394
2026-08-14T15:35:00.000Z,4387.600,4390.090,4386.780,4387.740,2129
2026-08-14T15:40:00.000Z,4387.740,4389.930,4386.750,4389.620,2005
2026-08-14T15:45:00.000Z,4389.630,4394.830,4389.460,4392.240,2399
2026-08-14T15:50:00.000Z,4392.270,4393.110,4390.110,4390.410,1644
2026-08-14T15:55:00.000Z,4390.470,4393.060,4390.470,4391.630,1701
2026-08-14T16:00:00.000Z,4391.650,4396.790,4390.990,4390.990,2312
2026-08-14T16:05:00.000Z,4390.980,4393.150,4389.260,4390.010,1964
2026-08-14T16:10:00.000Z,4389.960,4390.420,4388.870,4389.840,1649
2026-08-14T16:15:00.000Z,4389.750,4391.960,4389.430,4391.690,1592
2026-08-14T16:20:00.000Z,4391.840,4393.050,4389.480,4389.870,1489
2026-08-14T16:25:00.000Z,4389.840,4389.840,4386.980,4387.600,1647
2026-08-14T16:30:00.000Z,4387.600,4387.690,4380.320,4383.920,2342
2026-08-14T16:35:00.000Z,4383.900,4389.050,4383.440,4388.340,1883
2026-08-14T16:40:00.000Z,4388.090,4388.760,4385.660,4385.840,1481
2026-08-14T16:45:00.000Z,4385.960,4387.120,4385.450,4387.070,1141
2026-08-14T16:50:00.000Z,4387.030,4387.480,4385.480,4386.560,953
2026-08-14T16:55:00.000Z,4386.540,4386.590,4384.920,4385.970,1247
2026-08-14T17:00:00.000Z,4386.060,4386.460,4383.110,4383.480,1426
2026-08-14T17:05:00.000Z,4383.540,4384.120,4381.480,4382.310,1239
2026-08-14T17:10:00.000Z,4382.220,4382.560,4380.360,4382.360,1228
2026-08-14T17:15:00.000Z,4382.360,4384.770,4381.550,4381.630,1542
2026-08-14T17:20:00.000Z,4381.640,4382.520,4379.790,4381.590,1437
2026-08-14T17:25:00.000Z,4381.570,4382.430,4379.360,4379.500,1574
2026-08-14T17:30:00.000Z,4379.400,4382.840,4379.400,4382.770,1596
2026-08-14T17:35:00.000Z,4382.750,4382.750,4379.380,4379.530,1374
2026-08-14T17:40:00.000Z,4379.380,4380.670,4376.970,4377.810,1365
2026-08-14T17:45:00.000Z,4377.810,4377.900,4376.270,4376.930,1473
2026-08-14T17:50:00.000Z,4376.930,4379.110,4376.430,4378.210,1039
2026-08-14T17:55:00.000Z,4378.030,4378.500,4377.210,4378.460,1006
2026-08-14T18:00:00.000Z,4378.480,4381.580,4376.530,4381.320,1630
2026-08-14T18:05:00.000Z,4381.240,4381.730,4379.300,4379.940,1494
2026-08-14T18:10:00.000Z,4379.520,4380.810,4376.960,4377.240,1400
2026-08-14T18:15:00.000Z,4377.390,4379.080,4376.900,4378.610,1078
2026-08-14T18:20:00.000Z,4378.440,4380.310,4378.270,4379.530,898
2026-08-14T18:25:00.000Z,4379.530,4380.480,4377.990,4379.420,1045
2026-08-14T18:30:00.000Z,4379.380,4379.770,4377.380,4378.160,1106
2026-08-14T18:35:00.000Z,4378.310,4382.760,4378.240,4382.760,1082
2026-08-14T18:40:00.000Z,4382.630,4382.750,4376.220,4376.450,1273
2026-08-14T18:45:00.000Z,4376.440,4376.910,4370.980,4374.150,1537
2026-08-14T18:50:00.000Z,4374.210,4375.680,4372.990,4373.390,1050
2026-08-14T18:55:00.000Z,4373.320,4374.320,4373.010,4373.570,828
2026-08-14T19:00:00.000Z,4373.470,4373.810,4372.560,4372.760,1002
2026-08-14T19:05:00.000Z,4372.770,4376.780,4372.310,4376.360,939
2026-08-14T19:10:00.000Z,4376.350,4377.210,4375.790,4376.020,883
2026-08-14T19:15:00.000Z,4375.860,4376.540,4374.720,4375.170,809
2026-08-14T19:20:00.000Z,4375.190,4376.960,4375.190,4376.400,867
2026-08-14T19:25:00.000Z,4376.350,4377.930,4376.300,4377.360,945
2026-08-14T19:30:00.000Z,4377.320,4378.000,4376.520,4377.360,1101
2026-08-14T19:35:00.000Z,4377.350,4378.250,4376.160,4376.600,1105
2026-08-14T19:40:00.000Z,4376.590,4377.500,4375.660,4375.660,1144
2026-08-14T19:45:00.000Z,4375.670,4376.100,4375.280,4375.830,1254
2026-08-14T19:50:00.000Z,4375.820,4379.970,4375.820,4378.270,1699
2026-08-14T19:55:00.000Z,4378.220,4378.220,4373.630,4376.240,2575
2026-08-14T20:00:00.000Z,4376.160,4376.160,4373.740,4374.220,1010
2026-08-14T20:05:00.000Z,4374.290,4374.520,4372.070,4372.110,1086
2026-08-14T20:10:00.000Z,4372.260,4373.000,4371.500,4372.820,621
2026-08-14T20:15:00.000Z,4372.980,4373.790,4372.920,4373.300,396
2026-08-14T20:20:00.000Z,4373.310,4374.270,4372.550,4374.070,485
2026-08-14T20:25:00.000Z,4373.840,4374.920,4373.680,4374.770,543
2026-08-14T20:30:00.000Z,4374.680,4374.810,4373.780,4373.950,527
2026-08-14T20:35:00.000Z,4373.990,4376.320,4373.650,4375.720,643
2026-08-14T20:40:00.000Z,4375.660,4376.900,4374.780,4375.640,345
2026-08-14T20:45:00.000Z,4375.590,4375.990,4375.160,4375.360,306
2026-08-14T20:50:00.000Z,4375.510,4376.170,4374.940,4376.020,472
2026-08-14T20:55:00.000Z,4375.960,4376.630,4375.190,4376.580,724
2026-08-16T22:00:00.000Z,4380.010,4380.030,4372.370,4373.330,1174
2026-08-16T22:05:00.000Z,4373.370,4377.080,4372.420,4376.550,1338
2026-08-16T22:10:00.000Z,4376.490,4378.870,4374.270,4375.810,1066
2026-08-16T22:15:00.000Z,4375.750,4375.970,4372.750,4373.960,918
2026-08-16T22:20:00.000Z,4373.830,4375.120,4372.960,4373.220,903
2026-08-16T22:25:00.000Z,4373.140,4375.260,4372.830,4374.560,829
2026-08-16T22:30:00.000Z,4374.670,4378.040,4374.670,4377.270,935
2026-08-16T22:35:00.000Z,4377.030,4379.010,4376.810,4378.740,609
2026-08-16T22:40:00.000Z,4378.870,4378.870,4376.810,4377.790,594
2026-08-16T22:45:00.000Z,4377.770,4380.970,4377.700,4380.770,1021
2026-08-16T22:50:00.000Z,4380.730,4384.290,4380.230,4383.310,986
2026-08-16T22:55:00.000Z,4383.230,4386.900,4382.790,4385.960,913
2026-08-16T23:00:00.000Z,4385.830,4386.280,4380.740,4382.280,1390
2026-08-16T23:05:00.000Z,4382.240,4383.100,4381.180,4383.100,824
2026-08-16T23:10:00.000Z,4383.410,4383.410,4379.590,4379.860,724
2026-08-16T23:15:00.000Z,4379.870,4381.210,4378.520,4380.050,850
2026-08-16T23:20:00.000Z,4380.040,4380.760,4375.390,4375.990,1156
2026-08-16T23:25:00.000Z,4375.930,4376.580,4372.650,4374.780,977
2026-08-16T23:30:00.000Z,4374.840,4375.210,4369.660,4371.000,1422
2026-08-16T23:35:00.000Z,4371.010,4371.860,4367.190,4370.530,1432
2026-08-16T23:40:00.000Z,4370.510,4370.520,4367.850,4368.340,934
2026-08-16T23:45:00.000Z,4368.350,4373.860,4368.290,4371.810,1107
2026-08-16T23:50:00.000Z,4372.080,4372.900,4370.570,4371.980,1099
2026-08-16T23:55:00.000Z,4371.970,4372.380,4369.830,4370.370,1252
2026-08-17T00:00:00.000Z,4370.530,4375.870,4367.980,4374.850,2317
2026-08-17T00:05:00.000Z,4374.810,4375.880,4372.250,4372.430,1833
2026-08-17T00:10:00.000Z,4372.450,4379.510,4372.260,4378.840,1820
2026-08-17T00:15:00.000Z,4378.780,4387.430,4378.550,4384.630,2087
2026-08-17T00:20:00.000Z,4384.700,4388.360,4384.110,4386.940,1651
2026-08-17T00:25:00.000Z,4386.920,4390.940,4386.550,4389.970,1530
2026-08-17T00:30:00.000Z,4389.910,4394.440,4389.500,4392.730,1871
2026-08-17T00:35:00.000Z,4392.720,4393.150,4388.820,4389.220,1368
2026-08-17T00:40:00.000Z,4389.240,4397.530,4387.400,4395.850,1847
2026-08-17T00:45:00.000Z,4395.770,4396.370,4394.360,4395.320,1580
2026-08-17T00:50:00.000Z,4395.330,4398.590,4394.490,4398.060,1818
2026-08-17T00:55:00.000Z,4398.020,4402.250,4397.570,4400.790,1989
2026-08-17T01:00:00.000Z,4400.810,4409.070,4399.210,4407.820,3781
2026-08-17T01:05:00.000Z,4407.540,4411.530,4405.160,4406.840,2842
2026-08-17T01:10:00.000Z,4406.850,4411.830,4404.370,4409.390,2502
2026-08-17T01:15:00.000Z,4409.370,4410.560,4406.360,4408.090,2780
2026-08-17T01:20:00.000Z,4408.110,4416.510,4407.850,4412.630,2817
2026-08-17T01:25:00.000Z,4412.700,4414.950,4406.440,4407.210,2503
2026-08-17T01:30:00.000Z,4407.290,4408.110,4401.540,4402.350,2717
2026-08-17T01:35:00.000Z,4402.360,4403.260,4399.090,4400.710,2320
2026-08-17T01:40:00.000Z,4400.730,4403.730,4397.660,4403.730,2171
2026-08-17T01:45:00.000Z,4403.560,4403.930,4394.270,4395.270,2387
2026-08-17T01:50:00.000Z,4395.340,4398.890,4392.160,4397.710,2077
2026-08-17T01:55:00.000Z,4397.560,4397.640,4393.210,4395.740,1648
2026-08-17T02:00:00.000Z,4395.710,4398.270,4394.850,4395.970,1740
2026-08-17T02:05:00.000Z,4395.900,4397.520,4392.700,4395.710,1992
2026-08-17T02:10:00.000Z,4395.370,4395.530,4392.740,4394.400,1598
2026-08-17T02:15:00.000Z,4394.480,4395.750,4392.580,4393.700,1547
2026-08-17T02:20:00.000Z,4393.500,4395.160,4390.000,4394.830,1458
2026-08-17T02:25:00.000Z,4394.830,4397.510,4394.690,4395.490,1242
2026-08-17T02:30:00.000Z,4395.590,4398.140,4392.300,4392.970,2099
2026-08-17T02:35:00.000Z,4392.930,4395.610,4391.680,4392.170,2154
2026-08-17T02:40:00.000Z,4392.190,4395.230,4389.910,4393.090,1996
2026-08-17T02:45:00.000Z,4393.120,4393.390,4390.740,4391.620,1647
2026-08-17T02:50:00.000Z,4391.360,4392.760,4390.230,4390.440,1678
2026-08-17T02:55:00.000Z,4390.350,4393.510,4388.510,4393.340,1603
2026-08-17T03:00:00.000Z,4393.450,4395.030,4392.630,4392.820,1760
2026-08-17T03:05:00.000Z,4392.870,4394.060,4389.410,4389.920,1540
2026-08-17T03:10:00.000Z,4389.910,4391.710,4388.720,4390.390,1459
2026-08-17T03:15:00.000Z,4390.500,4391.060,4388.120,4390.840,1291
2026-08-17T03:20:00.000Z,4390.930,4391.750,4389.960,4390.810,1116
2026-08-17T03:25:00.000Z,4390.800,4393.590,4388.760,4393.060,1467
2026-08-17T03:30:00.000Z,4393.050,4395.660,4391.240,4394.540,1352
2026-08-17T03:35:00.000Z,4394.360,4395.210,4392.410,4393.800,1028
2026-08-17T03:40:00.000Z,4394.040,4397.220,4394.040,4395.240,1260
2026-08-17T03:45:00.000Z,4395.090,4395.770,4393.000,4395.000,1067
2026-08-17T03:50:00.000Z,4395.020,4395.680,4394.260,4395.220,852
2026-08-17T03:55:00.000Z,4395.210,4397.750,4394.070,4397.170,1019
2026-08-17T04:00:00.000Z,4397.270,4399.520,4396.600,4397.800,1323
2026-08-17T04:05:00.000Z,4397.810,4398.690,4396.580,4397.980,1281
2026-08-17T04:10:00.000Z,4397.890,4399.660,4397.210,4398.480,1116
2026-08-17T04:15:00.000Z,4398.470,4398.950,4396.810,4397.130,1039
2026-08-17T04:20:00.000Z,4397.160,4397.190,4393.070,4393.940,1044
2026-08-17T04:25:00.000Z,4394.020,4394.080,4390.290,4391.020,917
2026-08-17T04:30:00.000Z,4391.020,4392.080,4389.050,4391.910,1037
2026-08-17T04:35:00.000Z,4391.910,4393.840,4390.170,4392.740,1049
2026-08-17T04:40:00.000Z,4392.750,4396.680,4392.010,4395.830,1183
2026-08-17T04:45:00.000Z,4395.770,4397.900,4395.450,4396.090,951
2026-08-17T04:50:00.000Z,4396.060,4396.810,4394.970,4395.300,921
2026-08-17T04:55:00.000Z,4395.320,4395.460,4389.930,4390.840,1074
2026-08-17T05:00:00.000Z,4390.840,4393.050,4390.060,4392.990,1234
2026-08-17T05:05:00.000Z,4392.960,4393.290,4390.010,4392.150,1171
2026-08-17T05:10:00.000Z,4392.170,4392.170,4386.990,4387.740,1122
2026-08-17T05:15:00.000Z,4387.780,4393.370,4387.010,4392.960,1192
2026-08-17T05:20:00.000Z,4392.910,4396.950,4390.780,4395.500,1494
2026-08-17T05:25:00.000Z,4395.300,4399.490,4394.670,4399.490,1318
2026-08-17T05:30:00.000Z,4399.710,4401.310,4395.790,4396.410,2404
2026-08-17T05:35:00.000Z,4396.420,4396.510,4392.320,4395.640,2036
2026-08-17T05:40:00.000Z,4395.590,4396.890,4394.020,4395.800,1705
2026-08-17T05:45:00.000Z,4395.820,4397.580,4392.400,4397.330,1577
2026-08-17T05:50:00.000Z,4397.300,4397.560,4392.670,4393.130,1608
2026-08-17T05:55:00.000Z,4393.190,4396.030,4392.910,4394.840,1700
2026-08-17T06:00:00.000Z,4394.820,4398.240,4394.800,4395.520,2015
2026-08-17T06:05:00.000Z,4395.520,4398.020,4393.830,4395.320,1859
2026-08-17T06:10:00.000Z,4395.400,4397.600,4392.800,4396.880,1670
2026-08-17T06:15:00.000Z,4396.750,4396.760,4392.660,4393.650,1440
2026-08-17T06:20:00.000Z,4393.740,4397.050,4393.600,4395.130,1593
2026-08-17T06:25:00.000Z,4395.040,4400.100,4394.690,4398.540,1902
2026-08-17T06:30:00.000Z,4398.420,4398.740,4395.050,4395.550,1823
2026-08-17T06:35:00.000Z,4395.530,4395.860,4393.730,4395.120,1804
2026-08-17T06:40:00.000Z,4395.130,4396.370,4393.720,4396.160,1490
2026-08-17T06:45:00.000Z,4396.370,4401.020,4396.290,4400.440,2091
2026-08-17T06:50:00.000Z,4400.470,4404.570,4400.460,4402.190,2008
2026-08-17T06:55:00.000Z,4402.160,4403.380,4401.150,4403.160,1778
2026-08-17T07:00:00.000Z,4403.120,4404.100,4401.480,4401.650,2025
2026-08-17T07:05:00.000Z,4401.700,4402.920,4399.580,4400.480,1638
2026-08-17T07:10:00.000Z,4400.520,4401.440,4396.160,4396.550,1775
2026-08-17T07:15:00.000Z,4396.560,4399.310,4396.510,4397.540,1726
2026-08-17T07:20:00.000Z,4397.560,4397.850,4396.230,4397.200,1435
2026-08-17T07:25:00.000Z,4397.200,4405.240,4396.730,4404.960,1798
2026-08-17T07:30:00.000Z,4405.010,4408.220,4404.780,4407.230,2275
2026-08-17T07:35:00.000Z,4407.190,4411.450,4406.750,4407.790,2017
2026-08-17T07:40:00.000Z,4407.780,4411.040,4407.280,4409.400,1509
2026-08-17T07:45:00.000Z,4409.420,4410.000,4407.350,4407.570,1333
2026-08-17T07:50:00.000Z,4407.420,4408.280,4403.640,4404.320,1491
2026-08-17T07:55:00.000Z,4404.350,4406.060,4404.060,4405.340,1272
2026-08-17T08:00:00.000Z,4404.480,4404.490,4399.810,4400.180,2045
2026-08-17T08:05:00.000Z,4400.290,4400.630,4397.660,4399.800,1732
2026-08-17T08:10:00.000Z,4399.790,4402.950,4398.590,4402.910,1442
2026-08-17T08:15:00.000Z,4402.850,4403.910,4400.420,4401.290,1444
2026-08-17T08:20:00.000Z,4401.230,4403.190,4400.530,4402.290,1123
2026-08-17T08:25:00.000Z,4402.190,4403.340,4401.020,4401.920,1383
2026-08-17T08:30:00.000Z,4401.930,4402.200,4399.430,4400.050,1363
2026-08-17T08:35:00.000Z,4400.010,4402.200,4399.080,4401.230,1188
2026-08-17T08:40:00.000Z,4401.310,4401.400,4396.010,4396.330,1266
2026-08-17T08:45:00.000Z,4396.340,4396.950,4395.010,4395.620,1086
2026-08-17T08:50:00.000Z,4395.670,4396.120,4392.840,4393.600,1340
2026-08-17T08:55:00.000Z,4393.540,4396.010,4392.590,4395.100,1286
2026-08-17T09:00:00.000Z,4395.400,4396.340,4393.380,4396.270,1215
2026-08-17T09:05:00.000Z,4396.310,4399.770,4395.290,4399.590,1167
2026-08-17T09:10:00.000Z,4399.600,4400.670,4398.830,4399.190,1149
2026-08-17T09:15:00.000Z,4399.240,4400.000,4397.150,4398.460,1254
2026-08-17T09:20:00.000Z,4398.410,4398.760,4396.360,4396.900,973
2026-08-17T09:25:00.000Z,4397.020,4398.170,4395.600,4396.900,1387
2026-08-17T09:30:00.000Z,4396.940,4397.530,4394.500,4396.530,1710
2026-08-17T09:35:00.000Z,4396.430,4397.140,4394.040,4394.530,1256
2026-08-17T09:40:00.000Z,4394.640,4396.430,4393.640,4394.300,1044
2026-08-17T09:45:00.000Z,4394.270,4395.200,4392.610,4395.190,1204
2026-08-17T09:50:00.000Z,4395.430,4395.830,4392.960,4393.560,1267
2026-08-17T09:55:00.000Z,4393.590,4395.630,4393.500,4395.590,955
2026-08-17T10:00:00.000Z,4395.600,4395.950,4393.220,4394.210,975
2026-08-17T10:05:00.000Z,4394.190,4396.290,4394.190,4394.230,993
2026-08-17T10:10:00.000Z,4394.190,4396.350,4394.020,4396.020,1134
2026-08-17T10:15:00.000Z,4396.090,4400.010,4394.960,4395.940,1209
2026-08-17T10:20:00.000Z,4395.990,4397.330,4395.080,4396.630,1017
2026-08-17T10:25:00.000Z,4396.650,4405.620,4391.790,4405.300,1517
2026-08-17T10:30:00.000Z,4405.170,4405.810,4396.980,4397.310,2788
2026-08-17T10:35:00.000Z,4397.560,4398.410,4395.760,4396.080,1564
2026-08-17T10:40:00.000Z,4396.110,4398.950,4395.460,4398.230,1169
2026-08-17T10:45:00.000Z,4398.280,4399.260,4396.310,4397.040,1144
2026-08-17T10:50:00.000Z,4397.040,4398.580,4396.640,4397.690,996
2026-08-17T10:55:00.000Z,4397.720,4399.570,4397.190,4399.020,1179
2026-08-17T11:00:00.000Z,4399.040,4402.350,4397.880,4400.350,1444
2026-08-17T11:05:00.000Z,4400.410,4403.950,4400.210,4402.140,1113
2026-08-17T11:10:00.000Z,4402.040,4402.770,4399.690,4399.760,1305
2026-08-17T11:15:00.000Z,4399.960,4400.040,4397.150,4398.310,1270
2026-08-17T11:20:00.000Z,4398.320,4404.070,4398.320,4403.580,1599
2026-08-17T11:25:00.000Z,4403.590,4404.710,4402.840,4403.500,1161
2026-08-17T11:30:00.000Z,4403.500,4405.010,4402.440,4403.970,1337
2026-08-17T11:35:00.000Z,4404.100,4404.850,4402.720,4402.730,1147
2026-08-17T11:40:00.000Z,4402.770,4403.100,4399.350,4399.610,1565
2026-08-17T11:45:00.000Z,4399.660,4400.710,4396.770,4396.990,1194
2026-08-17T11:50:00.000Z,4397.010,4398.910,4395.450,4396.880,1260
2026-08-17T11:55:00.000Z,4396.750,4397.600,4395.870,4396.920,958
2026-08-17T12:00:00.000Z,4396.830,4397.680,4393.860,4394.660,1712
2026-08-17T12:05:00.000Z,4394.630,4395.220,4392.030,4392.620,1502
2026-08-17T12:10:00.000Z,4392.570,4395.110,4391.540,4393.990,1564
2026-08-17T12:15:00.000Z,4393.890,4395.630,4393.120,4394.800,1360
2026-08-17T12:20:00.000Z,4394.850,4398.770,4392.110,4392.880,1902
2026-08-17T12:25:00.000Z,4392.920,4393.690,4382.000,4385.830,2651
2026-08-17T12:30:00.000Z,4385.820,4390.280,4384.140,4388.930,2567
2026-08-17T12:35:00.000Z,4388.960,4389.390,4381.400,4381.420,2236
2026-08-17T12:40:00.000Z,4381.410,4383.330,4378.460,4378.480,2272
2026-08-17T12:45:00.000Z,4378.470,4380.570,4377.370,4378.140,2177
2026-08-17T12:50:00.000Z,4378.000,4385.000,4377.910,4384.330,2193
2026-08-17T12:55:00.000Z,4384.310,4386.460,4383.580,4384.970,1930
2026-08-17T13:00:00.000Z,4385.220,4388.330,4381.850,4384.850,3060
2026-08-17T13:05:00.000Z,4384.890,4386.290,4382.400,4385.540,2358
2026-08-17T13:10:00.000Z,4385.600,4389.480,4385.210,4386.430,2350
2026-08-17T13:15:00.000Z,4386.450,4386.960,4382.330,4385.850,2073
2026-08-17T13:20:00.000Z,4385.650,4388.870,4384.720,4386.520,1909
2026-08-17T13:25:00.000Z,4386.680,4388.430,4385.980,4386.330,1943
2026-08-17T13:30:00.000Z,4386.540,4390.280,4385.820,4388.870,3022
2026-08-17T13:35:00.000Z,4388.760,4392.010,4386.180,4388.570,3007
2026-08-17T13:40:00.000Z,4388.610,4389.510,4384.830,4385.780,3100
2026-08-17T13:45:00.000Z,4385.720,4395.580,4384.650,4395.100,3472
2026-08-17T13:50:00.000Z,4395.110,4407.460,4394.680,4401.590,3604
2026-08-17T13:55:00.000Z,4401.610,4416.200,4401.560,4408.870,3568
2026-08-17T14:00:00.000Z,4408.900,4410.290,4404.550,4408.080,3330
2026-08-17T14:05:00.000Z,4408.220,4408.580,4404.970,4405.340,3169
2026-08-17T14:10:00.000Z,4405.350,4412.820,4403.890,4412.440,2854
2026-08-17T14:15:00.000Z,4412.420,4420.850,4411.900,4418.420,3608
2026-08-17T14:20:00.000Z,4418.480,4427.660,4417.420,4424.090,3504
2026-08-17T14:25:00.000Z,4424.110,4426.450,4415.840,4418.250,3313
2026-08-17T14:30:00.000Z,4418.360,4424.780,4418.230,4422.370,3026
2026-08-17T14:35:00.000Z,4422.350,4423.700,4416.580,4417.780,2672
2026-08-17T14:40:00.000Z,4417.810,4421.720,4417.230,4417.430,2751
2026-08-17T14:45:00.000Z,4417.520,4419.640,4414.030,4417.300,2749
2026-08-17T14:50:00.000Z,4417.480,4421.030,4415.910,4416.370,3079
2026-08-17T14:55:00.000Z,4416.480,4418.320,4414.670,4417.350,2504
2026-08-17T15:00:00.000Z,4417.360,4419.140,4415.110,4418.520,2740
2026-08-17T15:05:00.000Z,4418.680,4419.790,4416.040,4417.140,2593
2026-08-17T15:10:00.000Z,4416.840,4422.350,4416.000,4421.310,2420
2026-08-17T15:15:00.000Z,4421.200,4423.200,4419.480,4422.140,2603
2026-08-17T15:20:00.000Z,4422.150,4423.770,4421.460,4423.210,2621
2026-08-17T15:25:00.000Z,4423.360,4426.090,4420.870,4425.560,2811
2026-08-17T15:30:00.000Z,4425.550,4426.470,4421.260,4422.820,2676
2026-08-17T15:35:00.000Z,4422.830,4423.860,4420.260,4421.950,2329
2026-08-17T15:40:00.000Z,4421.930,4423.460,4418.840,4419.250,2585
2026-08-17T15:45:00.000Z,4419.240,4424.330,4417.710,4423.730,2309
2026-08-17T15:50:00.000Z,4423.720,4426.770,4423.060,4426.390,1911
2026-08-17T15:55:00.000Z,4426.400,4427.870,4425.920,4427.570,2097
2026-08-17T16:00:00.000Z,4427.570,4428.160,4424.070,4425.540,2112
2026-08-17T16:05:00.000Z,4425.560,4428.380,4424.290,4427.470,1954
2026-08-17T16:10:00.000Z,4427.430,4428.870,4425.770,4426.050,1764
2026-08-17T16:15:00.000Z,4426.200,4427.470,4425.230,4425.780,1813
2026-08-17T16:20:00.000Z,4425.770,4427.610,4424.850,4425.070,1923
2026-08-17T16:25:00.000Z,4425.080,4425.230,4422.890,4424.830,1804
2026-08-17T16:30:00.000Z,4424.980,4425.310,4422.760,4423.980,1713
2026-08-17T16:35:00.000Z,4424.090,4427.030,4423.390,4426.600,1662
2026-08-17T16:40:00.000Z,4426.640,4426.810,4424.450,4424.630,1442
2026-08-17T16:45:00.000Z,4424.680,4424.860,4422.600,4424.270,1580
2026-08-17T16:50:00.000Z,4424.020,4425.600,4422.720,4423.240,1504
2026-08-17T16:55:00.000Z,4423.300,4425.390,4423.300,4424.220,1465
2026-08-17T17:00:00.000Z,4424.230,4426.120,4423.750,4424.620,1778
2026-08-17T17:05:00.000Z,4424.630,4424.880,4421.150,4422.240,2168
2026-08-17T17:10:00.000Z,4422.310,4423.370,4421.760,4422.860,1742
2026-08-17T17:15:00.000Z,4422.980,4423.200,4418.930,4419.400,2127
2026-08-17T17:20:00.000Z,4419.410,4420.280,4415.990,4416.750,2365
2026-08-17T17:25:00.000Z,4416.720,4417.440,4413.500,4416.540,2580
2026-08-17T17:30:00.000Z,4416.560,4418.600,4413.920,4417.280,2368
2026-08-17T17:35:00.000Z,4417.290,4417.510,4411.740,4411.960,2258
2026-08-17T17:40:00.000Z,4411.990,4417.450,4411.250,4417.450,2199
2026-08-17T17:45:00.000Z,4417.440,4420.370,4417.160,4419.160,1942
2026-08-17T17:50:00.000Z,4419.140,4420.600,4417.020,4417.270,1560
2026-08-17T17:55:00.000Z,4417.440,4418.130,4413.270,4413.700,1768
2026-08-17T18:00:00.000Z,4413.720,4414.500,4410.830,4411.220,2222
2026-08-17T18:05:00.000Z,4411.230,4413.090,4410.320,4411.730,2027
2026-08-17T18:10:00.000Z,4411.600,4413.910,4410.200,4413.810,1752
2026-08-17T18:15:00.000Z,4413.790,4416.160,4413.570,4415.100,1901
2026-08-17T18:20:00.000Z,4415.080,4415.540,4408.930,4409.230,1888
2026-08-17T18:25:00.000Z,4409.240,4409.810,4404.820,4406.200,2370
2026-08-17T18:30:00.000Z,4406.270,4406.790,4398.140,4400.090,2431
2026-08-17T18:35:00.000Z,4400.000,4402.470,4399.300,4402.320,1599
2026-08-17T18:40:00.000Z,4402.320,4404.920,4401.440,4401.440,1541
2026-08-17T18:45:00.000Z,4401.430,4406.220,4400.210,4405.900,1375
2026-08-17T18:50:00.000Z,4405.930,4407.520,4405.030,4406.510,1329
2026-08-17T18:55:00.000Z,4406.580,4407.150,4405.880,4406.720,950
2026-08-17T19:00:00.000Z,4406.620,4407.370,4402.120,4403.190,1474
2026-08-17T19:05:00.000Z,4403.200,4403.740,4400.320,4403.740,1547
2026-08-17T19:10:00.000Z,4403.820,4408.630,4403.770,4408.600,1458
2026-08-17T19:15:00.000Z,4408.850,4416.250,4408.830,4415.140,2245
2026-08-17T19:20:00.000Z,4415.200,4416.880,4415.000,4416.200,1688
2026-08-17T19:25:00.000Z,4415.960,4417.520,4414.540,4414.540,1188
2026-08-17T19:30:00.000Z,4414.550,4416.690,4414.190,4416.460,1172
2026-08-17T19:35:00.000Z,4416.350,4417.310,4415.150,4416.620,1402
2026-08-17T19:40:00.000Z,4416.620,4420.490,4415.640,4419.410,1634
2026-08-17T19:45:00.000Z,4419.400,4421.010,4418.590,4420.200,1680
2026-08-17T19:50:00.000Z,4420.320,4420.320,4416.610,4418.080,1915
2026-08-17T19:55:00.000Z,4418.070,4420.880,4417.700,4419.840,2142
2026-08-17T20:00:00.000Z,4419.870,4421.410,4418.120,4418.750,1067
2026-08-17T20:05:00.000Z,4418.490,4418.540,4416.660,4417.220,664
2026-08-17T20:10:00.000Z,4417.280,4417.970,4416.830,4417.790,484
2026-08-17T20:15:00.000Z,4417.820,4418.010,4417.320,4417.950,430
2026-08-17T20:20:00.000Z,4418.020,4418.140,4417.030,4417.080,344
2026-08-17T20:25:00.000Z,4417.090,4417.210,4414.970,4415.170,496
2026-08-17T20:30:00.000Z,4415.180,4415.670,4414.900,4415.190,431
2026-08-17T20:35:00.000Z,4415.180,4415.420,4414.620,4415.130,410
2026-08-17T20:40:00.000Z,4415.070,4415.930,4415.010,4415.490,555
2026-08-17T20:45:00.000Z,4415.420,4416.700,4414.870,4415.620,483
2026-08-17T20:50:00.000Z,4415.570,4416.170,4415.300,4415.770,249
2026-08-17T20:55:00.000Z,4415.730,4416.690,4415.730,4416.640,523
2026-08-17T22:00:00.000Z,4418.660,4419.510,4415.730,4416.340,845
2026-08-17T22:05:00.000Z,4416.530,4416.650,4415.020,4415.750,730
2026-08-17T22:10:00.000Z,4415.780,4416.940,4415.320,4416.760,610
2026-08-17T22:15:00.000Z,4416.730,4417.320,4415.780,4415.890,697
2026-08-17T22:20:00.000Z,4415.900,4416.440,4415.320,4415.540,547
2026-08-17T22:25:00.000Z,4415.550,4415.610,4411.990,4412.510,839
2026-08-17T22:30:00.000Z,4412.510,4413.460,4411.690,4412.620,927
2026-08-17T22:35:00.000Z,4412.850,4414.770,4412.420,4413.160,609
2026-08-17T22:40:00.000Z,4413.220,4415.700,4413.040,4414.630,499
2026-08-17T22:45:00.000Z,4414.600,4416.320,4414.200,4415.110,488
2026-08-17T22:50:00.000Z,4415.170,4415.540,4412.050,4412.050,454
2026-08-17T22:55:00.000Z,4412.090,4413.340,4410.560,4411.840,761
2026-08-17T23:00:00.000Z,4412.010,4413.690,4409.810,4413.530,852
2026-08-17T23:05:00.000Z,4413.460,4414.460,4412.870,4413.940,581
2026-08-17T23:10:00.000Z,4414.070,4414.990,4413.450,4414.830,538
2026-08-17T23:15:00.000Z,4415.000,4418.430,4414.950,4417.730,900
2026-08-17T23:20:00.000Z,4417.660,4418.240,4416.440,4417.850,615
2026-08-17T23:25:00.000Z,4417.850,4421.870,4417.710,4420.340,1042
2026-08-17T23:30:00.000Z,4420.330,4422.260,4420.040,4422.150,892
2026-08-17T23:35:00.000Z,4422.140,4422.310,4420.710,4421.300,768
2026-08-17T23:40:00.000Z,4421.230,4422.830,4420.260,4422.680,1005
2026-08-17T23:45:00.000Z,4422.660,4424.020,4421.620,4423.950,1180
2026-08-17T23:50:00.000Z,4423.900,4424.360,4422.570,4423.580,1070
2026-08-17T23:55:00.000Z,4423.560,4426.090,4423.100,4425.980,865
2026-08-18T00:00:00.000Z,4425.890,4429.730,4419.290,4425.430,2130
2026-08-18T00:05:00.000Z,4425.260,4426.240,4420.130,4420.280,1737
2026-08-18T00:10:00.000Z,4420.280,4422.460,4419.060,4421.810,1585
2026-08-18T00:15:00.000Z,4421.770,4428.190,4420.970,4427.040,1977
2026-08-18T00:20:00.000Z,4427.070,4431.350,4423.000,4427.990,2125
2026-08-18T00:25:00.000Z,4427.990,4431.570,4425.280,4431.440,1930
2026-08-18T00:30:00.000Z,4431.430,4431.850,4428.420,4431.500,1819
2026-08-18T00:35:00.000Z,4431.400,4433.550,4430.430,4433.120,1457
2026-08-18T00:40:00.000Z,4433.140,4433.140,4428.650,4429.610,1426
2026-08-18T00:45:00.000Z,4429.600,4430.230,4428.600,4429.140,1316
2026-08-18T00:50:00.000Z,4429.270,4430.550,4428.600,4429.210,1403
2026-08-18T00:55:00.000Z,4429.270,4435.020,4428.890,4434.730,1786
2026-08-18T01:00:00.000Z,4434.540,4436.060,4429.300,4431.410,3447
2026-08-18T01:05:00.000Z,4431.210,4436.200,4429.080,4430.510,2692
2026-08-18T01:10:00.000Z,4430.500,4431.840,4428.670,4429.310,2293
2026-08-18T01:15:00.000Z,4429.300,4430.860,4422.770,4425.320,2668
2026-08-18T01:20:00.000Z,4425.270,4426.570,4422.020,4423.670,2210
2026-08-18T01:25:00.000Z,4423.630,4425.900,4420.130,4424.970,2116
2026-08-18T01:30:00.000Z,4425.030,4426.230,4421.390,4422.470,2077
2026-08-18T01:35:00.000Z,4422.470,4423.500,4420.410,4420.480,1380
2026-08-18T01:40:00.000Z,4420.720,4421.840,4411.780,4411.780,2220
2026-08-18T01:45:00.000Z,4411.790,4412.270,4404.290,4407.710,3109
2026-08-18T01:50:00.000Z,4407.670,4408.690,4404.490,4408.220,2751
2026-08-18T01:55:00.000Z,4408.190,4409.470,4407.480,4408.120,2027
2026-08-18T02:00:00.000Z,4408.160,4408.230,4400.950,4402.190,2475
2026-08-18T02:05:00.000Z,4402.260,4404.110,4399.720,4400.070,2084
2026-08-18T02:10:00.000Z,4400.060,4402.670,4398.640,4401.080,1837
2026-08-18T02:15:00.000Z,4400.980,4405.530,4400.430,4404.050,1745
2026-08-18T02:20:00.000Z,4404.040,4404.650,4401.620,4404.250,1281
2026-08-18T02:25:00.000Z,4404.310,4405.480,4402.260,4402.410,1537
2026-08-18T02:30:00.000Z,4402.400,4402.860,4396.190,4396.340,2430
2026-08-18T02:35:00.000Z,4396.290,4399.870,4395.470,4396.620,2008
2026-08-18T02:40:00.000Z,4396.800,4397.000,4394.280,4395.050,1800
2026-08-18T02:45:00.000Z,4395.150,4398.190,4394.350,4397.290,1708
2026-08-18T02:50:00.000Z,4397.290,4398.400,4395.750,4397.970,1519
2026-08-18T02:55:00.000Z,4397.920,4400.530,4397.430,4399.990,1950
2026-08-18T03:00:00.000Z,4399.960,4404.180,4399.960,4403.120,2203
2026-08-18T03:05:00.000Z,4403.070,4403.580,4399.710,4401.470,1916
2026-08-18T03:10:00.000Z,4401.560,4402.640,4398.950,4401.670,1627
2026-08-18T03:15:00.000Z,4401.680,4402.250,4395.720,4396.620,1988
2026-08-18T03:20:00.000Z,4396.640,4397.460,4394.420,4395.350,1718
2026-08-18T03:25:00.000Z,4395.300,4397.760,4395.050,4397.250,1561
2026-08-18T03:30:00.000Z,4397.260,4397.300,4395.650,4396.500,1614
2026-08-18T03:35:00.000Z,4396.490,4396.910,4395.000,4395.130,1387
2026-08-18T03:40:00.000Z,4395.140,4395.930,4394.610,4394.880,1302
2026-08-18T03:45:00.000Z,4394.820,4395.130,4393.480,4393.870,1145
2026-08-18T03:50:00.000Z,4393.120,4393.820,4391.770,4392.210,1571
2026-08-18T03:55:00.000Z,4392.120,4392.670,4390.680,4391.950,1210
2026-08-18T04:00:00.000Z,4391.970,4392.180,4390.230,4390.770,1502
2026-08-18T04:05:00.000Z,4390.840,4392.130,4389.980,4391.150,1327
2026-08-18T04:10:00.000Z,4391.150,4392.840,4391.000,4392.350,1167
2026-08-18T04:15:00.000Z,4392.400,4393.680,4390.870,4391.430,1223
2026-08-18T04:20:00.000Z,4391.440,4392.510,4390.770,4392.510,1088
2026-08-18T04:25:00.000Z,4392.540,4392.860,4391.620,4392.470,1096
2026-08-18T04:30:00.000Z,4392.390,4394.080,4391.490,4392.020,1311
2026-08-18T04:35:00.000Z,4392.040,4393.060,4388.820,4391.500,1566
2026-08-18T04:40:00.000Z,4391.530,4394.380,4390.490,4393.560,1179
2026-08-18T04:45:00.000Z,4393.530,4395.000,4392.250,4394.790,1051
2026-08-18T04:50:00.000Z,4394.700,4395.460,4393.670,4395.460,1039
2026-08-18T04:55:00.000Z,4395.470,4395.510,4393.130,4393.660,1061
2026-08-18T05:00:00.000Z,4393.570,4393.730,4391.210,4391.420,1466
2026-08-18T05:05:00.000Z,4391.420,4394.250,4391.420,4393.880,1138
2026-08-18T05:10:00.000Z,4393.950,4394.040,4390.970,4391.340,1132
2026-08-18T05:15:00.000Z,4391.410,4394.750,4391.270,4394.620,1004
2026-08-18T05:20:00.000Z,4394.650,4396.040,4394.450,4395.700,1141
2026-08-18T05:25:00.000Z,4395.670,4396.130,4391.460,4391.460,1244
2026-08-18T05:30:00.000Z,4391.440,4391.620,4386.170,4386.970,2637
2026-08-18T05:35:00.000Z,4386.940,4391.070,4386.870,4390.140,1893
2026-08-18T05:40:00.000Z,4390.110,4394.030,4388.770,4393.760,1843
2026-08-18T05:45:00.000Z,4393.890,4395.920,4393.110,4395.900,1830
2026-08-18T05:50:00.000Z,4395.820,4397.680,4394.110,4395.700,1708
2026-08-18T05:55:00.000Z,4395.710,4396.870,4393.990,4394.430,1428
2026-08-18T06:00:00.000Z,4394.420,4394.420,4388.970,4390.690,2253
2026-08-18T06:05:00.000Z,4390.690,4393.810,4387.700,4392.960,2167
2026-08-18T06:10:00.000Z,4392.920,4395.420,4392.510,4395.380,1805
2026-08-18T06:15:00.000Z,4395.370,4396.410,4393.710,4395.410,1796
2026-08-18T06:20:00.000Z,4395.360,4398.040,4394.410,4397.810,1608
2026-08-18T06:25:00.000Z,4397.780,4399.890,4396.760,4399.520,1579
2026-08-18T06:30:00.000Z,4399.490,4400.190,4395.300,4395.320,1558
2026-08-18T06:35:00.000Z,4395.480,4397.630,4395.210,4397.230,1424
2026-08-18T06:40:00.000Z,4397.230,4398.830,4396.830,4397.220,1021
2026-08-18T06:45:00.000Z,4397.340,4399.420,4397.330,4398.000,1043
2026-08-18T06:50:00.000Z,4397.990,4399.010,4397.570,4398.480,1082
2026-08-18T06:55:00.000Z,4398.520,4399.100,4397.370,4398.940,1333
2026-08-18T07:00:00.000Z,4399.040,4400.400,4396.870,4399.910,1664
2026-08-18T07:05:00.000Z,4399.950,4400.870,4397.320,4397.630,1389
2026-08-18T07:10:00.000Z,4397.620,4399.380,4397.010,4397.630,1447
2026-08-18T07:15:00.000Z,4397.620,4400.730,4397.520,4399.630,1170
2026-08-18T07:20:00.000Z,4399.630,4401.520,4399.450,4401.420,1177
2026-08-18T07:25:00.000Z,4401.420,4403.460,4401.190,4403.080,1474
2026-08-18T07:30:00.000Z,4403.070,4403.710,4396.460,4397.000,1763
2026-08-18T07:35:00.000Z,4396.920,4402.700,4396.610,4402.000,1473
2026-08-18T07:40:00.000Z,4402.120,4403.570,4400.230,4401.590,1367
2026-08-18T07:45:00.000Z,4401.580,4402.780,4399.740,4400.080,1187
2026-08-18T07:50:00.000Z,4399.910,4400.510,4398.010,4398.460,1232
2026-08-18T07:55:00.000Z,4398.470,4398.820,4395.500,4395.760,1451
2026-08-18T08:00:00.000Z,4396.250,4396.270,4394.250,4394.460,1801
2026-08-18T08:05:00.000Z,4394.440,4394.550,4389.950,4390.990,1861
2026-08-18T08:10:00.000Z,4390.890,4394.660,4387.950,4392.720,1891
2026-08-18T08:15:00.000Z,4392.680,4393.480,4391.660,4392.110,1625
2026-08-18T08:20:00.000Z,4392.150,4392.550,4386.880,4388.660,1755
2026-08-18T08:25:00.000Z,4388.650,4389.530,4387.350,4389.400,1860
2026-08-18T08:30:00.000Z,4389.200,4393.950,4389.150,4393.580,1749
2026-08-18T08:35:00.000Z,4393.730,4398.630,4393.660,4398.310,1829
2026-08-18T08:40:00.000Z,4398.310,4398.590,4396.680,4396.690,1467
2026-08-18T08:45:00.000Z,4396.680,4397.010,4391.820,4393.240,1350
2026-08-18T08:50:00.000Z,4393.290,4393.850,4391.640,4393.850,1244
2026-08-18T08:55:00.000Z,4393.840,4394.690,4392.390,4393.340,1350
2026-08-18T09:00:00.000Z,4393.260,4393.900,4392.050,4392.310,1822
2026-08-18T09:05:00.000Z,4392.320,4393.000,4391.130,4391.790,1261
2026-08-18T09:10:00.000Z,4391.990,4393.550,4391.490,4392.760,1153
2026-08-18T09:15:00.000Z,4392.710,4392.820,4390.900,4391.310,1063
2026-08-18T09:20:00.000Z,4391.260,4391.580,4388.960,4390.180,1365
2026-08-18T09:25:00.000Z,4390.200,4391.480,4388.580,4389.430,1549
2026-08-18T09:30:00.000Z,4389.310,4393.670,4389.270,4393.650,1784
2026-08-18T09:35:00.000Z,4393.640,4394.980,4390.530,4391.270,1511
2026-08-18T09:40:00.000Z,4391.370,4391.750,4387.290,4388.510,1398
2026-08-18T09:45:00.000Z,4388.480,4392.340,4387.030,4392.130,1394
2026-08-18T09:50:00.000Z,4392.090,4394.290,4392.050,4394.090,1288
2026-08-18T09:55:00.000Z,4394.080,4395.030,4392.890,4393.360,1052
2026-08-18T10:00:00.000Z,4393.340,4395.880,4392.360,4394.090,1292
2026-08-18T10:05:00.000Z,4394.050,4394.740,4392.530,4393.500,1120
2026-08-18T10:10:00.000Z,4393.500,4394.830,4392.790,4394.570,1232
2026-08-18T10:15:00.000Z,4394.770,4396.170,4394.170,4395.510,1081
2026-08-18T10:20:00.000Z,4395.590,4395.590,4391.440,4391.670,1000
2026-08-18T10:25:00.000Z,4391.710,4392.270,4389.850,4392.090,1016
2026-08-18T10:30:00.000Z,4392.090,4394.290,4391.750,4393.660,954
2026-08-18T10:35:00.000Z,4393.630,4397.700,4393.560,4397.540,998
2026-08-18T10:40:00.000Z,4397.580,4398.640,4397.130,4398.640,1067
2026-08-18T10:45:00.000Z,4398.650,4399.640,4398.190,4398.890,945
2026-08-18T10:50:00.000Z,4398.950,4399.340,4396.500,4396.980,877
2026-08-18T10:55:00.000Z,4396.990,4397.800,4396.550,4397.690,986
2026-08-18T11:00:00.000Z,4397.690,4399.100,4393.640,4393.980,1463
2026-08-18T11:05:00.000Z,4393.940,4394.740,4392.650,4393.700,1098
2026-08-18T11:10:00.000Z,4393.640,4394.140,4392.100,4393.610,992
2026-08-18T11:15:00.000Z,4393.620,4394.760,4392.170,4393.120,1183
2026-08-18T11:20:00.000Z,4393.200,4393.950,4390.270,4390.380,1205
2026-08-18T11:25:00.000Z,4390.480,4391.890,4389.690,4390.130,1359
2026-08-18T11:30:00.000Z,4390.140,4391.780,4389.440,4389.570,1390
2026-08-18T11:35:00.000Z,4389.610,4391.670,4388.630,4390.650,1363
2026-08-18T11:40:00.000Z,4390.490,4392.500,4389.580,4391.010,1294
2026-08-18T11:45:00.000Z,4391.020,4393.780,4390.760,4392.300,1025
2026-08-18T11:50:00.000Z,4392.340,4393.140,4389.860,4390.880,1230
2026-08-18T11:55:00.000Z,4391.030,4396.830,4390.720,4396.010,1440
2026-08-18T12:00:00.000Z,4396.150,4397.010,4391.620,4396.580,1805
2026-08-18T12:05:00.000Z,4396.630,4397.080,4390.490,4391.250,1947
2026-08-18T12:10:00.000Z,4391.290,4393.480,4389.670,4393.260,1500
2026-08-18T12:15:00.000Z,4393.280,4393.760,4391.570,4393.010,1319
2026-08-18T12:20:00.000Z,4393.070,4400.740,4392.910,4395.710,2333
2026-08-18T12:25:00.000Z,4395.880,4396.020,4391.940,4395.290,1811
2026-08-18T12:30:00.000Z,4395.380,4398.070,4392.320,4396.700,1825
2026-08-18T12:35:00.000Z,4396.700,4397.860,4392.850,4394.320,1858
2026-08-18T12:40:00.000Z,4394.280,4394.280,4391.080,4392.210,1525
2026-08-18T12:45:00.000Z,4392.370,4396.580,4392.240,4396.080,1611
2026-08-18T12:50:00.000Z,4396.170,4397.030,4392.350,4393.170,1588
2026-08-18T12:55:00.000Z,4393.470,4395.780,4390.790,4394.220,1664
2026-08-18T13:00:00.000Z,4394.250,4397.400,4390.360,4395.810,2909
2026-08-18T13:05:00.000Z,4395.750,4396.590,4388.920,4389.150,2393
2026-08-18T13:10:00.000Z,4389.190,4396.030,4388.430,4395.850,2022
2026-08-18T13:15:00.000Z,4395.860,4396.170,4388.360,4391.030,2301
2026-08-18T13:20:00.000Z,4391.110,4393.570,4388.290,4389.850,2110
2026-08-18T13:25:00.000Z,4389.840,4392.450,4388.250,4389.100,2428
2026-08-18T13:30:00.000Z,4389.130,4398.870,4373.710,4396.910,4189
2026-08-18T13:35:00.000Z,4396.890,4403.320,4395.590,4402.930,3918
2026-08-18T13:40:00.000Z,4402.960,4406.460,4399.750,4401.140,3790
2026-08-18T13:45:00.000Z,4401.330,4402.230,4391.570,4394.980,3859
2026-08-18T13:50:00.000Z,4395.120,4398.130,4389.500,4390.880,3704
2026-08-18T13:55:00.000Z,4391.220,4395.120,4389.780,4394.650,3235
2026-08-18T14:00:00.000Z,4394.810,4406.560,4393.420,4404.250,3679
2026-08-18T14:05:00.000Z,4404.230,4404.570,4397.960,4398.230,3333
2026-08-18T14:10:00.000Z,4398.270,4399.020,4391.150,4393.240,3462
2026-08-18T14:15:00.000Z,4393.360,4405.100,4392.990,4401.770,3247
2026-08-18T14:20:00.000Z,4401.630,4402.870,4395.790,4397.780,3170
2026-08-18T14:25:00.000Z,4397.780,4398.900,4392.360,4394.220,3080
2026-08-18T14:30:00.000Z,4394.250,4396.280,4385.220,4389.720,3378
2026-08-18T14:35:00.000Z,4389.790,4390.150,4382.170,4382.860,3224
2026-08-18T14:40:00.000Z,4382.870,4384.940,4377.830,4379.660,3569
2026-08-18T14:45:00.000Z,4379.980,4388.520,4378.140,4386.940,3221
2026-08-18T14:50:00.000Z,4386.980,4388.910,4372.550,4378.770,3622
2026-08-18T14:55:00.000Z,4378.810,4383.030,4363.810,4366.580,3782
2026-08-18T15:00:00.000Z,4366.700,4376.690,4365.770,4375.690,4066
2026-08-18T15:05:00.000Z,4375.770,4377.560,4365.190,4365.830,3571
2026-08-18T15:10:00.000Z,4365.880,4368.260,4358.740,4360.120,3583
2026-08-18T15:15:00.000Z,4360.100,4365.310,4355.100,4355.100,3500
2026-08-18T15:20:00.000Z,4355.090,4357.070,4351.760,4354.540,3720
2026-08-18T15:25:00.000Z,4354.520,4360.440,4353.170,4355.070,3421
2026-08-18T15:30:00.000Z,4354.980,4362.180,4354.660,4359.940,3465
2026-08-18T15:35:00.000Z,4359.820,4362.340,4356.730,4361.180,3234
2026-08-18T15:40:00.000Z,4361.170,4361.960,4356.670,4358.650,2834
2026-08-18T15:45:00.000Z,4358.830,4365.000,4358.800,4364.080,2816
2026-08-18T15:50:00.000Z,4364.380,4366.630,4361.280,4364.520,2484
2026-08-18T15:55:00.000Z,4364.620,4365.810,4363.280,4364.830,2242
2026-08-18T16:00:00.000Z,4364.870,4369.370,4364.870,4368.070,2411
2026-08-18T16:05:00.000Z,4368.050,4371.620,4366.840,4371.420,2385
2026-08-18T16:10:00.000Z,4371.450,4371.630,4367.560,4367.760,1981
2026-08-18T16:15:00.000Z,4367.820,4368.400,4364.570,4367.200,2328
2026-08-18T16:20:00.000Z,4367.310,4369.670,4366.640,4368.290,2123
2026-08-18T16:25:00.000Z,4368.330,4369.090,4363.540,4364.160,2061
2026-08-18T16:30:00.000Z,4364.340,4366.760,4363.310,4365.730,2261
2026-08-18T16:35:00.000Z,4365.970,4367.040,4363.110,4365.270,1995
2026-08-18T16:40:00.000Z,4365.290,4368.600,4365.170,4367.350,2002
2026-08-18T16:45:00.000Z,4367.370,4367.730,4363.230,4363.590,1948
2026-08-18T16:50:00.000Z,4363.610,4368.840,4363.090,4368.680,1862
2026-08-18T16:55:00.000Z,4368.630,4368.630,4363.210,4363.970,2037
2026-08-18T17:00:00.000Z,4363.890,4365.760,4363.650,4364.590,2370
2026-08-18T17:05:00.000Z,4364.620,4366.310,4364.470,4365.880,1829
2026-08-18T17:10:00.000Z,4365.940,4367.170,4364.770,4366.990,1794
2026-08-18T17:15:00.000Z,4367.030,4368.310,4363.180,4364.300,1942
2026-08-18T17:20:00.000Z,4364.400,4367.520,4364.280,4367.520,2072
2026-08-18T17:25:00.000Z,4367.940,4368.270,4363.790,4365.440,2260
2026-08-18T17:30:00.000Z,4365.230,4366.230,4361.330,4364.550,2097
2026-08-18T17:35:00.000Z,4364.560,4365.360,4360.930,4362.700,2003
2026-08-18T17:40:00.000Z,4362.710,4365.130,4358.690,4358.730,1917
2026-08-18T17:45:00.000Z,4358.720,4360.430,4357.070,4357.970,1835
2026-08-18T17:50:00.000Z,4357.960,4359.820,4357.900,4358.750,1452
2026-08-18T17:55:00.000Z,4358.800,4359.250,4356.790,4357.780,1773
2026-08-18T18:00:00.000Z,4357.860,4358.010,4352.760,4353.500,2120
2026-08-18T18:05:00.000Z,4353.850,4355.800,4352.790,4355.710,1893
2026-08-18T18:10:00.000Z,4355.700,4358.140,4352.930,4357.850,1706
2026-08-18T18:15:00.000Z,4357.930,4359.190,4356.800,4359.000,1788
2026-08-18T18:20:00.000Z,4359.000,4359.480,4355.720,4356.980,1700
2026-08-18T18:25:00.000Z,4357.000,4360.980,4356.480,4360.270,1796
2026-08-18T18:30:00.000Z,4360.450,4360.620,4357.910,4359.730,1461
2026-08-18T18:35:00.000Z,4359.720,4360.240,4358.360,4359.690,1423
2026-08-18T18:40:00.000Z,4359.740,4359.780,4353.520,4354.270,1669
2026-08-18T18:45:00.000Z,4354.240,4355.600,4352.860,4353.900,1586
2026-08-18T18:50:00.000Z,4353.880,4355.240,4353.860,4354.670,1066
2026-08-18T18:55:00.000Z,4354.660,4356.150,4353.910,4354.290,1389
2026-08-18T19:00:00.000Z,4354.350,4358.100,4354.070,4355.200,1426
2026-08-18T19:05:00.000Z,4355.360,4357.020,4354.810,4355.250,1078
2026-08-18T19:10:00.000Z,4355.280,4358.280,4354.670,4357.080,1380
2026-08-18T19:15:00.000Z,4357.040,4358.750,4354.000,4354.650,1409
2026-08-18T19:20:00.000Z,4354.650,4356.390,4352.660,4353.260,1417
2026-08-18T19:25:00.000Z,4353.170,4355.800,4352.440,4354.820,1387
2026-08-18T19:30:00.000Z,4354.890,4356.810,4353.680,4354.100,1581
2026-08-18T19:35:00.000Z,4354.040,4355.590,4353.530,4354.960,1403
2026-08-18T19:40:00.000Z,4354.920,4357.710,4349.750,4349.750,1853
2026-08-18T19:45:00.000Z,4350.030,4353.250,4343.840,4346.040,2518
2026-08-18T19:50:00.000Z,4345.910,4346.790,4342.150,4345.330,2771
2026-08-18T19:55:00.000Z,4345.470,4346.360,4338.490,4345.630,3044
2026-08-18T20:00:00.000Z,4345.730,4346.580,4342.830,4343.980,1523
2026-08-18T20:05:00.000Z,4344.030,4344.490,4342.630,4343.010,945
2026-08-18T20:10:00.000Z,4343.040,4343.580,4340.810,4342.100,1055
2026-08-18T20:15:00.000Z,4342.120,4342.400,4339.870,4341.930,845
2026-08-18T20:20:00.000Z,4341.970,4341.970,4333.570,4337.830,1516
2026-08-18T20:25:00.000Z,4337.750,4338.590,4336.640,4337.940,856
2026-08-18T20:30:00.000Z,4337.950,4339.600,4336.600,4339.350,948
2026-08-18T20:35:00.000Z,4339.370,4339.490,4337.460,4337.880,681
2026-08-18T20:40:00.000Z,4337.910,4338.470,4331.690,4332.230,972
2026-08-18T20:45:00.000Z,4332.190,4333.250,4329.150,4333.020,1383
2026-08-18T20:50:00.000Z,4332.790,4334.340,4330.120,4334.340,1144
2026-08-18T20:55:00.000Z,4334.380,4335.340,4332.320,4334.250,986
2026-08-18T22:00:00.000Z,4339.940,4342.000,4333.930,4341.970,1181
2026-08-18T22:05:00.000Z,4342.010,4343.880,4341.370,4342.970,918
2026-08-18T22:10:00.000Z,4342.930,4343.760,4339.290,4341.350,871
2026-08-18T22:15:00.000Z,4341.620,4342.620,4338.870,4339.340,1380
2026-08-18T22:20:00.000Z,4339.350,4340.560,4333.950,4335.310,1536
2026-08-18T22:25:00.000Z,4335.280,4339.460,4334.500,4336.400,1265
2026-08-18T22:30:00.000Z,4336.440,4336.790,4335.310,4335.880,744
2026-08-18T22:35:00.000Z,4335.940,4336.620,4333.690,4334.000,910
2026-08-18T22:40:00.000Z,4334.050,4334.930,4333.000,4333.950,1071
2026-08-18T22:45:00.000Z,4333.940,4334.980,4333.450,4334.980,734
2026-08-18T22:50:00.000Z,4334.980,4335.770,4334.050,4335.160,1035
2026-08-18T22:55:00.000Z,4335.170,4335.200,4333.240,4333.900,750
2026-08-18T23:00:00.000Z,4334.270,4336.290,4333.020,4335.970,990
2026-08-18T23:05:00.000Z,4335.990,4338.440,4334.650,4335.240,1200
2026-08-18T23:10:00.000Z,4335.250,4335.430,4332.780,4334.190,1316
2026-08-18T23:15:00.000Z,4334.180,4334.990,4332.310,4332.400,1087
2026-08-18T23:20:00.000Z,4332.460,4337.440,4330.820,4332.740,1318
2026-08-18T23:25:00.000Z,4332.700,4333.650,4330.050,4330.490,1605
2026-08-18T23:30:00.000Z,4330.480,4332.750,4327.260,4330.990,1709
2026-08-18T23:35:00.000Z,4330.880,4331.760,4327.320,4328.990,1378
2026-08-18T23:40:00.000Z,4328.990,4330.550,4328.200,4329.960,1202
2026-08-18T23:45:00.000Z,4329.950,4332.220,4329.720,4331.090,1561
2026-08-18T23:50:00.000Z,4331.070,4334.350,4330.070,4334.010,1227
2026-08-18T23:55:00.000Z,4334.040,4334.040,4331.560,4333.110,1126
2026-08-19T00:00:00.000Z,4333.400,4340.660,4331.680,4336.940,2482
2026-08-19T00:05:00.000Z,4336.980,4341.150,4336.050,4340.060,2254
2026-08-19T00:10:00.000Z,4339.850,4345.030,4338.310,4343.070,2229
2026-08-19T00:15:00.000Z,4343.050,4346.440,4343.050,4343.700,2110
2026-08-19T00:20:00.000Z,4343.710,4346.200,4341.630,4343.310,2077
2026-08-19T00:25:00.000Z,4343.270,4343.880,4339.290,4342.990,2015
2026-08-19T00:30:00.000Z,4342.980,4345.820,4339.850,4340.750,1986
2026-08-19T00:35:00.000Z,4340.670,4346.870,4340.640,4344.930,1864
2026-08-19T00:40:00.000Z,4344.880,4347.290,4343.190,4343.790,1700
2026-08-19T00:45:00.000Z,4343.720,4344.830,4342.460,4342.860,1762
2026-08-19T00:50:00.000Z,4342.890,4344.870,4341.420,4341.570,2170
2026-08-19T00:55:00.000Z,4341.850,4342.480,4337.230,4338.210,2475
2026-08-19T01:00:00.000Z,4338.260,4339.900,4324.690,4332.500,3828
2026-08-19T01:05:00.000Z,4332.470,4342.760,4331.460,4340.550,3204
2026-08-19T01:10:00.000Z,4340.390,4343.970,4337.200,4343.840,2775
2026-08-19T01:15:00.000Z,4343.830,4346.300,4334.620,4337.950,3146
2026-08-19T01:20:00.000Z,4337.990,4340.090,4333.120,4337.370,2912
2026-08-19T01:25:00.000Z,4337.380,4342.710,4335.650,4342.430,2491
2026-08-19T01:30:00.000Z,4342.470,4351.220,4342.470,4350.750,2848
2026-08-19T01:35:00.000Z,4350.740,4356.400,4350.180,4355.470,2574
2026-08-19T01:40:00.000Z,4355.450,4357.650,4354.250,4355.610,2149
2026-08-19T01:45:00.000Z,4355.590,4356.690,4350.870,4351.180,2295
2026-08-19T01:50:00.000Z,4351.100,4355.100,4350.670,4353.490,1954
2026-08-19T01:55:00.000Z,4353.470,4356.740,4352.900,4356.570,1857
2026-08-19T02:00:00.000Z,4356.540,4357.310,4351.760,4354.460,1828
2026-08-19T02:05:00.000Z,4354.500,4357.210,4352.950,4355.820,1807
2026-08-19T02:10:00.000Z,4355.920,4356.010,4352.650,4353.670,1634
2026-08-19T02:15:00.000Z,4353.750,4360.670,4352.590,4358.920,2398
2026-08-19T02:20:00.000Z,4358.950,4362.080,4358.130,4359.950,1580
2026-08-19T02:25:00.000Z,4359.960,4361.340,4359.200,4359.730,1227
2026-08-19T02:30:00.000Z,4359.870,4360.260,4355.670,4356.880,2235
2026-08-19T02:35:00.000Z,4356.890,4358.360,4354.160,4355.240,2085
2026-08-19T02:40:00.000Z,4355.160,4358.230,4354.820,4355.230,1799
2026-08-19T02:45:00.000Z,4355.310,4357.180,4354.120,4355.600,1935
2026-08-19T02:50:00.000Z,4355.640,4356.460,4352.790,4354.020,1934
2026-08-19T02:55:00.000Z,4354.070,4355.010,4351.490,4354.910,1984
2026-08-19T03:00:00.000Z,4354.900,4356.010,4352.730,4355.620,2061
2026-08-19T03:05:00.000Z,4355.630,4355.630,4351.990,4353.720,1638
2026-08-19T03:10:00.000Z,4353.870,4355.320,4353.500,4354.580,1352
2026-08-19T03:15:00.000Z,4354.570,4356.170,4351.910,4352.840,1495
2026-08-19T03:20:00.000Z,4352.780,4355.790,4351.920,4355.720,1249
2026-08-19T03:25:00.000Z,4355.930,4357.880,4355.910,4357.140,1281
2026-08-19T03:30:00.000Z,4357.220,4358.380,4356.000,4357.030,1064
2026-08-19T03:35:00.000Z,4357.030,4360.400,4357.030,4358.190,909
2026-08-19T03:40:00.000Z,4358.140,4358.820,4357.010,4358.610,1041
2026-08-19T03:45:00.000Z,4358.580,4358.880,4356.390,4357.870,926
2026-08-19T03:50:00.000Z,4357.930,4358.480,4355.730,4355.740,795
2026-08-19T03:55:00.000Z,4355.760,4356.600,4354.790,4355.010,682
2026-08-19T04:00:00.000Z,4355.170,4356.220,4353.420,4353.770,867
2026-08-19T04:05:00.000Z,4353.760,4354.850,4353.050,4354.470,558
2026-08-19T04:10:00.000Z,4354.470,4354.950,4353.600,4354.710,741
2026-08-19T04:15:00.000Z,4354.670,4354.990,4350.110,4352.370,1148
2026-08-19T04:20:00.000Z,4352.380,4352.840,4350.940,4351.670,1204
2026-08-19T04:25:00.000Z,4351.740,4351.740,4350.270,4351.210,858
2026-08-19T04:30:00.000Z,4351.270,4352.090,4349.590,4349.700,1195
2026-08-19T04:35:00.000Z,4349.730,4350.630,4346.550,4346.600,1037
2026-08-19T04:40:00.000Z,4346.570,4347.570,4345.030,4346.560,1087
2026-08-19T04:45:00.000Z,4346.550,4347.140,4345.890,4346.740,843
2026-08-19T04:50:00.000Z,4346.640,4346.680,4343.930,4344.930,900
2026-08-19T04:55:00.000Z,4345.130,4348.570,4344.540,4348.510,1170
2026-08-19T05:00:00.000Z,4348.460,4350.700,4346.350,4347.340,1523
2026-08-19T05:05:00.000Z,4347.360,4347.680,4342.450,4342.520,1392
2026-08-19T05:10:00.000Z,4342.570,4342.770,4338.850,4338.910,1373
2026-08-19T05:15:00.000Z,4338.920,4339.580,4336.720,4337.730,1184
2026-08-19T05:20:00.000Z,4337.660,4342.540,4337.460,4341.480,1389
2026-08-19T05:25:00.000Z,4341.530,4345.340,4340.470,4345.260,1225
2026-08-19T05:30:00.000Z,4345.400,4345.420,4336.920,4338.410,2958
2026-08-19T05:35:00.000Z,4338.450,4342.960,4336.800,4342.930,2176
2026-08-19T05:40:00.000Z,4342.940,4343.590,4339.930,4342.300,1906
2026-08-19T05:45:00.000Z,4342.300,4342.300,4335.180,4337.100,2178
2026-08-19T05:50:00.000Z,4337.090,4338.150,4335.200,4335.460,2048
2026-08-19T05:55:00.000Z,4335.470,4338.850,4335.270,4335.670,1752
2026-08-19T06:00:00.000Z,4335.670,4341.340,4335.340,4337.610,2577
2026-08-19T06:05:00.000Z,4337.670,4340.380,4335.390,4338.990,2356
2026-08-19T06:10:00.000Z,4339.020,4341.830,4337.250,4337.460,1852
2026-08-19T06:15:00.000Z,4337.270,4346.220,4336.910,4345.280,2237
2026-08-19T06:20:00.000Z,4345.290,4348.310,4344.740,4346.030,2037
2026-08-19T06:25:00.000Z,4346.130,4346.900,4340.580,4343.220,2076
2026-08-19T06:30:00.000Z,4343.250,4343.310,4337.160,4338.670,2345
2026-08-19T06:35:00.000Z,4338.660,4345.630,4338.660,4344.000,1831
2026-08-19T06:40:00.000Z,4343.960,4344.360,4341.510,4341.920,1729
2026-08-19T06:45:00.000Z,4341.960,4344.170,4340.810,4343.890,1905
2026-08-19T06:50:00.000Z,4343.900,4347.890,4343.900,4347.750,1992
2026-08-19T06:55:00.000Z,4347.660,4349.440,4347.390,4349.210,2052
2026-08-19T07:00:00.000Z,4349.180,4351.220,4347.460,4348.080,1907
2026-08-19T07:05:00.000Z,4348.020,4353.480,4347.840,4352.900,1690
2026-08-19T07:10:00.000Z,4352.930,4353.500,4349.870,4350.560,1252
2026-08-19T07:15:00.000Z,4350.540,4351.530,4347.530,4350.940,1469
2026-08-19T07:20:00.000Z,4350.740,4354.940,4348.960,4354.320,1670
2026-08-19T07:25:00.000Z,4354.310,4357.020,4353.990,4356.800,1715
2026-08-19T07:30:00.000Z,4356.780,4360.730,4356.350,4359.540,1611
2026-08-19T07:35:00.000Z,4359.530,4363.170,4357.280,4357.660,1580
2026-08-19T07:40:00.000Z,4357.540,4357.800,4352.790,4354.470,1495
2026-08-19T07:45:00.000Z,4354.480,4357.140,4354.280,4356.530,1372
2026-08-19T07:50:00.000Z,4356.520,4357.710,4354.830,4355.650,1295
2026-08-19T07:55:00.000Z,4355.690,4356.360,4354.640,4354.860,1141
2026-08-19T08:00:00.000Z,4354.780,4357.720,4351.150,4357.070,2323
2026-08-19T08:05:00.000Z,4357.120,4361.010,4356.230,4360.920,2072
2026-08-19T08:10:00.000Z,4360.890,4362.850,4360.020,4361.620,1782
2026-08-19T08:15:00.000Z,4361.620,4362.490,4359.860,4359.920,1528
2026-08-19T08:20:00.000Z,4359.730,4360.190,4357.380,4360.060,1640
2026-08-19T08:25:00.000Z,4360.020,4361.000,4358.290,4361.000,1616
2026-08-19T08:30:00.000Z,4360.970,4361.230,4356.920,4357.120,1729
2026-08-19T08:35:00.000Z,4357.160,4361.030,4356.560,4360.130,1388
2026-08-19T08:40:00.000Z,4360.320,4363.130,4359.530,4362.650,1454
2026-08-19T08:45:00.000Z,4362.640,4363.260,4360.830,4361.740,1387
2026-08-19T08:50:00.000Z,4361.730,4362.000,4358.240,4358.280,1459
2026-08-19T08:55:00.000Z,4358.410,4358.540,4354.840,4355.750,1608
2026-08-19T09:00:00.000Z,4355.730,4359.270,4355.090,4359.110,1837
2026-08-19T09:05:00.000Z,4359.100,4359.860,4355.460,4355.830,1630
2026-08-19T09:10:00.000Z,4355.800,4357.770,4355.570,4356.360,1515
2026-08-19T09:15:00.000Z,4356.350,4356.690,4353.510,4355.320,1657
2026-08-19T09:20:00.000Z,4355.340,4357.060,4353.680,4356.060,1608
2026-08-19T09:25:00.000Z,4356.050,4357.470,4354.050,4356.640,1370
2026-08-19T09:30:00.000Z,4356.540,4357.720,4355.420,4356.550,1601
2026-08-19T09:35:00.000Z,4356.610,4357.340,4356.040,4356.920,1213
2026-08-19T09:40:00.000Z,4356.940,4361.070,4356.670,4358.840,1448
2026-08-19T09:45:00.000Z,4358.810,4361.070,4358.420,4360.490,1355
2026-08-19T09:50:00.000Z,4360.500,4360.860,4358.060,4359.770,1375
2026-08-19T09:55:00.000Z,4359.840,4362.000,4359.160,4361.950,1494
2026-08-19T10:00:00.000Z,4362.000,4363.200,4359.820,4360.060,1588
2026-08-19T10:05:00.000Z,4360.060,4362.790,4359.650,4361.500,1204
2026-08-19T10:10:00.000Z,4361.470,4364.180,4360.920,4363.760,1457
2026-08-19T10:15:00.000Z,4363.800,4368.590,4363.590,4368.590,1615
2026-08-19T10:20:00.000Z,4368.530,4369.130,4366.870,4368.470,1456
2026-08-19T10:25:00.000Z,4368.280,4369.070,4366.730,4368.780,1211
2026-08-19T10:30:00.000Z,4368.830,4369.520,4365.930,4366.960,1224
2026-08-19T10:35:00.000Z,4367.050,4367.670,4366.560,4367.010,1026
2026-08-19T10:40:00.000Z,4366.910,4368.510,4366.480,4368.060,968
2026-08-19T10:45:00.000Z,4368.090,4369.530,4367.410,4368.530,938
2026-08-19T10:50:00.000Z,4368.490,4368.900,4367.120,4367.440,925
2026-08-19T10:55:00.000Z,4367.190,4367.950,4366.290,4367.310,823
2026-08-19T11:00:00.000Z,4367.340,4371.040,4367.340,4370.910,1717
2026-08-19T11:05:00.000Z,4370.910,4373.730,4370.680,4371.230,1528
2026-08-19T11:10:00.000Z,4371.230,4374.070,4370.800,4373.350,1366
2026-08-19T11:15:00.000Z,4373.350,4374.090,4369.630,4370.460,1174
2026-08-19T11:20:00.000Z,4370.470,4371.340,4368.930,4370.930,1055
2026-08-19T11:25:00.000Z,4370.920,4373.410,4370.540,4370.940,1283
2026-08-19T11:30:00.000Z,4371.010,4371.740,4368.630,4369.430,1401
2026-08-19T11:35:00.000Z,4369.370,4369.950,4367.040,4368.000,1283
2026-08-19T11:40:00.000Z,4368.010,4368.030,4363.190,4363.640,1578
2026-08-19T11:45:00.000Z,4363.600,4367.610,4363.460,4367.410,1416
2026-08-19T11:50:00.000Z,4367.330,4367.420,4363.750,4365.840,1262
2026-08-19T11:55:00.000Z,4365.830,4366.420,4364.270,4364.710,1320
2026-08-19T12:00:00.000Z,4364.770,4365.370,4362.160,4364.100,1603
2026-08-19T12:05:00.000Z,4364.130,4368.340,4363.510,4367.900,1684
2026-08-19T12:10:00.000Z,4367.900,4370.680,4366.850,4368.350,1647
2026-08-19T12:15:00.000Z,4368.630,4370.150,4366.050,4368.140,1461
2026-08-19T12:20:00.000Z,4368.320,4373.540,4367.840,4370.300,2464
2026-08-19T12:25:00.000Z,4370.290,4371.220,4367.850,4369.430,1852
2026-08-19T12:30:00.000Z,4369.400,4385.010,4368.730,4384.540,2946
2026-08-19T12:35:00.000Z,4384.560,4416.630,4382.940,4412.660,4400
2026-08-19T12:40:00.000Z,4412.500,4420.820,4406.640,4417.590,4278
2026-08-19T12:45:00.000Z,4417.820,4421.180,4411.520,4417.450,4163
2026-08-19T12:50:00.000Z,4417.460,4428.790,4411.470,4428.530,4111
2026-08-19T12:55:00.000Z,4428.440,4442.260,4426.450,4438.830,4132
2026-08-19T13:00:00.000Z,4438.810,4442.010,4427.220,4427.530,4179
2026-08-19T13:05:00.000Z,4427.570,4441.590,4424.350,4441.590,4054
2026-08-19T13:10:00.000Z,4441.570,4460.830,4441.320,4456.280,4131
2026-08-19T13:15:00.000Z,4456.670,4464.280,4455.960,4460.430,3588
2026-08-19T13:20:00.000Z,4460.400,4462.910,4455.010,4459.330,3607
2026-08-19T13:25:00.000Z,4459.130,4461.370,4455.460,4458.240,3722
2026-08-19T13:30:00.000Z,4458.290,4466.230,4455.350,4461.720,4285
2026-08-19T13:35:00.000Z,4461.690,4461.950,4442.380,4455.840,4327
2026-08-19T13:40:00.000Z,4455.860,4464.470,4449.960,4460.650,4041
2026-08-19T13:45:00.000Z,4460.470,4462.030,4449.770,4450.400,4060
2026-08-19T13:50:00.000Z,4450.280,4456.430,4445.180,4453.610,4041
2026-08-19T13:55:00.000Z,4453.650,4463.270,4451.610,4459.850,4054
2026-08-19T14:00:00.000Z,4459.690,4462.680,4455.340,4460.540,4046
2026-08-19T14:05:00.000Z,4460.630,4472.040,4460.630,4471.970,4011
2026-08-19T14:10:00.000Z,4471.950,4475.630,4469.070,4473.780,3959
2026-08-19T14:15:00.000Z,4473.880,4478.380,4471.460,4471.460,3977
2026-08-19T14:20:00.000Z,4471.510,4480.380,4470.250,4478.520,3881
2026-08-19T14:25:00.000Z,4478.510,4487.830,4477.590,4486.040,3875
2026-08-19T14:30:00.000Z,4486.100,4491.400,4484.080,4487.580,3803
2026-08-19T14:35:00.000Z,4487.610,4491.560,4486.760,4489.270,3545
2026-08-19T14:40:00.000Z,4489.360,4498.740,4487.430,4489.590,3829
2026-08-19T14:45:00.000Z,4489.600,4489.640,4478.070,4479.260,3748
2026-08-19T14:50:00.000Z,4479.290,4486.830,4478.540,4485.720,3558
2026-08-19T14:55:00.000Z,4485.970,4489.720,4485.390,4488.240,3351
2026-08-19T15:00:00.000Z,4488.410,4488.410,4481.100,4484.880,3550
2026-08-19T15:05:00.000Z,4485.020,4487.180,4482.070,4482.130,3245
2026-08-19T15:10:00.000Z,4482.140,4487.750,4479.880,4485.070,3122
2026-08-19T15:15:00.000Z,4485.610,4487.360,4483.810,4486.290,3111
2026-08-19T15:20:00.000Z,4486.050,4487.920,4481.100,4481.100,3106
2026-08-19T15:25:00.000Z,4481.050,4484.610,4478.210,4483.700,3478
2026-08-19T15:30:00.000Z,4483.600,4486.160,4480.380,4484.770,3241
2026-08-19T15:35:00.000Z,4484.900,4488.390,4484.760,4487.210,2656
2026-08-19T15:40:00.000Z,4487.190,4492.600,4484.890,4490.290,2805
2026-08-19T15:45:00.000Z,4490.240,4494.060,4489.890,4490.740,2882
2026-08-19T15:50:00.000Z,4490.720,4492.860,4488.710,4491.280,2607
2026-08-19T15:55:00.000Z,4491.220,4493.870,4490.900,4493.850,2347
2026-08-19T16:00:00.000Z,4493.860,4497.430,4493.250,4493.390,2918
2026-08-19T16:05:00.000Z,4493.440,4497.520,4491.180,4497.360,2605
2026-08-19T16:10:00.000Z,4497.290,4499.040,4496.700,4497.700,2321
2026-08-19T16:15:00.000Z,4497.810,4499.340,4495.020,4495.130,2502
2026-08-19T16:20:00.000Z,4495.090,4496.730,4493.520,4494.940,2515
2026-08-19T16:25:00.000Z,4494.990,4495.640,4490.630,4491.230,2429
2026-08-19T16:30:00.000Z,4491.310,4495.750,4490.700,4495.670,2234
2026-08-19T16:35:00.000Z,4495.680,4496.210,4492.150,4495.510,2381
2026-08-19T16:40:00.000Z,4495.530,4496.380,4493.830,4495.210,2488
2026-08-19T16:45:00.000Z,4495.190,4496.790,4493.620,4494.720,2315
2026-08-19T16:50:00.000Z,4494.700,4497.830,4494.250,4494.600,2532
2026-08-19T16:55:00.000Z,4494.630,4495.310,4493.230,4493.300,2467
2026-08-19T17:00:00.000Z,4493.630,4499.030,4493.480,4496.820,2880
2026-08-19T17:05:00.000Z,4496.820,4497.270,4491.520,4493.170,2682
2026-08-19T17:10:00.000Z,4493.130,4493.970,4488.990,4492.560,2730
2026-08-19T17:15:00.000Z,4492.750,4492.790,4487.170,4489.230,2431
2026-08-19T17:20:00.000Z,4489.290,4490.600,4487.840,4489.410,2672
2026-08-19T17:25:00.000Z,4489.400,4489.560,4486.210,4488.020,2672
2026-08-19T17:30:00.000Z,4488.210,4489.130,4484.420,4488.220,2216
2026-08-19T17:35:00.000Z,4488.240,4490.040,4486.630,4488.500,1904
2026-08-19T17:40:00.000Z,4488.510,4491.680,4487.200,4488.740,2012
2026-08-19T17:45:00.000Z,4488.500,4489.570,4487.720,4488.380,1739
2026-08-19T17:50:00.000Z,4488.390,4489.140,4485.640,4486.440,1786
2026-08-19T17:55:00.000Z,4486.540,4487.050,4484.440,4486.960,1698
2026-08-19T18:00:00.000Z,4487.090,4495.850,4485.690,4495.740,3144
2026-08-19T18:05:00.000Z,4495.750,4496.510,4486.290,4489.040,3206
2026-08-19T18:10:00.000Z,4489.000,4490.330,4486.210,4488.050,2543
2026-08-19T18:15:00.000Z,4488.030,4488.030,4482.470,4484.940,2526
2026-08-19T18:20:00.000Z,4485.010,4485.170,4481.150,4481.470,2394
2026-08-19T18:25:00.000Z,4481.510,4481.910,4472.940,4475.480,2976
2026-08-19T18:30:00.000Z,4475.550,4481.300,4472.160,4480.650,3082
2026-08-19T18:35:00.000Z,4480.660,4484.590,4478.890,4484.160,2606
2026-08-19T18:40:00.000Z,4484.320,4491.670,4483.740,4490.490,2576
2026-08-19T18:45:00.000Z,4490.540,4492.110,4489.500,4491.610,2033
2026-08-19T18:50:00.000Z,4491.620,4496.800,4490.860,4494.480,2094
2026-08-19T18:55:00.000Z,4494.440,4495.890,4494.100,4495.210,2092
2026-08-19T19:00:00.000Z,4495.140,4498.510,4494.520,4496.970,2652
2026-08-19T19:05:00.000Z,4497.120,4505.700,4495.350,4505.180,2663
2026-08-19T19:10:00.000Z,4505.150,4505.500,4502.310,4503.320,2459
2026-08-19T19:15:00.000Z,4503.340,4506.230,4503.090,4504.410,2347
2026-08-19T19:20:00.000Z,4504.370,4505.370,4502.660,4505.370,2124
2026-08-19T19:25:00.000Z,4505.300,4507.690,4503.380,4507.020,2541
2026-08-19T19:30:00.000Z,4507.070,4510.680,4505.910,4509.470,2584
2026-08-19T19:35:00.000Z,4509.580,4510.250,4503.670,4505.870,2582
2026-08-19T19:40:00.000Z,4506.010,4507.680,4502.910,4507.120,2563
2026-08-19T19:45:00.000Z,4507.040,4511.300,4505.280,4511.060,2745
2026-08-19T19:50:00.000Z,4510.790,4512.050,4508.380,4511.480,2998
2026-08-19T19:55:00.000Z,4511.080,4512.250,4508.680,4511.260,2938
2026-08-19T20:00:00.000Z,4511.270,4511.770,4508.990,4509.480,1318
2026-08-19T20:05:00.000Z,4509.470,4510.560,4507.920,4510.530,987
2026-08-19T20:10:00.000Z,4510.630,4512.100,4505.320,4506.900,1321
2026-08-19T20:15:00.000Z,4506.960,4511.240,4506.470,4510.440,1044
2026-08-19T20:20:00.000Z,4510.450,4519.550,4510.180,4517.880,1157
2026-08-19T20:25:00.000Z,4518.140,4522.150,4517.460,4518.580,1993
2026-08-19T20:30:00.000Z,4518.490,4523.650,4518.120,4521.550,1532
2026-08-19T20:35:00.000Z,4521.590,4521.590,4518.780,4519.770,989
2026-08-19T20:40:00.000Z,4519.690,4520.750,4518.890,4519.450,801
2026-08-19T20:45:00.000Z,4519.820,4522.050,4519.520,4520.950,916
2026-08-19T20:50:00.000Z,4520.910,4524.100,4520.760,4523.830,1174
2026-08-19T20:55:00.000Z,4523.790,4524.220,4522.290,4522.920,1022
2026-08-19T22:00:00.000Z,4518.710,4527.370,4518.710,4521.340,2000
2026-08-19T22:05:00.000Z,4521.300,4523.600,4520.420,4520.850,1620
2026-08-19T22:10:00.000Z,4520.810,4521.640,4518.680,4519.910,1486
2026-08-19T22:15:00.000Z,4519.910,4520.820,4519.230,4520.040,1017
2026-08-19T22:20:00.000Z,4520.050,4521.400,4519.080,4521.400,881
2026-08-19T22:25:00.000Z,4521.360,4521.500,4519.580,4520.900,804
2026-08-19T22:30:00.000Z,4520.920,4522.020,4518.070,4519.100,1361
2026-08-19T22:35:00.000Z,4519.180,4520.080,4517.750,4518.030,933
2026-08-19T22:40:00.000Z,4518.300,4519.520,4518.020,4518.620,747
2026-08-19T22:45:00.000Z,4518.540,4521.270,4517.890,4519.680,730
2026-08-19T22:50:00.000Z,4519.800,4522.010,4518.880,4519.730,723
2026-08-19T22:55:00.000Z,4519.780,4520.090,4516.380,4518.880,1030
2026-08-19T23:00:00.000Z,4518.990,4523.700,4517.440,4521.180,1937
2026-08-19T23:05:00.000Z,4521.160,4523.730,4521.160,4521.970,1353
2026-08-19T23:10:00.000Z,4521.960,4521.990,4519.490,4519.490,822
2026-08-19T23:15:00.000Z,4519.320,4520.250,4518.190,4520.110,907
2026-08-19T23:20:00.000Z,4520.120,4520.270,4515.400,4519.130,1306
2026-08-19T23:25:00.000Z,4519.120,4519.300,4516.280,4517.730,905
2026-08-19T23:30:00.000Z,4517.900,4518.260,4514.150,4514.150,1028
2026-08-19T23:35:00.000Z,4514.260,4516.380,4513.930,4514.090,1143
2026-08-19T23:40:00.000Z,4514.160,4515.590,4513.770,4514.420,863
2026-08-19T23:45:00.000Z,4514.540,4517.430,4514.180,4514.920,1131
2026-08-19T23:50:00.000Z,4514.890,4515.260,4512.140,4513.030,1045
2026-08-19T23:55:00.000Z,4513.010,4513.260,4511.370,4511.810,1024
2026-08-20T00:00:00.000Z,4511.400,4518.760,4510.330,4514.870,2797
2026-08-20T00:05:00.000Z,4514.620,4518.300,4514.130,4515.040,2358
2026-08-20T00:10:00.000Z,4515.040,4516.450,4512.640,4516.230,1979
2026-08-20T00:15:00.000Z,4516.270,4521.290,4514.050,4517.840,2308
2026-08-20T00:20:00.000Z,4517.910,4518.000,4510.140,4511.900,2421
2026-08-20T00:25:00.000Z,4511.890,4512.530,4508.680,4510.360,1917
2026-08-20T00:30:00.000Z,4510.270,4513.210,4509.400,4511.490,2052
2026-08-20T00:35:00.000Z,4511.500,4511.700,4508.830,4509.420,1581
2026-08-20T00:40:00.000Z,4509.420,4509.520,4503.970,4506.230,1914
2026-08-20T00:45:00.000Z,4505.860,4508.050,4504.760,4507.690,1810
2026-08-20T00:50:00.000Z,4507.680,4510.200,4504.850,4506.280,1950
2026-08-20T00:55:00.000Z,4506.360,4510.500,4503.990,4504.690,2171
2026-08-20T01:00:00.000Z,4504.990,4510.190,4492.790,4493.280,3867
2026-08-20T01:05:00.000Z,4493.170,4499.620,4491.830,4498.620,3272
2026-08-20T01:10:00.000Z,4498.530,4498.530,4492.300,4493.310,2931
2026-08-20T01:15:00.000Z,4493.450,4499.560,4492.640,4498.770,3048
2026-08-20T01:20:00.000Z,4498.780,4503.330,4498.780,4502.330,2835
2026-08-20T01:25:00.000Z,4502.350,4503.210,4497.770,4500.570,2544
2026-08-20T01:30:00.000Z,4500.550,4501.230,4495.550,4498.520,3185
2026-08-20T01:35:00.000Z,4498.720,4499.890,4493.790,4495.550,2805
2026-08-20T01:40:00.000Z,4495.610,4499.400,4493.460,4493.930,2538
2026-08-20T01:45:00.000Z,4493.900,4495.650,4489.200,4489.790,2335
2026-08-20T01:50:00.000Z,4489.890,4490.690,4484.480,4485.110,2407
2026-08-20T01:55:00.000Z,4485.060,4490.750,4484.740,4489.730,2704
2026-08-20T02:00:00.000Z,4489.830,4498.630,4488.650,4497.780,2996
2026-08-20T02:05:00.000Z,4497.770,4499.070,4494.270,4495.740,2787
2026-08-20T02:10:00.000Z,4495.770,4499.710,4495.630,4497.830,2372
2026-08-20T02:15:00.000Z,4497.780,4497.840,4489.590,4491.570,1770
2026-08-20T02:20:00.000Z,4491.560,4494.360,4489.570,4494.010,1638
2026-08-20T02:25:00.000Z,4493.970,4494.950,4491.250,4492.830,1491
2026-08-20T02:30:00.000Z,4492.910,4494.480,4490.920,4491.880,2286
2026-08-20T02:35:00.000Z,4491.850,4493.950,4490.330,4492.840,1935
2026-08-20T02:40:00.000Z,4492.790,4493.940,4490.190,4490.640,1715
2026-08-20T02:45:00.000Z,4490.840,4492.040,4489.070,4489.080,1708
2026-08-20T02:50:00.000Z,4489.080,4494.710,4488.980,4493.570,2076
2026-08-20T02:55:00.000Z,4493.580,4493.580,4490.600,4490.810,1808
2026-08-20T03:00:00.000Z,4490.840,4496.400,4490.810,4495.940,1966
2026-08-20T03:05:00.000Z,4495.950,4497.080,4491.590,4492.280,2088
2026-08-20T03:10:00.000Z,4492.200,4492.780,4488.180,4492.780,2259
2026-08-20T03:15:00.000Z,4492.730,4493.690,4490.500,4492.970,1806
2026-08-20T03:20:00.000Z,4492.990,4496.130,4491.340,4495.260,1851
2026-08-20T03:25:00.000Z,4495.310,4496.620,4493.210,4493.610,1664
2026-08-20T03:30:00.000Z,4493.600,4498.360,4492.350,4498.010,1524
2026-08-20T03:35:00.000Z,4497.830,4497.960,4494.750,4497.500,1480
2026-08-20T03:40:00.000Z,4497.480,4498.780,4496.150,4498.000,1205
2026-08-20T03:45:00.000Z,4497.780,4498.500,4497.060,4498.480,1212
2026-08-20T03:50:00.000Z,4498.470,4500.370,4496.930,4499.940,1633
2026-08-20T03:55:00.000Z,4499.930,4500.970,4498.090,4498.840,1379
2026-08-20T04:00:00.000Z,4498.860,4499.250,4495.040,4495.810,1437
2026-08-20T04:05:00.000Z,4495.800,4497.740,4495.640,4496.960,1185
2026-08-20T04:10:00.000Z,4496.940,4497.560,4496.200,4496.520,1106
2026-08-20T04:15:00.000Z,4496.470,4497.250,4495.160,4496.750,1133
2026-08-20T04:20:00.000Z,4496.710,4497.190,4494.240,4495.360,1399
2026-08-20T04:25:00.000Z,4495.360,4495.360,4489.910,4490.030,1318
2026-08-20T04:30:00.000Z,4490.010,4490.950,4486.880,4488.320,1746
2026-08-20T04:35:00.000Z,4488.290,4488.740,4486.410,4487.130,1409
2026-08-20T04:40:00.000Z,4487.310,4488.780,4486.900,4487.210,943
2026-08-20T04:45:00.000Z,4487.200,4490.540,4487.040,4490.300,949
2026-08-20T04:50:00.000Z,4490.300,4491.560,4489.560,4489.890,1096
2026-08-20T04:55:00.000Z,4489.850,4491.380,4488.130,4488.620,1182
2026-08-20T05:00:00.000Z,4488.600,4491.740,4488.310,4491.680,1151
2026-08-20T05:05:00.000Z,4491.760,4494.050,4491.030,4491.030,1176
2026-08-20T05:10:00.000Z,4491.040,4491.730,4484.170,4485.610,1552
2026-08-20T05:15:00.000Z,4485.650,4486.880,4484.310,4484.570,1585
2026-08-20T05:20:00.000Z,4484.600,4487.090,4484.340,4486.430,1114
2026-08-20T05:25:00.000Z,4486.430,4486.430,4483.100,4483.180,1293
2026-08-20T05:30:00.000Z,4483.270,4486.100,4479.520,4480.480,2460
2026-08-20T05:35:00.000Z,4480.510,4481.690,4478.100,4480.430,1812
2026-08-20T05:40:00.000Z,4480.140,4482.330,4479.150,4480.760,1758
2026-08-20T05:45:00.000Z,4480.740,4481.650,4479.180,4481.270,1510
2026-08-20T05:50:00.000Z,4481.280,4481.720,4478.450,4478.620,1849
2026-08-20T05:55:00.000Z,4478.630,4483.210,4478.010,4481.360,1787
2026-08-20T06:00:00.000Z,4481.390,4488.800,4480.070,4488.610,2136
2026-08-20T06:05:00.000Z,4488.520,4491.400,4487.960,4490.210,1743
2026-08-20T06:10:00.000Z,4490.260,4493.430,4489.860,4492.860,1923
2026-08-20T06:15:00.000Z,4492.940,4495.980,4491.880,4493.650,2060
2026-08-20T06:20:00.000Z,4493.360,4494.410,4492.280,4493.200,1695
2026-08-20T06:25:00.000Z,4493.240,4495.550,4493.030,4494.150,1424
2026-08-20T06:30:00.000Z,4494.090,4495.180,4492.340,4495.110,1492
2026-08-20T06:35:00.000Z,4495.090,4495.400,4493.330,4493.720,1380
2026-08-20T06:40:00.000Z,4493.660,4494.410,4491.810,4492.490,1509
2026-08-20T06:45:00.000Z,4492.550,4495.270,4492.530,4493.250,1758
2026-08-20T06:50:00.000Z,4493.250,4493.290,4491.320,4492.000,1413
2026-08-20T06:55:00.000Z,4491.950,4494.290,4491.250,4493.880,1567
2026-08-20T07:00:00.000Z,4493.690,4493.790,4487.640,4488.700,1974
2026-08-20T07:05:00.000Z,4488.590,4490.750,4487.510,4489.150,1789
2026-08-20T07:10:00.000Z,4489.180,4490.480,4487.290,4487.960,1585
2026-08-20T07:15:00.000Z,4487.950,4490.500,4487.050,4487.170,1593
2026-08-20T07:20:00.000Z,4487.140,4488.190,4485.590,4485.650,1631
2026-08-20T07:25:00.000Z,4485.640,4486.240,4483.750,4484.040,1651
2026-08-20T07:30:00.000Z,4484.040,4489.720,4483.570,4489.720,2146
2026-08-20T07:35:00.000Z,4489.740,4491.320,4489.100,4490.130,1982
2026-08-20T07:40:00.000Z,4490.000,4493.310,4489.300,4491.190,2010
2026-08-20T07:45:00.000Z,4491.100,4493.970,4489.330,4489.440,1616
2026-08-20T07:50:00.000Z,4489.200,4491.060,4488.440,4491.000,1358
2026-08-20T07:55:00.000Z,4491.320,4492.380,4489.280,4490.970,1766
2026-08-20T08:00:00.000Z,4491.030,4494.770,4490.660,4492.620,2378
2026-08-20T08:05:00.000Z,4492.600,4494.420,4491.250,4494.030,1990
2026-08-20T08:10:00.000Z,4494.120,4495.350,4491.800,4494.430,1773
2026-08-20T08:15:00.000Z,4494.420,4498.730,4494.090,4496.330,1901
2026-08-20T08:20:00.000Z,4496.320,4498.090,4495.060,4495.670,1773
2026-08-20T08:25:00.000Z,4495.660,4496.270,4490.110,4491.360,1918
2026-08-20T08:30:00.000Z,4491.340,4493.250,4487.250,4493.190,2436
2026-08-20T08:35:00.000Z,4493.200,4495.400,4490.130,4491.740,2002
2026-08-20T08:40:00.000Z,4491.610,4492.960,4490.290,4490.630,1676
2026-08-20T08:45:00.000Z,4490.620,4491.620,4488.030,4488.040,1722
2026-08-20T08:50:00.000Z,4488.190,4492.010,4487.710,4491.840,1516
2026-08-20T08:55:00.000Z,4491.820,4492.110,4487.740,4489.420,1565
2026-08-20T09:00:00.000Z,4489.430,4491.160,4488.570,4490.800,1616
2026-08-20T09:05:00.000Z,4490.820,4493.310,4488.890,4491.730,1592
2026-08-20T09:10:00.000Z,4491.690,4494.140,4491.430,4492.350,1659
2026-08-20T09:15:00.000Z,4492.410,4493.900,4489.250,4489.380,1592
2026-08-20T09:20:00.000Z,4489.370,4492.980,4488.400,4489.940,1568
2026-08-20T09:25:00.000Z,4489.940,4490.850,4488.180,4490.040,1289
2026-08-20T09:30:00.000Z,4490.030,4490.630,4486.970,4487.580,1864
2026-08-20T09:35:00.000Z,4487.890,4488.480,4484.560,4486.170,1625
2026-08-20T09:40:00.000Z,4486.180,4490.380,4485.890,4489.240,1366
2026-08-20T09:45:00.000Z,4489.130,4489.130,4485.120,4485.590,1286
2026-08-20T09:50:00.000Z,4485.610,4486.230,4481.710,4483.900,2109
2026-08-20T09:55:00.000Z,4483.890,4484.690,4481.800,4482.770,1405
2026-08-20T10:00:00.000Z,4482.730,4486.080,4480.740,4485.490,1583
2026-08-20T10:05:00.000Z,4485.410,4489.820,4485.370,4489.600,1424
2026-08-20T10:10:00.000Z,4489.550,4491.370,4488.240,4490.530,1366
2026-08-20T10:15:00.000Z,4490.580,4491.700,4490.060,4490.570,1420
2026-08-20T10:20:00.000Z,4490.630,4490.870,4486.480,4488.980,1372
2026-08-20T10:25:00.000Z,4489.090,4494.150,4488.440,4493.800,1607
2026-08-20T10:30:00.000Z,4493.940,4494.910,4492.550,4493.130,1306
2026-08-20T10:35:00.000Z,4493.110,4494.710,4490.130,4490.510,1619
2026-08-20T10:40:00.000Z,4490.440,4491.250,4490.090,4491.190,1144
2026-08-20T10:45:00.000Z,4491.170,4491.240,4488.730,4490.210,1205
2026-08-20T10:50:00.000Z,4490.250,4490.810,4487.570,4487.980,1257
2026-08-20T10:55:00.000Z,4487.890,4490.580,4487.620,4490.130,1298
2026-08-20T11:00:00.000Z,4490.170,4491.270,4487.640,4488.330,2104
2026-08-20T11:05:00.000Z,4488.370,4488.430,4485.660,4487.360,1513
2026-08-20T11:10:00.000Z,4487.350,4487.590,4482.710,4485.260,1579
2026-08-20T11:15:00.000Z,4484.970,4485.900,4481.170,4482.380,1593
2026-08-20T11:20:00.000Z,4482.420,4487.570,4481.730,4487.570,1775
2026-08-20T11:25:00.000Z,4487.380,4489.830,4484.220,4484.280,1606
2026-08-20T11:30:00.000Z,4484.350,4485.930,4482.660,4484.930,1752
2026-08-20T11:35:00.000Z,4484.810,4486.860,4480.000,4481.710,1899
2026-08-20T11:40:00.000Z,4481.780,4482.600,4474.290,4474.900,2311
2026-08-20T11:45:00.000Z,4474.880,4475.760,4465.840,4471.190,2944
2026-08-20T11:50:00.000Z,4471.050,4472.930,4466.250,4467.280,2783
2026-08-20T11:55:00.000Z,4467.270,4471.080,4465.470,4467.060,2512
2026-08-20T12:00:00.000Z,4467.160,4467.350,4457.270,4458.170,3380
2026-08-20T12:05:00.000Z,4458.180,4459.250,4450.690,4457.130,3666
2026-08-20T12:10:00.000Z,4457.170,4466.330,4456.870,4462.580,3247
2026-08-20T12:15:00.000Z,4462.850,4467.420,4462.320,4467.000,3191
2026-08-20T12:20:00.000Z,4466.970,4467.910,4461.870,4463.940,3024
2026-08-20T12:25:00.000Z,4463.880,4463.880,4457.060,4459.490,2765
2026-08-20T12:30:00.000Z,4459.480,4461.080,4451.270,4453.440,3122
2026-08-20T12:35:00.000Z,4453.370,4463.330,4451.820,4463.110,3184
2026-08-20T12:40:00.000Z,4462.980,4467.030,4460.120,4466.710,2986
2026-08-20T12:45:00.000Z,4466.680,4471.610,4464.150,4471.430,2669
2026-08-20T12:50:00.000Z,4471.320,4475.430,4470.080,4472.180,2434
2026-08-20T12:55:00.000Z,4472.520,4477.160,4471.890,4474.830,2558
2026-08-20T13:00:00.000Z,4474.890,4484.610,4474.030,4478.520,3413
2026-08-20T13:05:00.000Z,4478.530,4480.320,4473.160,4473.720,2902
2026-08-20T13:10:00.000Z,4473.770,4475.870,4471.870,4472.820,3024
2026-08-20T13:15:00.000Z,4472.860,4476.710,4470.990,4474.760,3095
2026-08-20T13:20:00.000Z,4474.910,4476.620,4471.480,4474.190,2545
2026-08-20T13:25:00.000Z,4473.980,4474.430,4470.200,4471.760,2697
2026-08-20T13:30:00.000Z,4471.840,4477.210,4469.320,4475.800,3670
2026-08-20T13:35:00.000Z,4475.710,4486.520,4474.680,4483.860,4133
2026-08-20T13:40:00.000Z,4483.690,4487.910,4477.890,4486.680,3821
2026-08-20T13:45:00.000Z,4486.790,4489.320,4480.220,4482.340,3899
2026-08-20T13:50:00.000Z,4482.160,4486.560,4481.130,4485.730,3588
2026-08-20T13:55:00.000Z,4485.870,4486.550,4479.460,4481.740,3146
2026-08-20T14:00:00.000Z,4481.680,4490.680,4481.630,4483.400,3706
2026-08-20T14:05:00.000Z,4483.530,4486.870,4480.890,4485.460,3562
2026-08-20T14:10:00.000Z,4484.730,4489.100,4483.640,4485.120,3457
2026-08-20T14:15:00.000Z,4485.140,4489.570,4481.830,4482.170,3196
2026-08-20T14:20:00.000Z,4482.200,4493.910,4481.740,4490.930,3625
2026-08-20T14:25:00.000Z,4490.720,4493.140,4486.850,4491.650,3304
2026-08-20T14:30:00.000Z,4491.930,4497.010,4491.840,4494.450,3282
2026-08-20T14:35:00.000Z,4494.520,4500.870,4493.140,4495.860,3342
2026-08-20T14:40:00.000Z,4496.010,4501.260,4493.750,4499.320,3021
2026-08-20T14:45:00.000Z,4499.210,4508.890,4498.800,4508.110,3167
2026-08-20T14:50:00.000Z,4508.080,4510.470,4504.930,4509.910,3068
2026-08-20T14:55:00.000Z,4509.920,4516.370,4509.430,4516.030,3156
2026-08-20T15:00:00.000Z,4516.160,4536.640,4515.150,4535.770,4232
2026-08-20T15:05:00.000Z,4535.610,4536.470,4522.440,4524.690,4226
2026-08-20T15:10:00.000Z,4524.560,4537.390,4521.510,4534.700,4223
2026-08-20T15:15:00.000Z,4534.910,4540.750,4530.550,4539.770,4121
2026-08-20T15:20:00.000Z,4539.760,4540.930,4523.590,4527.140,3975
2026-08-20T15:25:00.000Z,4527.100,4534.190,4525.790,4532.510,3684
2026-08-20T15:30:00.000Z,4532.520,4533.820,4522.720,4523.950,3617
2026-08-20T15:35:00.000Z,4524.010,4526.720,4517.370,4518.590,3635
2026-08-20T15:40:00.000Z,4518.580,4519.630,4510.130,4511.510,3531
2026-08-20T15:45:00.000Z,4511.510,4521.450,4510.960,4520.190,3565
2026-08-20T15:50:00.000Z,4520.130,4521.510,4515.690,4519.210,3408
2026-08-20T15:55:00.000Z,4519.320,4524.170,4517.690,4521.620,2691
2026-08-20T16:00:00.000Z,4521.650,4524.820,4519.330,4519.690,3118
2026-08-20T16:05:00.000Z,4519.760,4522.140,4518.780,4520.060,2878
2026-08-20T16:10:00.000Z,4520.070,4520.410,4510.430,4511.180,3008
2026-08-20T16:15:00.000Z,4511.180,4513.190,4508.520,4512.040,2907
2026-08-20T16:20:00.000Z,4512.220,4513.020,4509.330,4511.880,2769
2026-08-20T16:25:00.000Z,4511.850,4511.890,4505.540,4509.330,2634
2026-08-20T16:30:00.000Z,4509.350,4509.900,4502.750,4509.260,2801
2026-08-20T16:35:00.000Z,4509.140,4512.700,4507.130,4507.330,2808
2026-08-20T16:40:00.000Z,4507.320,4510.300,4507.100,4509.250,2449
2026-08-20T16:45:00.000Z,4509.250,4512.500,4507.450,4511.970,2299
2026-08-20T16:50:00.000Z,4512.000,4513.690,4508.760,4509.540,2369
2026-08-20T16:55:00.000Z,4509.510,4511.120,4507.830,4510.020,2386
2026-08-20T17:00:00.000Z,4510.050,4513.780,4509.920,4511.570,2101
2026-08-20T17:05:00.000Z,4511.580,4511.860,4507.800,4510.060,1997
2026-08-20T17:10:00.000Z,4510.040,4510.590,4507.780,4509.410,1905
2026-08-20T17:15:00.000Z,4509.400,4511.350,4507.880,4508.760,2213
2026-08-20T17:20:00.000Z,4508.700,4514.170,4508.370,4511.250,2377
2026-08-20T17:25:00.000Z,4511.190,4516.660,4509.380,4512.900,2571
2026-08-20T17:30:00.000Z,4513.030,4518.470,4510.830,4518.280,2367
2026-08-20T17:35:00.000Z,4518.270,4518.770,4516.140,4516.760,1956
2026-08-20T17:40:00.000Z,4516.680,4518.380,4516.130,4518.260,1695
2026-08-20T17:45:00.000Z,4518.250,4520.300,4517.310,4519.200,1732
2026-08-20T17:50:00.000Z,4519.150,4520.120,4517.120,4518.700,1725
2026-08-20T17:55:00.000Z,4518.690,4520.460,4518.010,4519.900,1696
2026-08-20T18:00:00.000Z,4519.920,4522.280,4518.220,4521.790,2043
2026-08-20T18:05:00.000Z,4521.800,4522.430,4514.750,4516.620,2301
2026-08-20T18:10:00.000Z,4516.700,4516.700,4509.520,4510.750,2423
2026-08-20T18:15:00.000Z,4510.710,4516.360,4508.340,4515.970,2410
2026-08-20T18:20:00.000Z,4515.960,4518.150,4515.080,4516.540,1947
2026-08-20T18:25:00.000Z,4516.520,4520.210,4516.520,4519.080,1877
2026-08-20T18:30:00.000Z,4518.770,4521.460,4518.590,4519.520,1692
2026-08-20T18:35:00.000Z,4519.560,4523.540,4518.960,4521.250,1968
2026-08-20T18:40:00.000Z,4521.260,4522.080,4519.820,4520.220,1742
2026-08-20T18:45:00.000Z,4520.360,4521.510,4518.090,4521.470,1655
2026-08-20T18:50:00.000Z,4521.460,4525.340,4521.100,4524.730,1644
2026-08-20T18:55:00.000Z,4524.740,4525.020,4521.350,4522.060,1892
2026-08-20T19:00:00.000Z,4522.050,4522.620,4518.210,4521.730,2056
2026-08-20T19:05:00.000Z,4521.730,4526.250,4521.420,4526.160,1801
2026-08-20T19:10:00.000Z,4526.170,4528.160,4524.370,4527.760,1861
2026-08-20T19:15:00.000Z,4527.750,4529.460,4525.660,4525.930,1825
2026-08-20T19:20:00.000Z,4525.940,4528.120,4523.830,4527.190,1916
2026-08-20T19:25:00.000Z,4527.080,4527.920,4522.750,4522.840,1666
2026-08-20T19:30:00.000Z,4522.830,4524.610,4522.080,4524.070,1861
2026-08-20T19:35:00.000Z,4524.070,4529.650,4523.170,4529.030,2254
2026-08-20T19:40:00.000Z,4529.030,4529.030,4526.170,4526.250,1906
2026-08-20T19:45:00.000Z,4526.260,4530.350,4524.960,4528.840,2149
2026-08-20T19:50:00.000Z,4528.650,4532.210,4528.100,4531.060,2632
2026-08-20T19:55:00.000Z,4530.870,4531.560,4527.000,4528.700,2808
2026-08-20T20:00:00.000Z,4528.640,4529.110,4526.010,4527.150,1303
2026-08-20T20:05:00.000Z,4527.100,4527.970,4522.740,4522.980,1258
2026-08-20T20:10:00.000Z,4523.000,4525.040,4522.380,4522.530,1057
2026-08-20T20:15:00.000Z,4522.490,4522.780,4521.000,4521.980,863
2026-08-20T20:20:00.000Z,4521.920,4522.350,4520.840,4521.420,752
2026-08-20T20:25:00.000Z,4521.410,4522.010,4520.500,4520.830,804
2026-08-20T20:30:00.000Z,4521.000,4521.000,4516.810,4518.050,1170
2026-08-20T20:35:00.000Z,4518.020,4518.580,4517.370,4517.910,778
2026-08-20T20:40:00.000Z,4517.830,4518.740,4517.690,4518.110,539
2026-08-20T20:45:00.000Z,4518.270,4518.980,4517.920,4518.570,512
2026-08-20T20:50:00.000Z,4518.370,4521.230,4518.090,4519.670,768
2026-08-20T20:55:00.000Z,4519.910,4520.220,4518.820,4519.210,696
2026-08-20T22:00:00.000Z,4514.890,4521.290,4514.890,4519.860,982
2026-08-20T22:05:00.000Z,4519.900,4520.960,4518.360,4518.430,766
2026-08-20T22:10:00.000Z,4518.390,4519.660,4517.140,4518.380,681
2026-08-20T22:15:00.000Z,4518.640,4520.190,4518.640,4519.830,681
2026-08-20T22:20:00.000Z,4519.790,4520.080,4518.090,4518.500,630
2026-08-20T22:25:00.000Z,4518.510,4520.890,4518.500,4519.710,982
2026-08-20T22:30:00.000Z,4519.710,4520.380,4518.390,4520.250,858
2026-08-20T22:35:00.000Z,4520.270,4522.580,4519.690,4521.640,847
2026-08-20T22:40:00.000Z,4521.630,4523.650,4521.370,4522.770,916
2026-08-20T22:45:00.000Z,4522.740,4523.530,4519.680,4522.100,979
2026-08-20T22:50:00.000Z,4522.100,4524.240,4521.750,4523.830,840
2026-08-20T22:55:00.000Z,4523.840,4524.370,4523.440,4524.170,678
2026-08-20T23:00:00.000Z,4524.050,4529.960,4523.410,4529.140,1256
2026-08-20T23:05:00.000Z,4529.180,4530.270,4524.870,4527.180,1247
2026-08-20T23:10:00.000Z,4527.530,4532.770,4527.290,4531.800,1265
2026-08-20T23:15:00.000Z,4531.830,4532.350,4529.540,4531.570,1005
2026-08-20T23:20:00.000Z,4531.520,4531.570,4528.240,4528.880,906
2026-08-20T23:25:00.000Z,4528.840,4530.490,4522.760,4527.090,1364
2026-08-20T23:30:00.000Z,4527.070,4528.580,4522.380,4523.680,1337
2026-08-20T23:35:00.000Z,4523.670,4524.390,4521.020,4523.620,1310
2026-08-20T23:40:00.000Z,4523.600,4524.880,4523.570,4524.620,798
2026-08-20T23:45:00.000Z,4524.610,4527.500,4523.330,4527.290,1007
2026-08-20T23:50:00.000Z,4527.320,4528.040,4526.000,4527.640,1229
2026-08-20T23:55:00.000Z,4527.630,4527.680,4525.890,4526.300,1278
2026-08-21T00:00:00.000Z,4525.980,4527.470,4522.110,4522.820,2248
2026-08-21T00:05:00.000Z,4522.830,4523.080,4519.790,4520.190,1918
2026-08-21T00:10:00.000Z,4520.430,4523.160,4517.550,4518.750,2116
2026-08-21T00:15:00.000Z,4518.630,4519.430,4514.260,4517.830,2177
2026-08-21T00:20:00.000Z,4517.820,4519.140,4516.630,4517.720,1877
2026-08-21T00:25:00.000Z,4517.740,4520.710,4513.850,4514.940,2076
2026-08-21T00:30:00.000Z,4514.950,4517.240,4513.030,4514.260,2014
2026-08-21T00:35:00.000Z,4514.280,4515.820,4511.410,4512.860,2088
2026-08-21T00:40:00.000Z,4512.870,4514.390,4510.920,4513.780,1753
2026-08-21T00:45:00.000Z,4513.790,4514.040,4509.980,4511.650,1910
2026-08-21T00:50:00.000Z,4511.640,4512.740,4510.210,4511.110,1890
2026-08-21T00:55:00.000Z,4511.170,4511.670,4509.790,4510.570,1921
2026-08-21T01:00:00.000Z,4510.540,4517.360,4508.810,4513.120,3557
2026-08-21T01:05:00.000Z,4513.140,4516.100,4512.310,4513.740,3241
2026-08-21T01:10:00.000Z,4513.850,4521.140,4512.090,4520.860,3009
2026-08-21T01:15:00.000Z,4520.710,4526.830,4520.440,4524.210,2732
2026-08-21T01:20:00.000Z,4524.360,4529.950,4522.810,4526.480,2700
2026-08-21T01:25:00.000Z,4526.490,4530.630,4525.430,4529.500,2623
2026-08-21T01:30:00.000Z,4529.480,4538.930,4528.460,4537.380,2947
2026-08-21T01:35:00.000Z,4537.360,4543.660,4526.980,4528.820,2853
2026-08-21T01:40:00.000Z,4528.780,4529.090,4523.840,4526.070,2258
2026-08-21T01:45:00.000Z,4526.160,4533.420,4525.910,4531.490,2038
2026-08-21T01:50:00.000Z,4531.520,4532.380,4525.480,4526.130,2098
2026-08-21T01:55:00.000Z,4526.100,4531.100,4526.090,4530.830,2243
2026-08-21T02:00:00.000Z,4530.570,4531.230,4521.390,4522.630,2366
2026-08-21T02:05:00.000Z,4522.610,4525.340,4521.040,4523.060,2254
2026-08-21T02:10:00.000Z,4523.070,4523.520,4518.280,4521.140,2200
2026-08-21T02:15:00.000Z,4521.160,4522.520,4520.310,4522.490,1436
2026-08-21T02:20:00.000Z,4522.500,4527.470,4522.370,4527.400,1497
2026-08-21T02:25:00.000Z,4527.390,4529.480,4526.110,4527.330,1458
2026-08-21T02:30:00.000Z,4527.510,4530.830,4525.220,4526.430,2367
2026-08-21T02:35:00.000Z,4526.540,4531.830,4526.390,4531.370,1920
2026-08-21T02:40:00.000Z,4531.380,4538.350,4531.160,4538.230,1839
2026-08-21T02:45:00.000Z,4538.260,4539.600,4535.330,4539.130,1803
2026-08-21T02:50:00.000Z,4539.070,4542.750,4535.030,4540.900,2067
2026-08-21T02:55:00.000Z,4540.860,4541.170,4532.570,4533.790,1832
2026-08-21T03:00:00.000Z,4533.770,4538.240,4532.900,4533.290,1967
2026-08-21T03:05:00.000Z,4533.330,4535.820,4532.100,4534.490,1599
2026-08-21T03:10:00.000Z,4534.450,4536.480,4532.400,4532.580,1642
2026-08-21T03:15:00.000Z,4532.590,4534.750,4532.030,4532.760,1505
2026-08-21T03:20:00.000Z,4532.750,4534.800,4532.410,4533.550,1506
2026-08-21T03:25:00.000Z,4533.640,4534.750,4529.670,4529.700,1732
2026-08-21T03:30:00.000Z,4529.710,4535.840,4529.360,4535.680,1442
2026-08-21T03:35:00.000Z,4535.650,4535.740,4529.300,4529.340,1313
2026-08-21T03:40:00.000Z,4529.110,4529.530,4526.730,4529.210,1349
2026-08-21T03:45:00.000Z,4529.170,4533.830,4528.260,4531.640,1114
2026-08-21T03:50:00.000Z,4531.670,4533.510,4531.580,4533.130,851
2026-08-21T03:55:00.000Z,4533.230,4535.780,4532.500,4535.470,940
2026-08-21T04:00:00.000Z,4535.580,4539.180,4535.460,4538.690,1427
2026-08-21T04:05:00.000Z,4538.660,4539.740,4536.120,4538.220,1298
2026-08-21T04:10:00.000Z,4538.280,4541.600,4537.360,4540.280,1618
2026-08-21T04:15:00.000Z,4540.330,4541.340,4537.500,4541.340,1441
2026-08-21T04:20:00.000Z,4541.370,4545.850,4541.050,4543.200,1590
2026-08-21T04:25:00.000Z,4543.240,4547.290,4542.740,4546.840,1555
2026-08-21T04:30:00.000Z,4546.850,4547.940,4543.330,4544.110,1568
2026-08-21T04:35:00.000Z,4544.150,4544.640,4540.820,4541.900,1077
2026-08-21T04:40:00.000Z,4541.930,4543.220,4540.850,4541.780,1159
2026-08-21T04:45:00.000Z,4541.750,4542.210,4540.090,4541.060,1070
2026-08-21T04:50:00.000Z,4541.000,4542.470,4540.880,4541.480,1034
2026-08-21T04:55:00.000Z,4541.510,4542.310,4540.340,4540.640,939
2026-08-21T05:00:00.000Z,4540.610,4540.730,4536.760,4537.920,1402
2026-08-21T05:05:00.000Z,4537.940,4539.550,4535.350,4536.750,1382
2026-08-21T05:10:00.000Z,4536.800,4537.600,4534.500,4537.270,1226
2026-08-21T05:15:00.000Z,4537.280,4538.730,4531.010,4533.720,1609
2026-08-21T05:20:00.000Z,4533.750,4534.580,4532.740,4533.940,1076
2026-08-21T05:25:00.000Z,4533.970,4534.470,4530.550,4530.550,1296
2026-08-21T05:30:00.000Z,4530.540,4538.330,4529.190,4538.210,2263
2026-08-21T05:35:00.000Z,4538.250,4540.820,4535.400,4536.420,1792
2026-08-21T05:40:00.000Z,4536.360,4543.440,4535.940,4543.250,1980
2026-08-21T05:45:00.000Z,4543.270,4546.590,4541.720,4546.260,1823
2026-08-21T05:50:00.000Z,4546.230,4549.220,4543.360,4548.000,2044
2026-08-21T05:55:00.000Z,4548.180,4556.340,4547.830,4553.660,2405
2026-08-21T06:00:00.000Z,4553.660,4555.270,4547.610,4549.590,2466
2026-08-21T06:05:00.000Z,4549.620,4551.610,4546.980,4548.460,2011
2026-08-21T06:10:00.000Z,4548.440,4550.240,4545.600,4548.990,2051
2026-08-21T06:15:00.000Z,4549.010,4556.600,4549.010,4555.900,2241
2026-08-21T06:20:00.000Z,4555.870,4556.710,4550.140,4550.550,2036
2026-08-21T06:25:00.000Z,4550.470,4558.010,4550.180,4555.540,2031
2026-08-21T06:30:00.000Z,4555.470,4563.560,4554.680,4561.290,2435
2026-08-21T06:35:00.000Z,4561.390,4565.840,4561.330,4564.940,2165
2026-08-21T06:40:00.000Z,4564.950,4565.010,4560.540,4562.590,2200
2026-08-21T06:45:00.000Z,4562.580,4567.560,4562.580,4567.440,2020
2026-08-21T06:50:00.000Z,4567.420,4567.480,4564.310,4564.760,1924
2026-08-21T06:55:00.000Z,4564.800,4567.650,4560.930,4560.950,2022
2026-08-21T07:00:00.000Z,4561.030,4566.080,4559.580,4565.990,2083
2026-08-21T07:05:00.000Z,4565.990,4565.990,4558.960,4558.960,1884
2026-08-21T07:10:00.000Z,4558.870,4561.710,4558.510,4561.550,1733
2026-08-21T07:15:00.000Z,4561.620,4567.020,4559.810,4566.340,1670
2026-08-21T07:20:00.000Z,4566.580,4567.960,4563.040,4563.640,1654
2026-08-21T07:25:00.000Z,4563.880,4564.490,4560.830,4561.740,1374
2026-08-21T07:30:00.000Z,4561.500,4564.770,4560.430,4562.190,1763
2026-08-21T07:35:00.000Z,4562.230,4564.900,4560.110,4564.180,1790
2026-08-21T07:40:00.000Z,4564.190,4566.300,4562.620,4564.390,1737
2026-08-21T07:45:00.000Z,4564.510,4568.010,4562.910,4566.050,1824
2026-08-21T07:50:00.000Z,4566.140,4567.140,4560.930,4561.860,1493
2026-08-21T07:55:00.000Z,4561.800,4565.010,4561.280,4564.320,1375
2026-08-21T08:00:00.000Z,4564.320,4566.600,4561.390,4561.390,1716
2026-08-21T08:05:00.000Z,4561.420,4562.830,4559.220,4561.720,1948
2026-08-21T08:10:00.000Z,4561.740,4568.000,4561.570,4565.590,1849
2026-08-21T08:15:00.000Z,4565.570,4573.580,4563.990,4572.730,2054
2026-08-21T08:20:00.000Z,4572.710,4579.210,4571.750,4577.690,2444
2026-08-21T08:25:00.000Z,4577.660,4581.850,4577.480,4579.380,2464
2026-08-21T08:30:00.000Z,4579.650,4581.470,4577.760,4580.780,2249
2026-08-21T08:35:00.000Z,4580.820,4582.730,4576.470,4579.500,2126
2026-08-21T08:40:00.000Z,4579.540,4584.190,4578.880,4582.460,1974
2026-08-21T08:45:00.000Z,4582.650,4583.530,4580.480,4581.100,1621
2026-08-21T08:50:00.000Z,4581.090,4583.260,4580.470,4581.690,1642
2026-08-21T08:55:00.000Z,4581.680,4585.020,4580.420,4583.940,1503
2026-08-21T09:00:00.000Z,4584.020,4586.030,4582.280,4586.030,1879
2026-08-21T09:05:00.000Z,4585.940,4596.350,4584.700,4595.620,2150
2026-08-21T09:10:00.000Z,4595.590,4600.500,4595.460,4599.310,2394
2026-08-21T09:15:00.000Z,4599.410,4602.040,4593.130,4593.220,2358
2026-08-21T09:20:00.000Z,4592.760,4593.190,4584.810,4586.870,2621
2026-08-21T09:25:00.000Z,4586.930,4587.700,4581.230,4582.300,2127
2026-08-21T09:30:00.000Z,4582.250,4584.490,4581.940,4582.830,2119
2026-08-21T09:35:00.000Z,4582.800,4585.910,4580.810,4585.420,1758
2026-08-21T09:40:00.000Z,4585.500,4586.830,4581.690,4583.130,1362
2026-08-21T09:45:00.000Z,4583.100,4583.700,4580.920,4581.400,1374
2026-08-21T09:50:00.000Z,4581.430,4584.170,4580.430,4584.170,1369
2026-08-21T09:55:00.000Z,4584.170,4585.570,4581.190,4582.590,1299
2026-08-21T10:00:00.000Z,4582.360,4588.940,4581.740,4585.250,1728
2026-08-21T10:05:00.000Z,4585.230,4585.340,4581.460,4583.340,1711
2026-08-21T10:10:00.000Z,4583.380,4584.300,4578.020,4578.830,1981
2026-08-21T10:15:00.000Z,4578.850,4587.250,4578.610,4584.420,1914
2026-08-21T10:20:00.000Z,4584.450,4586.870,4583.230,4586.190,1400
2026-08-21T10:25:00.000Z,4586.140,4589.330,4585.690,4588.610,1674
2026-08-21T10:30:00.000Z,4588.620,4590.930,4585.700,4590.510,1579
2026-08-21T10:35:00.000Z,4590.440,4593.670,4589.520,4593.660,1531
2026-08-21T10:40:00.000Z,4593.580,4594.240,4591.210,4593.190,1319
2026-08-21T10:45:00.000Z,4593.220,4593.670,4590.220,4590.760,1445
2026-08-21T10:50:00.000Z,4590.750,4592.640,4588.470,4590.330,1831
2026-08-21T10:55:00.000Z,4590.350,4590.990,4587.860,4588.540,1769
2026-08-21T11:00:00.000Z,4588.550,4595.070,4587.210,4593.900,2061
2026-08-21T11:05:00.000Z,4593.920,4595.460,4590.960,4592.280,1900
2026-08-21T11:10:00.000Z,4592.320,4593.300,4588.460,4590.620,1643
2026-08-21T11:15:00.000Z,4590.640,4597.830,4590.630,4596.230,1733
2026-08-21T11:20:00.000Z,4596.280,4600.900,4595.960,4598.150,2397
2026-08-21T11:25:00.000Z,4598.160,4600.090,4595.780,4598.430,2606
2026-08-21T11:30:00.000Z,4598.520,4598.840,4593.390,4595.030,2392
2026-08-21T11:35:00.000Z,4595.050,4604.530,4595.050,4597.260,2641
2026-08-21T11:40:00.000Z,4597.330,4597.850,4593.430,4596.970,2200
2026-08-21T11:45:00.000Z,4596.980,4600.590,4596.640,4599.840,1946
2026-08-21T11:50:00.000Z,4599.880,4600.310,4595.800,4597.870,2134
2026-08-21T11:55:00.000Z,4598.050,4598.730,4596.180,4597.140,1866
2026-08-21T12:00:00.000Z,4597.190,4601.640,4593.990,4595.640,2750
2026-08-21T12:05:00.000Z,4595.710,4600.160,4592.180,4593.750,2548
2026-08-21T12:10:00.000Z,4593.810,4593.940,4589.200,4592.820,2445
2026-08-21T12:15:00.000Z,4592.920,4595.880,4586.200,4587.910,2558
2026-08-21T12:20:00.000Z,4587.980,4589.130,4581.990,4585.630,2648
2026-08-21T12:25:00.000Z,4585.770,4586.800,4583.950,4584.880,1885
2026-08-21T12:30:00.000Z,4584.880,4584.880,4576.730,4577.910,2573
2026-08-21T12:35:00.000Z,4578.000,4578.220,4564.450,4564.700,2943
2026-08-21T12:40:00.000Z,4564.700,4575.850,4563.570,4573.510,3028
2026-08-21T12:45:00.000Z,4573.610,4579.570,4573.230,4579.500,2370
2026-08-21T12:50:00.000Z,4579.450,4580.900,4577.130,4579.910,2303
2026-08-21T12:55:00.000Z,4579.920,4580.980,4575.020,4578.040,2225
2026-08-21T13:00:00.000Z,4578.000,4584.530,4575.860,4581.120,3415
2026-08-21T13:05:00.000Z,4581.160,4583.900,4579.380,4581.040,3073
2026-08-21T13:10:00.000Z,4581.070,4586.960,4580.420,4584.950,2630
2026-08-21T13:15:00.000Z,4585.380,4587.800,4579.750,4580.870,2908
2026-08-21T13:20:00.000Z,4580.820,4586.860,4579.320,4583.150,2462
2026-08-21T13:25:00.000Z,4583.330,4585.520,4581.600,4584.170,2449
2026-08-21T13:30:00.000Z,4584.160,4586.780,4573.670,4574.010,3934
2026-08-21T13:35:00.000Z,4573.910,4591.010,4573.470,4587.440,3945
2026-08-21T13:40:00.000Z,4587.190,4590.730,4584.670,4587.930,3474
2026-08-21T13:45:00.000Z,4586.150,4592.960,4584.820,4590.040,3326
2026-08-21T13:50:00.000Z,4590.030,4591.210,4576.850,4581.250,3562
2026-08-21T13:55:00.000Z,4581.260,4585.750,4580.180,4581.080,3435
2026-08-21T14:00:00.000Z,4580.950,4588.950,4580.030,4588.520,3470
2026-08-21T14:05:00.000Z,4588.810,4590.750,4583.260,4587.560,3061
2026-08-21T14:10:00.000Z,4587.550,4590.010,4585.370,4589.640,3048
2026-08-21T14:15:00.000Z,4589.800,4591.100,4586.520,4590.320,3274
2026-08-21T14:20:00.000Z,4590.330,4598.320,4589.980,4597.740,3433
2026-08-21T14:25:00.000Z,4597.830,4603.210,4597.830,4603.130,3297
2026-08-21T14:30:00.000Z,4603.170,4603.660,4589.970,4590.150,3605
2026-08-21T14:35:00.000Z,4590.030,4592.730,4581.350,4582.050,4062
2026-08-21T14:40:00.000Z,4582.110,4589.730,4580.610,4582.620,3794
2026-08-21T14:45:00.000Z,4582.530,4591.840,4580.700,4591.560,3515
2026-08-21T14:50:00.000Z,4591.440,4595.240,4588.550,4589.440,3426
2026-08-21T14:55:00.000Z,4589.480,4592.500,4584.050,4591.700,3443
2026-08-21T15:00:00.000Z,4591.650,4594.420,4587.390,4593.400,3595
2026-08-21T15:05:00.000Z,4593.630,4598.260,4592.110,4593.920,3001
2026-08-21T15:10:00.000Z,4594.020,4597.850,4593.780,4595.250,2839
2026-08-21T15:15:00.000Z,4595.550,4599.260,4595.210,4597.650,2837
2026-08-21T15:20:00.000Z,4597.740,4602.680,4595.340,4602.470,2855
2026-08-21T15:25:00.000Z,4602.510,4607.440,4600.050,4602.890,3379
2026-08-21T15:30:00.000Z,4602.930,4606.170,4599.620,4606.140,3131
2026-08-21T15:35:00.000Z,4606.120,4608.340,4605.110,4606.880,2943
2026-08-21T15:40:00.000Z,4606.760,4610.590,4605.770,4609.670,3050
2026-08-21T15:45:00.000Z,4609.650,4611.010,4607.130,4607.770,3233
2026-08-21T15:50:00.000Z,4607.780,4615.100,4607.440,4613.950,3017
2026-08-21T15:55:00.000Z,4613.940,4615.340,4611.000,4614.570,3161
2026-08-21T16:00:00.000Z,4614.580,4617.700,4612.990,4617.040,2995
2026-08-21T16:05:00.000Z,4617.130,4617.220,4609.230,4610.270,3227
2026-08-21T16:10:00.000Z,4610.290,4615.800,4610.290,4614.530,2799
2026-08-21T16:15:00.000Z,4614.610,4616.040,4613.900,4614.070,2497
2026-08-21T16:20:00.000Z,4614.060,4620.590,4611.440,4612.960,3195
2026-08-21T16:25:00.000Z,4612.990,4614.460,4610.540,4614.030,2400
2026-08-21T16:30:00.000Z,4614.050,4616.220,4612.270,4615.660,2376
2026-08-21T16:35:00.000Z,4615.670,4621.040,4614.540,4619.330,2594
2026-08-21T16:40:00.000Z,4619.320,4622.010,4617.310,4621.450,2385
2026-08-21T16:45:00.000Z,4621.480,4624.850,4621.050,4623.970,2572
2026-08-21T16:50:00.000Z,4624.060,4627.490,4623.810,4627.490,2535
2026-08-21T16:55:00.000Z,4627.510,4629.280,4625.990,4628.940,2336
2026-08-21T17:00:00.000Z,4629.130,4630.920,4626.880,4627.650,2814
2026-08-21T17:05:00.000Z,4627.660,4632.190,4626.100,4630.840,2650
2026-08-21T17:10:00.000Z,4630.860,4631.740,4621.680,4623.240,3111
2026-08-21T17:15:00.000Z,4623.390,4625.960,4622.170,4623.170,3053
2026-08-21T17:20:00.000Z,4623.140,4624.450,4615.410,4618.210,3064
2026-08-21T17:25:00.000Z,4618.270,4624.490,4615.600,4622.050,3125
2026-08-21T17:30:00.000Z,4622.110,4622.340,4619.700,4620.690,2556
2026-08-21T17:35:00.000Z,4620.840,4624.790,4620.740,4622.850,2028
2026-08-21T17:40:00.000Z,4622.650,4624.730,4618.700,4619.570,2169
2026-08-21T17:45:00.000Z,4619.550,4619.790,4617.010,4618.710,2520
2026-08-21T17:50:00.000Z,4618.690,4622.490,4617.890,4619.600,2191
2026-08-21T17:55:00.000Z,4619.580,4621.560,4619.300,4620.610,1713
2026-08-21T18:00:00.000Z,4620.620,4626.230,4620.390,4626.220,1831
2026-08-21T18:05:00.000Z,4626.230,4627.650,4624.310,4625.870,2005
2026-08-21T18:10:00.000Z,4625.820,4626.250,4622.980,4624.060,1621
2026-08-21T18:15:00.000Z,4624.040,4626.920,4624.040,4626.600,1484
2026-08-21T18:20:00.000Z,4626.610,4627.580,4625.320,4626.350,1316
2026-08-21T18:25:00.000Z,4626.630,4627.540,4624.430,4625.090,1641
2026-08-21T18:30:00.000Z,4625.080,4625.140,4619.660,4622.130,1934
2026-08-21T18:35:00.000Z,4622.190,4623.020,4619.530,4619.740,1972
2026-08-21T18:40:00.000Z,4619.720,4621.580,4619.690,4621.020,1414
2026-08-21T18:45:00.000Z,4621.030,4625.890,4620.940,4624.740,1537
2026-08-21T18:50:00.000Z,4624.740,4625.120,4623.060,4624.990,1264
2026-08-21T18:55:00.000Z,4624.880,4624.880,4623.330,4624.480,1238
2026-08-21T19:00:00.000Z,4624.750,4625.640,4621.410,4622.140,1726
2026-08-21T19:05:00.000Z,4622.120,4622.240,4618.610,4621.360,1522
2026-08-21T19:10:00.000Z,4621.250,4623.450,4620.610,4622.810,1374
2026-08-21T19:15:00.000Z,4622.810,4622.810,4620.210,4622.610,1535
2026-08-21T19:20:00.000Z,4622.570,4623.410,4621.970,4622.420,1335
2026-08-21T19:25:00.000Z,4622.370,4623.030,4617.780,4617.990,1590
2026-08-21T19:30:00.000Z,4618.050,4619.990,4617.030,4617.290,1737
2026-08-21T19:35:00.000Z,4617.440,4618.500,4615.800,4618.030,1707
2026-08-21T19:40:00.000Z,4618.030,4619.720,4617.940,4618.220,1603
2026-08-21T19:45:00.000Z,4618.210,4623.280,4617.550,4622.900,1991
2026-08-21T19:50:00.000Z,4622.570,4623.750,4621.320,4622.960,1874
2026-08-21T19:55:00.000Z,4622.930,4622.930,4615.660,4616.990,2381
2026-08-21T20:00:00.000Z,4617.100,4617.450,4614.990,4617.410,1174
2026-08-21T20:05:00.000Z,4617.400,4617.690,4615.720,4616.540,954
2026-08-21T20:10:00.000Z,4616.650,4617.550,4615.840,4616.900,734
2026-08-21T20:15:00.000Z,4617.330,4617.650,4611.530,4612.810,1041
2026-08-21T20:20:00.000Z,4612.900,4613.620,4610.400,4611.000,1108
2026-08-21T20:25:00.000Z,4611.120,4611.830,4610.230,4610.960,957
2026-08-21T20:30:00.000Z,4610.990,4612.050,4610.040,4610.590,948
2026-08-21T20:35:00.000Z,4610.660,4611.760,4607.630,4608.370,952
2026-08-21T20:40:00.000Z,4608.330,4609.680,4607.630,4608.200,716
2026-08-21T20:45:00.000Z,4608.230,4608.880,4603.550,4606.390,1243
2026-08-21T20:50:00.000Z,4606.170,4607.260,4603.350,4604.680,1293
2026-08-21T20:55:00.000Z,4604.620,4604.940,4602.700,4603.800,855
2026-08-23T22:00:00.000Z,4624.140,4624.200,4607.620,4610.350,1673
2026-08-23T22:05:00.000Z,4610.430,4617.610,4608.630,4617.110,1776
2026-08-23T22:10:00.000Z,4617.110,4620.500,4615.720,4617.450,1823
2026-08-23T22:15:00.000Z,4617.460,4618.340,4612.950,4618.340,1482
2026-08-23T22:20:00.000Z,4618.280,4620.940,4615.740,4617.320,1455
2026-08-23T22:25:00.000Z,4617.310,4617.420,4612.990,4614.240,1180
2026-08-23T22:30:00.000Z,4613.880,4617.040,4613.880,4614.730,1319
2026-08-23T22:35:00.000Z,4614.740,4616.810,4611.730,4611.730,1216
2026-08-23T22:40:00.000Z,4611.730,4612.220,4607.120,4611.010,1583
2026-08-23T22:45:00.000Z,4611.070,4611.090,4607.360,4608.620,1509
2026-08-23T22:50:00.000Z,4608.630,4609.130,4607.240,4607.590,1203
2026-08-23T22:55:00.000Z,4607.690,4607.940,4606.150,4606.260,860
2026-08-23T23:00:00.000Z,4606.310,4609.250,4605.230,4607.520,1322
2026-08-23T23:05:00.000Z,4607.520,4607.960,4604.740,4607.790,957
2026-08-23T23:10:00.000Z,4607.820,4609.430,4607.440,4607.600,939
2026-08-23T23:15:00.000Z,4607.590,4608.250,4606.880,4607.570,822
2026-08-23T23:20:00.000Z,4607.560,4613.220,4607.460,4612.970,1171
2026-08-23T23:25:00.000Z,4612.960,4616.020,4612.200,4615.210,1295
2026-08-23T23:30:00.000Z,4615.240,4618.520,4614.070,4618.220,1382
2026-08-23T23:35:00.000Z,4618.270,4619.290,4613.450,4613.460,1272
2026-08-23T23:40:00.000Z,4613.650,4614.430,4607.570,4608.410,1455
2026-08-23T23:45:00.000Z,4608.420,4615.110,4608.260,4615.070,2018
2026-08-23T23:50:00.000Z,4615.020,4622.590,4615.020,4622.590,1903
2026-08-23T23:55:00.000Z,4622.520,4624.650,4622.220,4624.180,1664
2026-08-24T00:00:00.000Z,4624.410,4627.850,4620.250,4627.030,3268
2026-08-24T00:05:00.000Z,4627.230,4639.140,4627.230,4635.110,3212
2026-08-24T00:10:00.000Z,4635.100,4640.830,4633.760,4637.410,2775
2026-08-24T00:15:00.000Z,4637.370,4640.470,4628.490,4629.310,3011
2026-08-24T00:20:00.000Z,4629.300,4630.020,4611.890,4612.420,3146
2026-08-24T00:25:00.000Z,4612.400,4612.760,4594.820,4604.920,3587
2026-08-24T00:30:00.000Z,4604.860,4608.870,4602.840,4602.840,3038
2026-08-24T00:35:00.000Z,4602.750,4608.670,4601.290,4601.440,2875
2026-08-24T00:40:00.000Z,4601.460,4607.730,4601.270,4607.120,2230
2026-08-24T00:45:00.000Z,4607.100,4615.510,4603.990,4614.370,2631
2026-08-24T00:50:00.000Z,4614.290,4617.430,4611.660,4617.160,2234
2026-08-24T00:55:00.000Z,4617.150,4623.310,4616.110,4621.870,2366
2026-08-24T01:00:00.000Z,4621.830,4635.210,4618.950,4622.500,4150
2026-08-24T01:05:00.000Z,4622.510,4630.010,4620.170,4623.100,3527
2026-08-24T01:10:00.000Z,4623.190,4627.970,4621.980,4622.180,3014
2026-08-24T01:15:00.000Z,4622.290,4625.810,4617.030,4621.480,3272
2026-08-24T01:20:00.000Z,4621.360,4622.280,4611.200,4614.820,3286
2026-08-24T01:25:00.000Z,4614.840,4618.060,4612.150,4614.550,3403
2026-08-24T01:30:00.000Z,4614.660,4615.090,4608.100,4614.560,3184
2026-08-24T01:35:00.000Z,4614.700,4621.120,4612.620,4614.260,3078
2026-08-24T01:40:00.000Z,4614.230,4618.380,4608.450,4618.180,2958
2026-08-24T01:45:00.000Z,4618.170,4619.010,4615.160,4618.850,2716
2026-08-24T01:50:00.000Z,4618.900,4630.050,4618.900,4628.810,2985
2026-08-24T01:55:00.000Z,4628.730,4637.700,4626.710,4632.320,2892
2026-08-24T02:00:00.000Z,4632.070,4638.680,4627.540,4637.120,3183
2026-08-24T02:05:00.000Z,4636.980,4642.980,4634.250,4642.730,2888
2026-08-24T02:10:00.000Z,4642.750,4652.270,4642.570,4650.480,3351
2026-08-24T02:15:00.000Z,4650.560,4655.350,4649.390,4654.460,2356
2026-08-24T02:20:00.000Z,4654.450,4654.910,4649.440,4654.260,2366
2026-08-24T02:25:00.000Z,4654.270,4655.430,4649.720,4655.250,2222
2026-08-24T02:30:00.000Z,4655.320,4656.730,4649.930,4651.980,2927
2026-08-24T02:35:00.000Z,4651.990,4653.870,4645.140,4645.300,2823
2026-08-24T02:40:00.000Z,4645.250,4645.670,4637.550,4637.700,3087
2026-08-24T02:45:00.000Z,4637.710,4637.810,4627.590,4628.600,2841
2026-08-24T02:50:00.000Z,4628.610,4638.350,4627.890,4638.160,3021
2026-08-24T02:55:00.000Z,4638.170,4644.800,4637.520,4643.750,2759
2026-08-24T03:00:00.000Z,4643.820,4644.140,4637.890,4640.510,2459
2026-08-24T03:05:00.000Z,4640.490,4640.490,4634.810,4637.720,2141
2026-08-24T03:10:00.000Z,4637.790,4639.620,4633.440,4637.320,2244
2026-08-24T03:15:00.000Z,4637.290,4641.530,4637.000,4638.850,2310
2026-08-24T03:20:00.000Z,4638.770,4643.770,4635.560,4642.380,2515
2026-08-24T03:25:00.000Z,4642.420,4648.470,4642.420,4643.880,2676
2026-08-24T03:30:00.000Z,4643.890,4648.310,4643.770,4648.120,2254
2026-08-24T03:35:00.000Z,4648.120,4650.190,4646.990,4647.720,1831
2026-08-24T03:40:00.000Z,4647.730,4648.240,4642.880,4643.070,1711
2026-08-24T03:45:00.000Z,4642.830,4644.800,4642.440,4642.760,1493
2026-08-24T03:50:00.000Z,4642.750,4644.840,4641.340,4641.400,1500
2026-08-24T03:55:00.000Z,4641.380,4643.670,4640.160,4641.650,1580
2026-08-24T04:00:00.000Z,4641.660,4642.590,4637.870,4639.800,1921
2026-08-24T04:05:00.000Z,4639.760,4639.760,4632.430,4633.820,1951
2026-08-24T04:10:00.000Z,4633.830,4638.800,4632.960,4638.480,2084
2026-08-24T04:15:00.000Z,4638.430,4640.860,4634.630,4640.160,1849
2026-08-24T04:20:00.000Z,4640.190,4640.370,4637.460,4637.910,1688
2026-08-24T04:25:00.000Z,4637.900,4641.970,4637.750,4640.460,1862
2026-08-24T04:30:00.000Z,4640.510,4640.780,4633.060,4635.660,1886
2026-08-24T04:35:00.000Z,4635.570,4637.620,4634.860,4636.730,1708
2026-08-24T04:40:00.000Z,4636.770,4638.570,4635.120,4638.240,1469
2026-08-24T04:45:00.000Z,4638.270,4639.090,4635.960,4636.610,1477
2026-08-24T04:50:00.000Z,4636.620,4640.450,4636.010,4640.020,1409
2026-08-24T04:55:00.000Z,4640.090,4640.240,4637.290,4638.980,1318
2026-08-24T05:00:00.000Z,4639.000,4641.740,4638.700,4639.540,1888
2026-08-24T05:05:00.000Z,4639.440,4642.870,4639.230,4639.990,1893
2026-08-24T05:10:00.000Z,4639.850,4643.580,4639.180,4643.580,1756
2026-08-24T05:15:00.000Z,4643.500,4646.540,4641.560,4643.350,1872
2026-08-24T05:20:00.000Z,4643.340,4643.340,4638.080,4638.610,1981
2026-08-24T05:25:00.000Z,4638.600,4642.290,4636.150,4636.160,1809
2026-08-24T05:30:00.000Z,4635.470,4639.690,4629.510,4632.640,3337
2026-08-24T05:35:00.000Z,4632.820,4639.010,4630.660,4633.190,2851
2026-08-24T05:40:00.000Z,4633.130,4635.720,4631.510,4633.470,2802
2026-08-24T05:45:00.000Z,4633.450,4638.840,4630.350,4638.780,2674
2026-08-24T05:50:00.000Z,4638.750,4643.290,4636.530,4638.640,2590
2026-08-24T05:55:00.000Z,4638.650,4641.580,4637.620,4640.980,2284
2026-08-24T06:00:00.000Z,4641.000,4645.930,4639.430,4645.010,2857
2026-08-24T06:05:00.000Z,4644.930,4651.720,4643.310,4649.020,2763
2026-08-24T06:10:00.000Z,4649.260,4652.500,4647.110,4652.380,2460
2026-08-24T06:15:00.000Z,4651.950,4659.910,4651.950,4656.370,2910
2026-08-24T06:20:00.000Z,4656.340,4658.320,4646.510,4650.170,3038
2026-08-24T06:25:00.000Z,4650.150,4650.150,4640.760,4642.580,2751
2026-08-24T06:30:00.000Z,4642.690,4652.400,4642.240,4650.720,2729
2026-08-24T06:35:00.000Z,4650.770,4653.760,4650.340,4651.320,2482
2026-08-24T06:40:00.000Z,4651.280,4651.930,4642.040,4643.000,2503
2026-08-24T06:45:00.000Z,4643.000,4650.540,4642.920,4650.090,2493
2026-08-24T06:50:00.000Z,4650.100,4654.010,4646.110,4651.540,2537
2026-08-24T06:55:00.000Z,4651.540,4651.560,4649.150,4650.090,2322
2026-08-24T07:00:00.000Z,4650.050,4654.790,4647.480,4649.020,2766
2026-08-24T07:05:00.000Z,4648.980,4650.220,4644.450,4646.700,2263
2026-08-24T07:10:00.000Z,4646.950,4649.450,4644.560,4648.390,2347
2026-08-24T07:15:00.000Z,4648.340,4650.160,4642.690,4645.930,2359
2026-08-24T07:20:00.000Z,4645.950,4647.860,4642.390,4643.420,2076
2026-08-24T07:25:00.000Z,4643.540,4647.490,4642.370,4642.820,2131
2026-08-24T07:30:00.000Z,4642.760,4646.600,4641.400,4646.550,2026
2026-08-24T07:35:00.000Z,4646.560,4647.950,4643.300,4644.510,1887
2026-08-24T07:40:00.000Z,4644.550,4645.020,4634.890,4634.890,2711
2026-08-24T07:45:00.000Z,4635.290,4635.520,4630.350,4631.490,2791
2026-08-24T07:50:00.000Z,4631.530,4637.130,4630.200,4636.000,2359
2026-08-24T07:55:00.000Z,4636.050,4643.930,4635.850,4641.680,2131
2026-08-24T08:00:00.000Z,4642.260,4643.760,4636.710,4640.920,2901
2026-08-24T08:05:00.000Z,4640.910,4645.710,4636.530,4638.500,2724
2026-08-24T08:10:00.000Z,4638.450,4640.500,4635.980,4637.590,2366
2026-08-24T08:15:00.000Z,4637.410,4637.620,4631.690,4636.050,2350
2026-08-24T08:20:00.000Z,4636.080,4638.820,4634.990,4636.020,2069
2026-08-24T08:25:00.000Z,4636.030,4639.730,4629.430,4629.430,2266
2026-08-24T08:30:00.000Z,4629.460,4634.680,4628.870,4634.310,2167
2026-08-24T08:35:00.000Z,4634.340,4637.470,4633.690,4637.390,1814
2026-08-24T08:40:00.000Z,4637.330,4646.160,4636.310,4645.440,1959
2026-08-24T08:45:00.000Z,4645.620,4646.110,4642.260,4643.740,1855
2026-08-24T08:50:00.000Z,4643.740,4644.680,4640.270,4641.590,1735
2026-08-24T08:55:00.000Z,4641.610,4642.370,4636.160,4637.950,1737
2026-08-24T09:00:00.000Z,4637.910,4643.190,4637.260,4642.480,2110
2026-08-24T09:05:00.000Z,4642.560,4644.800,4640.360,4642.200,1745
2026-08-24T09:10:00.000Z,4642.210,4643.720,4639.720,4641.960,1606
2026-08-24T09:15:00.000Z,4641.920,4642.020,4634.930,4636.780,1860
2026-08-24T09:20:00.000Z,4636.760,4639.310,4636.390,4637.060,1637
2026-08-24T09:25:00.000Z,4637.070,4638.570,4635.500,4635.940,1528
2026-08-24T09:30:00.000Z,4635.970,4640.690,4634.550,4635.420,2182
2026-08-24T09:35:00.000Z,4635.430,4637.310,4633.030,4637.000,1703
2026-08-24T09:40:00.000Z,4637.040,4639.890,4636.430,4639.250,1583
2026-08-24T09:45:00.000Z,4639.130,4645.040,4638.950,4644.060,1793
2026-08-24T09:50:00.000Z,4644.090,4645.400,4641.750,4644.270,1428
2026-08-24T09:55:00.000Z,4644.400,4646.170,4643.430,4645.990,1438
2026-08-24T10:00:00.000Z,4646.010,4649.870,4645.800,4648.920,1869
2026-08-24T10:05:00.000Z,4648.930,4650.180,4645.840,4647.060,1670
2026-08-24T10:10:00.000Z,4647.050,4650.090,4645.510,4648.170,1824
2026-08-24T10:15:00.000Z,4648.280,4648.570,4646.280,4646.800,1567
2026-08-24T10:20:00.000Z,4646.810,4647.210,4642.710,4644.930,1713
2026-08-24T10:25:00.000Z,4644.880,4645.940,4642.420,4643.240,1704
2026-08-24T10:30:00.000Z,4643.210,4645.500,4642.710,4645.330,1800
2026-08-24T10:35:00.000Z,4645.640,4649.030,4642.940,4648.080,1668
2026-08-24T10:40:00.000Z,4648.220,4648.220,4643.930,4644.340,1566
2026-08-24T10:45:00.000Z,4644.180,4645.870,4641.760,4645.810,1676
2026-08-24T10:50:00.000Z,4645.870,4647.140,4644.490,4645.770,1642
2026-08-24T10:55:00.000Z,4645.800,4646.810,4642.450,4643.360,1658
2026-08-24T11:00:00.000Z,4643.330,4646.820,4640.030,4645.810,2238
2026-08-24T11:05:00.000Z,4645.930,4646.640,4639.900,4640.550,2008
2026-08-24T11:10:00.000Z,4640.520,4644.770,4639.120,4642.340,1744
2026-08-24T11:15:00.000Z,4642.330,4645.600,4641.770,4644.700,1571
2026-08-24T11:20:00.000Z,4644.810,4645.970,4640.420,4641.490,1652
2026-08-24T11:25:00.000Z,4641.360,4647.520,4640.760,4646.550,1668
2026-08-24T11:30:00.000Z,4646.730,4652.130,4643.510,4652.110,2536
2026-08-24T11:35:00.000Z,4651.960,4670.040,4650.800,4660.560,3995
2026-08-24T11:40:00.000Z,4660.530,4666.500,4653.990,4658.740,3493
2026-08-24T11:45:00.000Z,4658.930,4661.580,4648.330,4649.020,3015
2026-08-24T11:50:00.000Z,4649.030,4659.630,4648.460,4659.630,2725
2026-08-24T11:55:00.000Z,4659.590,4659.890,4655.650,4657.900,2251
2026-08-24T12:00:00.000Z,4657.730,4658.660,4650.390,4652.250,2660
2026-08-24T12:05:00.000Z,4652.290,4656.400,4650.100,4654.890,2455
2026-08-24T12:10:00.000Z,4655.160,4660.190,4653.960,4657.390,2352
2026-08-24T12:15:00.000Z,4657.380,4657.380,4652.020,4653.170,2252
2026-08-24T12:20:00.000Z,4652.750,4659.500,4651.720,4657.530,2864
2026-08-24T12:25:00.000Z,4657.520,4662.750,4654.980,4661.870,2613
2026-08-24T12:30:00.000Z,4661.860,4661.860,4645.310,4654.670,3056
2026-08-24T12:35:00.000Z,4654.680,4663.970,4654.430,4662.890,2779
2026-08-24T12:40:00.000Z,4662.880,4668.810,4655.170,4657.510,2940
2026-08-24T12:45:00.000Z,4657.500,4662.010,4654.490,4661.920,2429
2026-08-24T12:50:00.000Z,4661.930,4666.990,4661.460,4666.990,2351
2026-08-24T12:55:00.000Z,4667.010,4667.430,4661.660,4662.870,2484
2026-08-24T13:00:00.000Z,4663.000,4671.140,4661.580,4667.130,3440
2026-08-24T13:05:00.000Z,4667.140,4674.140,4667.120,4673.550,3120
2026-08-24T13:10:00.000Z,4673.540,4677.860,4673.280,4677.160,3160
2026-08-24T13:15:00.000Z,4677.420,4677.950,4671.520,4672.360,2897
2026-08-24T13:20:00.000Z,4672.310,4672.670,4667.800,4670.670,3110
2026-08-24T13:25:00.000Z,4670.700,4674.650,4668.320,4672.430,2987
2026-08-24T13:30:00.000Z,4672.500,4680.120,4670.000,4679.910,4214
2026-08-24T13:35:00.000Z,4679.850,4680.890,4666.950,4667.360,4220
2026-08-24T13:40:00.000Z,4667.390,4674.370,4658.490,4658.790,4089
2026-08-24T13:45:00.000Z,4658.470,4678.270,4656.130,4673.830,4114
2026-08-24T13:50:00.000Z,4673.820,4676.010,4658.220,4666.990,4003
2026-08-24T13:55:00.000Z,4666.970,4668.880,4659.440,4664.780,3804
2026-08-24T14:00:00.000Z,4664.650,4667.820,4659.900,4663.000,3952
2026-08-24T14:05:00.000Z,4663.070,4670.630,4662.470,4670.630,3786
2026-08-24T14:10:00.000Z,4670.630,4672.220,4662.170,4665.850,3915
2026-08-24T14:15:00.000Z,4665.750,4666.290,4655.520,4665.520,4000
2026-08-24T14:20:00.000Z,4665.470,4670.090,4664.750,4666.390,3559
2026-08-24T14:25:00.000Z,4666.450,4675.120,4665.890,4671.830,3351
2026-08-24T14:30:00.000Z,4672.020,4677.260,4670.860,4676.790,3248
2026-08-24T14:35:00.000Z,4677.050,4678.860,4674.740,4675.720,3086
2026-08-24T14:40:00.000Z,4675.910,4677.960,4669.910,4672.050,3135
2026-08-24T14:45:00.000Z,4672.090,4673.290,4664.940,4665.810,2900
2026-08-24T14:50:00.000Z,4665.810,4668.440,4656.970,4668.440,3451
2026-08-24T14:55:00.000Z,4668.500,4676.010,4667.210,4670.420,3271
2026-08-24T15:00:00.000Z,4670.560,4676.700,4665.450,4675.630,3414
2026-08-24T15:05:00.000Z,4675.660,4676.520,4673.200,4673.560,3080
2026-08-24T15:10:00.000Z,4673.530,4675.100,4671.130,4672.980,2839
2026-08-24T15:15:00.000Z,4673.000,4673.740,4669.820,4673.260,2816
2026-08-24T15:20:00.000Z,4673.250,4673.470,4668.240,4670.250,2739
2026-08-24T15:25:00.000Z,4670.400,4679.590,4669.310,4675.930,3142
2026-08-24T15:30:00.000Z,4675.880,4677.160,4670.090,4672.580,3303
2026-08-24T15:35:00.000Z,4672.560,4674.680,4667.560,4668.560,2814
2026-08-24T15:40:00.000Z,4668.510,4668.550,4659.650,4660.710,3395
2026-08-24T15:45:00.000Z,4660.640,4663.220,4644.980,4646.850,3739
2026-08-24T15:50:00.000Z,4646.820,4655.630,4646.800,4653.420,3175
2026-08-24T15:55:00.000Z,4653.370,4653.370,4640.060,4649.110,3465
2026-08-24T16:00:00.000Z,4649.160,4661.490,4646.560,4658.990,3741
2026-08-24T16:05:00.000Z,4659.080,4661.830,4654.190,4654.460,2796
2026-08-24T16:10:00.000Z,4654.490,4658.080,4653.810,4657.570,2398
2026-08-24T16:15:00.000Z,4657.580,4660.500,4656.140,4658.870,2493
2026-08-24T16:20:00.000Z,4658.850,4659.330,4656.230,4656.500,2143
2026-08-24T16:25:00.000Z,4656.540,4659.340,4656.090,4658.930,2085
2026-08-24T16:30:00.000Z,4658.940,4661.450,4658.870,4660.660,2228
2026-08-24T16:35:00.000Z,4660.650,4662.290,4659.320,4659.750,2067
2026-08-24T16:40:00.000Z,4659.720,4661.460,4658.480,4659.710,1860
2026-08-24T16:45:00.000Z,4659.680,4660.070,4655.310,4657.570,2133
2026-08-24T16:50:00.000Z,4657.540,4657.870,4651.240,4652.460,2285
2026-08-24T16:55:00.000Z,4652.470,4652.470,4641.750,4644.850,2985
2026-08-24T17:00:00.000Z,4644.880,4647.730,4641.780,4645.980,3047
2026-08-24T17:05:00.000Z,4645.970,4655.260,4644.140,4652.460,3092
2026-08-24T17:10:00.000Z,4652.140,4654.690,4649.660,4651.870,2791
2026-08-24T17:15:00.000Z,4651.800,4654.190,4647.690,4648.350,2827
2026-08-24T17:20:00.000Z,4648.300,4648.320,4630.370,4636.720,4012
2026-08-24T17:25:00.000Z,4636.700,4645.120,4633.120,4638.530,3379
2026-08-24T17:30:00.000Z,4638.430,4641.030,4635.660,4637.610,3012
2026-08-24T17:35:00.000Z,4637.500,4642.990,4636.750,4641.240,2624
2026-08-24T17:40:00.000Z,4641.250,4642.280,4638.610,4638.800,2320
2026-08-24T17:45:00.000Z,4638.780,4639.130,4633.910,4633.910,2347
2026-08-24T17:50:00.000Z,4633.790,4638.730,4632.930,4634.210,2545
2026-08-24T17:55:00.000Z,4634.260,4637.630,4633.120,4636.680,2288
2026-08-24T18:00:00.000Z,4636.660,4640.780,4635.270,4640.190,2515
2026-08-24T18:05:00.000Z,4640.210,4640.220,4625.240,4632.200,2803
2026-08-24T18:10:00.000Z,4632.170,4635.010,4630.130,4632.100,2569
2026-08-24T18:15:00.000Z,4632.130,4634.420,4627.660,4628.380,2556
2026-08-24T18:20:00.000Z,4628.470,4636.760,4627.300,4636.370,2369
2026-08-24T18:25:00.000Z,4636.380,4642.280,4636.330,4640.500,2565
2026-08-24T18:30:00.000Z,4640.490,4641.890,4631.590,4632.300,2357
2026-08-24T18:35:00.000Z,4632.280,4633.190,4625.360,4630.240,2698
2026-08-24T18:40:00.000Z,4630.260,4635.840,4630.200,4634.900,2154
2026-08-24T18:45:00.000Z,4634.860,4635.530,4631.640,4633.350,2154
2026-08-24T18:50:00.000Z,4633.380,4635.410,4633.180,4633.810,1962
2026-08-24T18:55:00.000Z,4633.800,4637.730,4633.800,4636.660,2043
2026-08-24T19:00:00.000Z,4636.560,4640.800,4636.370,4639.170,2107
2026-08-24T19:05:00.000Z,4639.210,4640.580,4636.430,4638.750,1924
2026-08-24T19:10:00.000Z,4638.740,4638.970,4635.850,4636.380,1849
2026-08-24T19:15:00.000Z,4636.360,4642.980,4635.980,4642.980,1753
2026-08-24T19:20:00.000Z,4642.970,4645.050,4641.880,4642.510,1964
2026-08-24T19:25:00.000Z,4642.660,4643.090,4640.160,4641.450,2035
2026-08-24T19:30:00.000Z,4641.460,4642.500,4640.240,4640.920,2201
2026-08-24T19:35:00.000Z,4640.920,4646.280,4640.720,4644.880,2210
2026-08-24T19:40:00.000Z,4644.870,4650.860,4644.770,4650.050,2377
2026-08-24T19:45:00.000Z,4650.130,4655.080,4649.930,4655.000,2448
2026-08-24T19:50:00.000Z,4654.990,4656.230,4651.320,4653.160,2634
2026-08-24T19:55:00.000Z,4653.110,4654.050,4650.240,4651.470,2926
2026-08-24T20:00:00.000Z,4651.800,4655.080,4650.670,4654.330,1570
2026-08-24T20:05:00.000Z,4654.290,4654.810,4653.560,4653.980,844
2026-08-24T20:10:00.000Z,4653.950,4655.260,4650.390,4650.530,984
2026-08-24T20:15:00.000Z,4650.560,4653.740,4650.510,4651.800,724
2026-08-24T20:20:00.000Z,4651.740,4652.580,4650.600,4650.620,835
2026-08-24T20:25:00.000Z,4650.610,4650.680,4649.020,4649.330,609
2026-08-24T20:30:00.000Z,4649.340,4650.070,4648.550,4648.810,532
2026-08-24T20:35:00.000Z,4648.850,4649.230,4648.170,4648.700,533
2026-08-24T20:40:00.000Z,4648.580,4648.640,4647.340,4647.760,361
2026-08-24T20:45:00.000Z,4647.810,4650.830,4647.260,4650.240,628
2026-08-24T20:50:00.000Z,4650.180,4651.420,4649.030,4651.010,644
2026-08-24T20:55:00.000Z,4651.160,4652.680,4649.840,4651.750,869
2026-08-24T22:00:00.000Z,4648.870,4656.660,4646.660,4655.890,1478
2026-08-24T22:05:00.000Z,4655.910,4660.720,4655.270,4658.770,1341
2026-08-24T22:10:00.000Z,4658.770,4659.940,4657.900,4658.750,753
2026-08-24T22:15:00.000Z,4658.830,4659.610,4658.010,4658.100,613
2026-08-24T22:20:00.000Z,4658.060,4658.980,4657.530,4658.530,575
2026-08-24T22:25:00.000Z,4658.530,4658.530,4656.860,4657.790,477
2026-08-24T22:30:00.000Z,4657.760,4659.240,4657.310,4659.240,651
2026-08-24T22:35:00.000Z,4659.210,4661.250,4658.990,4660.640,649
2026-08-24T22:40:00.000Z,4660.670,4661.620,4660.390,4661.610,555
2026-08-24T22:45:00.000Z,4661.480,4662.520,4660.450,4662.470,547
2026-08-24T22:50:00.000Z,4662.530,4665.060,4662.330,4664.730,813
2026-08-24T22:55:00.000Z,4664.750,4668.480,4664.120,4667.720,784
2026-08-24T23:00:00.000Z,4667.640,4669.520,4667.290,4668.480,787
2026-08-24T23:05:00.000Z,4668.480,4669.490,4666.900,4669.450,835
2026-08-24T23:10:00.000Z,4669.300,4672.320,4668.960,4672.250,945
2026-08-24T23:15:00.000Z,4672.410,4676.950,4672.410,4674.940,1280
2026-08-24T23:20:00.000Z,4674.950,4675.420,4673.630,4674.730,916
2026-08-24T23:25:00.000Z,4674.740,4674.760,4669.260,4669.360,1172
2026-08-24T23:30:00.000Z,4669.340,4673.110,4667.650,4672.530,1301
2026-08-24T23:35:00.000Z,4672.530,4677.060,4671.500,4675.400,1124
2026-08-24T23:40:00.000Z,4675.340,4676.940,4675.200,4676.600,1224
2026-08-24T23:45:00.000Z,4676.590,4677.560,4675.110,4677.230,1474
2026-08-24T23:50:00.000Z,4677.240,4682.560,4677.000,4679.350,2080
2026-08-24T23:55:00.000Z,4679.300,4680.760,4677.940,4679.910,1495
2026-08-25T00:00:00.000Z,4680.460,4689.300,4676.990,4677.270,3152
2026-08-25T00:05:00.000Z,4677.140,4687.480,4675.340,4681.750,2901
2026-08-25T00:10:00.000Z,4681.770,4691.900,4680.010,4690.570,2568
2026-08-25T00:15:00.000Z,4690.550,4691.320,4681.130,4681.270,2741
2026-08-25T00:20:00.000Z,4681.910,4682.820,4679.310,4679.810,2352
2026-08-25T00:25:00.000Z,4679.800,4683.710,4676.700,4682.410,2385
2026-08-25T00:30:00.000Z,4682.420,4692.960,4681.950,4688.670,2999
2026-08-25T00:35:00.000Z,4688.690,4696.130,4687.860,4695.350,2509
2026-08-25T00:40:00.000Z,4695.320,4696.780,4692.400,4693.770,2519
2026-08-25T00:45:00.000Z,4693.840,4694.760,4687.680,4692.440,2903
2026-08-25T00:50:00.000Z,4692.460,4693.720,4687.820,4688.400,2611
2026-08-25T00:55:00.000Z,4688.390,4689.630,4683.930,4684.040,2128
2026-08-25T01:00:00.000Z,4684.190,4686.210,4671.170,4677.100,3874
2026-08-25T01:05:00.000Z,4677.090,4680.600,4671.150,4678.670,3205
2026-08-25T01:10:00.000Z,4678.760,4680.110,4674.910,4678.200,2867
2026-08-25T01:15:00.000Z,4678.190,4680.160,4673.300,4677.930,2817
2026-08-25T01:20:00.000Z,4677.940,4678.120,4666.160,4666.910,3018
2026-08-25T01:25:00.000Z,4666.980,4672.700,4664.270,4669.580,2781
2026-08-25T01:30:00.000Z,4669.560,4674.630,4666.970,4668.250,2945
2026-08-25T01:35:00.000Z,4668.280,4674.560,4666.810,4668.230,2745
2026-08-25T01:40:00.000Z,4668.640,4673.410,4667.610,4670.650,2807
2026-08-25T01:45:00.000Z,4670.670,4675.720,4665.160,4674.720,2810
2026-08-25T01:50:00.000Z,4674.690,4674.950,4663.560,4665.080,2928
2026-08-25T01:55:00.000Z,4665.100,4665.370,4656.650,4658.040,2882
2026-08-25T02:00:00.000Z,4658.030,4661.460,4650.540,4651.390,3259
2026-08-25T02:05:00.000Z,4651.410,4651.410,4639.640,4644.680,3720
2026-08-25T02:10:00.000Z,4644.680,4645.810,4638.510,4642.010,3161
2026-08-25T02:15:00.000Z,4641.980,4650.100,4641.180,4649.680,2647
2026-08-25T02:20:00.000Z,4649.660,4655.830,4649.560,4654.390,2332
2026-08-25T02:25:00.000Z,4654.550,4656.880,4652.840,4656.460,2136
2026-08-25T02:30:00.000Z,4656.510,4656.680,4642.780,4646.300,3534
2026-08-25T02:35:00.000Z,4646.290,4647.330,4639.820,4643.410,2678
2026-08-25T02:40:00.000Z,4643.410,4647.430,4631.070,4631.640,2935
2026-08-25T02:45:00.000Z,4631.020,4637.450,4630.300,4632.810,3152
2026-08-25T02:50:00.000Z,4633.100,4636.070,4615.850,4626.920,3346
2026-08-25T02:55:00.000Z,4626.930,4629.640,4621.050,4629.640,3210
2026-08-25T03:00:00.000Z,4629.660,4631.480,4622.340,4623.970,3101
2026-08-25T03:05:00.000Z,4624.000,4638.020,4622.840,4635.270,2879
2026-08-25T03:10:00.000Z,4635.250,4638.100,4631.980,4633.830,2621
2026-08-25T03:15:00.000Z,4633.820,4637.080,4632.160,4635.590,2364
2026-08-25T03:20:00.000Z,4635.580,4637.160,4632.680,4634.910,2324
2026-08-25T03:25:00.000Z,4634.950,4638.490,4634.880,4637.880,2272
2026-08-25T03:30:00.000Z,4637.890,4641.250,4636.240,4640.440,1814
2026-08-25T03:35:00.000Z,4640.410,4641.350,4634.580,4635.630,1638
2026-08-25T03:40:00.000Z,4635.730,4637.380,4634.120,4634.550,1684
2026-08-25T03:45:00.000Z,4634.540,4635.290,4631.380,4633.780,1750
2026-08-25T03:50:00.000Z,4633.770,4634.810,4631.810,4633.420,1462
2026-08-25T03:55:00.000Z,4633.430,4635.920,4632.400,4633.700,1376
2026-08-25T04:00:00.000Z,4633.680,4635.760,4631.060,4635.080,1860
2026-08-25T04:05:00.000Z,4635.100,4636.550,4634.350,4636.180,1373
2026-08-25T04:10:00.000Z,4636.460,4637.790,4635.290,4637.180,1455
2026-08-25T04:15:00.000Z,4637.180,4637.190,4633.510,4634.670,1579
2026-08-25T04:20:00.000Z,4634.650,4635.740,4631.100,4632.900,1509
2026-08-25T04:25:00.000Z,4632.920,4632.920,4628.980,4630.890,1477
2026-08-25T04:30:00.000Z,4630.860,4632.740,4626.290,4629.750,1915
2026-08-25T04:35:00.000Z,4629.760,4631.420,4626.560,4627.380,1773
2026-08-25T04:40:00.000Z,4627.360,4627.530,4623.800,4625.960,1744
2026-08-25T04:45:00.000Z,4625.940,4626.840,4624.620,4626.380,1697
2026-08-25T04:50:00.000Z,4626.370,4628.930,4624.250,4627.110,1756
2026-08-25T04:55:00.000Z,4627.090,4627.720,4625.730,4625.970,1660
2026-08-25T05:00:00.000Z,4625.890,4629.300,4624.160,4629.290,2009
2026-08-25T05:05:00.000Z,4629.210,4639.060,4629.200,4635.810,2188
2026-08-25T05:10:00.000Z,4635.830,4639.230,4635.830,4638.140,1736
2026-08-25T05:15:00.000Z,4638.110,4644.240,4638.010,4644.220,1657
2026-08-25T05:20:00.000Z,4644.130,4646.300,4643.090,4644.410,1804
2026-08-25T05:25:00.000Z,4644.360,4647.960,4642.890,4646.620,1650
2026-08-25T05:30:00.000Z,4646.640,4647.100,4639.410,4642.870,2728
2026-08-25T05:35:00.000Z,4642.800,4646.530,4642.220,4643.030,2121
2026-08-25T05:40:00.000Z,4643.050,4643.380,4638.100,4639.070,2350
2026-08-25T05:45:00.000Z,4639.030,4642.440,4635.920,4639.720,2305
2026-08-25T05:50:00.000Z,4639.740,4643.950,4637.060,4643.900,2346
2026-08-25T05:55:00.000Z,4643.850,4646.030,4641.610,4643.080,2227
2026-08-25T06:00:00.000Z,4643.120,4646.310,4641.480,4644.460,2349
2026-08-25T06:05:00.000Z,4644.450,4648.500,4644.310,4648.170,2102
2026-08-25T06:10:00.000Z,4648.160,4650.510,4647.960,4649.730,2094
2026-08-25T06:15:00.000Z,4649.730,4649.730,4646.750,4647.560,1870
2026-08-25T06:20:00.000Z,4647.650,4652.110,4645.570,4651.550,2023
2026-08-25T06:25:00.000Z,4651.540,4653.430,4649.940,4650.160,1859
2026-08-25T06:30:00.000Z,4650.130,4653.470,4649.020,4651.500,1926
2026-08-25T06:35:00.000Z,4651.500,4652.690,4648.260,4649.720,1883
2026-08-25T06:40:00.000Z,4649.790,4652.670,4647.860,4647.970,1817
2026-08-25T06:45:00.000Z,4647.830,4649.320,4646.560,4647.860,1658
2026-08-25T06:50:00.000Z,4647.880,4648.360,4641.230,4641.430,1797
2026-08-25T06:55:00.000Z,4641.430,4641.860,4636.850,4638.420,2023
2026-08-25T07:00:00.000Z,4638.430,4640.850,4636.880,4639.930,2086
2026-08-25T07:05:00.000Z,4640.180,4642.110,4636.560,4641.250,1998
2026-08-25T07:10:00.000Z,4641.180,4641.820,4637.860,4639.870,1801
2026-08-25T07:15:00.000Z,4639.860,4642.940,4638.020,4641.340,1996
2026-08-25T07:20:00.000Z,4641.140,4643.810,4639.610,4640.770,1641
2026-08-25T07:25:00.000Z,4640.780,4641.130,4634.280,4634.590,1565
2026-08-25T07:30:00.000Z,4634.590,4639.010,4634.220,4635.190,1733
2026-08-25T07:35:00.000Z,4635.220,4636.780,4634.000,4636.660,1796
2026-08-25T07:40:00.000Z,4636.670,4640.160,4635.320,4639.490,1569
2026-08-25T07:45:00.000Z,4639.760,4640.680,4634.480,4635.880,1536
2026-08-25T07:50:00.000Z,4635.900,4636.960,4631.200,4631.550,1866
2026-08-25T07:55:00.000Z,4631.570,4631.590,4629.900,4630.160,1700
2026-08-25T08:00:00.000Z,4630.150,4631.250,4625.420,4625.950,2624
2026-08-25T08:05:00.000Z,4625.950,4629.190,4620.320,4623.300,2446
2026-08-25T08:10:00.000Z,4623.270,4626.690,4622.920,4626.660,2043
2026-08-25T08:15:00.000Z,4626.520,4630.330,4625.950,4628.260,1865
2026-08-25T08:20:00.000Z,4628.220,4645.330,4626.830,4643.650,2643
2026-08-25T08:25:00.000Z,4643.460,4643.550,4631.920,4632.950,2989
2026-08-25T08:30:00.000Z,4632.810,4635.290,4631.800,4635.110,2660
2026-08-25T08:35:00.000Z,4635.100,4635.100,4629.360,4630.070,2152
2026-08-25T08:40:00.000Z,4629.930,4632.200,4625.860,4632.110,1949
2026-08-25T08:45:00.000Z,4631.850,4633.720,4627.500,4627.990,1733
2026-08-25T08:50:00.000Z,4628.030,4628.350,4625.130,4626.500,1783
2026-08-25T08:55:00.000Z,4626.510,4630.600,4626.290,4630.290,1713
2026-08-25T09:00:00.000Z,4630.160,4630.190,4624.850,4626.510,2222
2026-08-25T09:05:00.000Z,4626.500,4633.370,4624.900,4632.930,2075
2026-08-25T09:10:00.000Z,4632.940,4632.960,4629.190,4630.460,1720
2026-08-25T09:15:00.000Z,4630.450,4633.460,4629.730,4631.690,1892
2026-08-25T09:20:00.000Z,4631.640,4632.350,4629.590,4629.860,1655
2026-08-25T09:25:00.000Z,4629.860,4629.930,4625.800,4626.590,1648
2026-08-25T09:30:00.000Z,4626.530,4639.430,4623.910,4637.160,2467
2026-08-25T09:35:00.000Z,4637.150,4637.150,4629.720,4630.550,2699
2026-08-25T09:40:00.000Z,4630.520,4639.140,4629.360,4637.240,2240
2026-08-25T09:45:00.000Z,4637.210,4640.690,4636.580,4640.590,2074
2026-08-25T09:50:00.000Z,4640.580,4642.480,4638.080,4638.160,2179
2026-08-25T09:55:00.000Z,4638.170,4640.660,4635.940,4636.490,2076
2026-08-25T10:00:00.000Z,4636.420,4637.170,4633.250,4634.400,1905
2026-08-25T10:05:00.000Z,4634.450,4636.740,4633.580,4635.360,1663
2026-08-25T10:10:00.000Z,4635.370,4638.540,4633.560,4635.500,1591
2026-08-25T10:15:00.000Z,4635.490,4638.990,4635.030,4637.030,1416
2026-08-25T10:20:00.000Z,4637.310,4638.440,4635.410,4635.490,1518
2026-08-25T10:25:00.000Z,4635.480,4637.650,4632.940,4633.720,1582
2026-08-25T10:30:00.000Z,4633.810,4636.990,4632.890,4635.550,1741
2026-08-25T10:35:00.000Z,4635.580,4638.420,4633.770,4637.710,1472
2026-08-25T10:40:00.000Z,4637.690,4640.980,4637.210,4637.820,1498
2026-08-25T10:45:00.000Z,4637.870,4640.970,4637.400,4638.260,1465
2026-08-25T10:50:00.000Z,4638.270,4641.990,4637.060,4641.260,1621
2026-08-25T10:55:00.000Z,4641.270,4642.390,4639.350,4639.350,1500
2026-08-25T11:00:00.000Z,4639.310,4640.760,4637.580,4640.360,1813
2026-08-25T11:05:00.000Z,4640.320,4643.310,4636.690,4640.490,1888
2026-08-25T11:10:00.000Z,4640.620,4642.880,4639.390,4642.870,1863
2026-08-25T11:15:00.000Z,4642.930,4645.150,4641.550,4643.980,1747
2026-08-25T11:20:00.000Z,4644.040,4644.750,4640.850,4642.500,1579
2026-08-25T11:25:00.000Z,4642.460,4642.750,4639.070,4641.640,1533
2026-08-25T11:30:00.000Z,4641.630,4644.630,4640.650,4643.220,1864
2026-08-25T11:35:00.000Z,4643.250,4644.900,4642.270,4644.800,1619
2026-08-25T11:40:00.000Z,4644.790,4645.260,4640.450,4640.710,1666
2026-08-25T11:45:00.000Z,4640.750,4646.140,4640.710,4644.740,1880
2026-08-25T11:50:00.000Z,4644.770,4647.450,4641.640,4643.790,2075
2026-08-25T11:55:00.000Z,4643.820,4645.020,4642.020,4642.490,1605
2026-08-25T12:00:00.000Z,4642.650,4642.650,4635.090,4636.740,2282
2026-08-25T12:05:00.000Z,4636.720,4638.450,4635.490,4637.100,1965
2026-08-25T12:10:00.000Z,4637.080,4642.080,4636.250,4639.330,1971
2026-08-25T12:15:00.000Z,4639.190,4639.320,4633.140,4635.680,1976
2026-08-25T12:20:00.000Z,4635.670,4639.430,4632.060,4633.760,2084
2026-08-25T12:25:00.000Z,4633.770,4637.630,4633.160,4637.380,1942
2026-08-25T12:30:00.000Z,4637.600,4637.790,4632.820,4633.110,2312
2026-08-25T12:35:00.000Z,4633.110,4634.860,4630.490,4630.710,1921
2026-08-25T12:40:00.000Z,4630.700,4640.600,4630.110,4638.480,2248
2026-08-25T12:45:00.000Z,4638.590,4642.670,4637.420,4640.440,2277
2026-08-25T12:50:00.000Z,4640.400,4644.280,4639.830,4641.100,2069
2026-08-25T12:55:00.000Z,4641.100,4641.280,4638.600,4640.920,1824
2026-08-25T13:00:00.000Z,4640.850,4641.240,4630.020,4634.570,3318
2026-08-25T13:05:00.000Z,4634.560,4636.350,4628.250,4631.110,2917
2026-08-25T13:10:00.000Z,4631.080,4633.850,4622.870,4623.170,3254
2026-08-25T13:15:00.000Z,4623.060,4628.050,4620.570,4626.010,3111
2026-08-25T13:20:00.000Z,4626.050,4626.360,4612.760,4614.530,3196
2026-08-25T13:25:00.000Z,4614.540,4618.260,4608.780,4609.830,3287
2026-08-25T13:30:00.000Z,4610.250,4623.590,4609.310,4621.610,3786
2026-08-25T13:35:00.000Z,4621.730,4621.790,4609.560,4615.710,3832
2026-08-25T13:40:00.000Z,4615.630,4621.410,4611.010,4612.840,3841
2026-08-25T13:45:00.000Z,4612.910,4615.270,4605.410,4606.960,3747
2026-08-25T13:50:00.000Z,4606.990,4612.300,4605.940,4607.490,3723
2026-08-25T13:55:00.000Z,4607.540,4617.740,4605.880,4616.600,3235
2026-08-25T14:00:00.000Z,4616.510,4621.390,4613.210,4618.730,3676
2026-08-25T14:05:00.000Z,4618.780,4625.020,4618.100,4623.090,3505
2026-08-25T14:10:00.000Z,4623.100,4626.490,4621.890,4623.010,3369
2026-08-25T14:15:00.000Z,4623.030,4624.940,4619.310,4619.500,3294
2026-08-25T14:20:00.000Z,4619.210,4626.080,4618.530,4625.590,3245
2026-08-25T14:25:00.000Z,4625.700,4628.430,4623.590,4623.940,2941
2026-08-25T14:30:00.000Z,4623.950,4631.570,4612.000,4629.710,3629
2026-08-25T14:35:00.000Z,4629.670,4637.350,4629.670,4636.860,3067
2026-08-25T14:40:00.000Z,4636.760,4638.150,4631.240,4637.320,3181
2026-08-25T14:45:00.000Z,4637.180,4640.060,4635.530,4636.510,2854
2026-08-25T14:50:00.000Z,4636.610,4638.240,4632.730,4634.800,2815
2026-08-25T14:55:00.000Z,4634.980,4637.320,4633.250,4635.680,2695
2026-08-25T15:00:00.000Z,4635.760,4637.230,4630.630,4632.220,3068
2026-08-25T15:05:00.000Z,4632.240,4633.960,4630.580,4632.550,2905
2026-08-25T15:10:00.000Z,4632.570,4635.310,4631.030,4633.340,2625
2026-08-25T15:15:00.000Z,4633.350,4639.500,4629.670,4638.890,2977
2026-08-25T15:20:00.000Z,4638.900,4644.750,4638.800,4640.710,2910
2026-08-25T15:25:00.000Z,4640.680,4643.400,4637.110,4639.900,2690
2026-08-25T15:30:00.000Z,4639.880,4651.260,4639.880,4648.850,3257
2026-08-25T15:35:00.000Z,4648.880,4658.510,4648.230,4656.030,3791
2026-08-25T15:40:00.000Z,4656.020,4659.450,4654.570,4656.250,3193
2026-08-25T15:45:00.000Z,4656.280,4657.400,4650.980,4651.750,3011
2026-08-25T15:50:00.000Z,4651.690,4652.440,4648.960,4650.490,2753
2026-08-25T15:55:00.000Z,4650.610,4654.020,4648.990,4652.680,2690
2026-08-25T16:00:00.000Z,4652.690,4653.370,4647.830,4648.210,2793
2026-08-25T16:05:00.000Z,4648.190,4649.290,4644.890,4644.930,2458
2026-08-25T16:10:00.000Z,4644.970,4646.070,4642.830,4644.810,2431
2026-08-25T16:15:00.000Z,4644.690,4647.320,4641.860,4643.160,2500
2026-08-25T16:20:00.000Z,4643.200,4643.460,4638.000,4640.090,2363
2026-08-25T16:25:00.000Z,4640.080,4642.580,4639.300,4640.730,2061
2026-08-25T16:30:00.000Z,4640.780,4642.270,4638.290,4638.290,2351
2026-08-25T16:35:00.000Z,4638.390,4645.450,4637.110,4644.530,2154
2026-08-25T16:40:00.000Z,4644.430,4645.110,4642.940,4644.070,1972
2026-08-25T16:45:00.000Z,4644.060,4646.220,4641.830,4645.180,2092
2026-08-25T16:50:00.000Z,4645.220,4646.550,4643.680,4643.860,1801
2026-08-25T16:55:00.000Z,4643.840,4645.050,4640.520,4643.480,1926
2026-08-25T17:00:00.000Z,4643.550,4643.740,4638.560,4640.390,2212
2026-08-25T17:05:00.000Z,4640.360,4640.500,4635.330,4636.140,2023
2026-08-25T17:10:00.000Z,4636.170,4639.900,4633.960,4637.890,2125
2026-08-25T17:15:00.000Z,4637.960,4642.930,4634.470,4642.780,1969
2026-08-25T17:20:00.000Z,4642.760,4645.070,4638.010,4639.240,2063
2026-08-25T17:25:00.000Z,4639.230,4641.130,4636.160,4637.110,2399
2026-08-25T17:30:00.000Z,4637.380,4639.570,4636.330,4638.280,1968
2026-08-25T17:35:00.000Z,4638.170,4643.100,4638.030,4642.860,1882
2026-08-25T17:40:00.000Z,4642.850,4644.640,4641.370,4642.930,1829
2026-08-25T17:45:00.000Z,4643.010,4646.740,4642.790,4645.990,1844
2026-08-25T17:50:00.000Z,4646.060,4646.160,4642.750,4644.980,1546
2026-08-25T17:55:00.000Z,4644.970,4648.450,4644.830,4648.420,1741
2026-08-25T18:00:00.000Z,4648.450,4648.550,4644.510,4644.850,1988
2026-08-25T18:05:00.000Z,4644.840,4647.860,4644.290,4646.420,1739
2026-08-25T18:10:00.000Z,4646.410,4650.390,4646.080,4647.170,1573
2026-08-25T18:15:00.000Z,4647.080,4649.060,4646.330,4648.990,1512
2026-08-25T18:20:00.000Z,4649.010,4649.590,4648.290,4649.010,1413
2026-08-25T18:25:00.000Z,4648.990,4650.580,4648.910,4649.980,1480
2026-08-25T18:30:00.000Z,4650.020,4650.020,4646.450,4647.520,1415
2026-08-25T18:35:00.000Z,4647.480,4648.540,4645.950,4648.030,1519
2026-08-25T18:40:00.000Z,4648.050,4650.430,4647.770,4649.250,1542
2026-08-25T18:45:00.000Z,4649.270,4652.060,4649.250,4651.280,1575
2026-08-25T18:50:00.000Z,4651.240,4651.370,4649.870,4651.010,1415
2026-08-25T18:55:00.000Z,4650.920,4655.030,4650.820,4654.540,1642
2026-08-25T19:00:00.000Z,4654.530,4657.920,4653.450,4654.170,1948
2026-08-25T19:05:00.000Z,4654.070,4660.250,4653.720,4659.290,1836
2026-08-25T19:10:00.000Z,4659.080,4663.130,4659.020,4662.200,1991
2026-08-25T19:15:00.000Z,4662.200,4668.010,4661.910,4666.490,2124
2026-08-25T19:20:00.000Z,4666.610,4667.050,4663.140,4664.340,1845
2026-08-25T19:25:00.000Z,4664.290,4664.330,4660.030,4661.010,1667
2026-08-25T19:30:00.000Z,4661.000,4661.860,4658.720,4659.150,1783
2026-08-25T19:35:00.000Z,4659.080,4660.350,4657.970,4659.480,1794
2026-08-25T19:40:00.000Z,4659.500,4664.520,4659.320,4662.190,1970
2026-08-25T19:45:00.000Z,4662.140,4664.860,4660.450,4664.530,1819
2026-08-25T19:50:00.000Z,4664.560,4667.560,4662.120,4665.280,2554
2026-08-25T19:55:00.000Z,4665.340,4667.610,4661.100,4666.970,2736
2026-08-25T20:00:00.000Z,4667.010,4667.580,4664.540,4665.350,1653
2026-08-25T20:05:00.000Z,4665.270,4668.530,4662.870,4668.500,1529
2026-08-25T20:10:00.000Z,4668.490,4669.080,4665.860,4665.860,1547
2026-08-25T20:15:00.000Z,4665.840,4666.750,4665.470,4666.190,1191
2026-08-25T20:20:00.000Z,4666.180,4667.760,4665.820,4666.320,1013
2026-08-25T20:25:00.000Z,4666.340,4666.360,4662.050,4662.440,1284
2026-08-25T20:30:00.000Z,4662.430,4664.170,4661.480,4661.800,1259
2026-08-25T20:35:00.000Z,4661.810,4662.530,4661.350,4661.520,964
2026-08-25T20:40:00.000Z,4661.450,4661.940,4660.240,4661.510,901
2026-08-25T20:45:00.000Z,4661.520,4662.230,4660.570,4661.090,915
2026-08-25T20:50:00.000Z,4660.910,4661.430,4659.370,4659.730,950
2026-08-25T20:55:00.000Z,4659.710,4660.110,4657.670,4658.700,1088
2026-08-25T22:00:00.000Z,4652.690,4661.760,4652.560,4661.600,1503
2026-08-25T22:05:00.000Z,4661.560,4662.030,4660.500,4661.420,707
2026-08-25T22:10:00.000Z,4661.560,4664.900,4661.070,4664.730,762
2026-08-25T22:15:00.000Z,4664.670,4666.820,4664.580,4666.330,737
2026-08-25T22:20:00.000Z,4666.360,4666.810,4665.110,4666.560,606
2026-08-25T22:25:00.000Z,4666.600,4666.880,4665.680,4666.840,483
2026-08-25T22:30:00.000Z,4666.830,4669.090,4666.830,4669.090,855
2026-08-25T22:35:00.000Z,4669.400,4670.840,4667.260,4670.160,999
2026-08-25T22:40:00.000Z,4670.240,4670.370,4668.970,4670.070,670
2026-08-25T22:45:00.000Z,4669.950,4672.730,4669.850,4672.180,836
2026-08-25T22:50:00.000Z,4672.120,4673.750,4672.070,4672.490,796
2026-08-25T22:55:00.000Z,4672.520,4673.440,4672.470,4672.680,718
2026-08-25T23:00:00.000Z,4672.700,4673.510,4670.460,4672.130,968
2026-08-25T23:05:00.000Z,4672.120,4672.570,4669.240,4669.300,996
2026-08-25T23:10:00.000Z,4669.250,4669.870,4667.270,4668.130,869
2026-08-25T23:15:00.000Z,4668.110,4668.190,4666.570,4667.430,664
2026-08-25T23:20:00.000Z,4667.410,4667.410,4661.880,4661.880,1208
2026-08-25T23:25:00.000Z,4661.890,4661.970,4660.310,4661.060,1052
2026-08-25T23:30:00.000Z,4661.080,4661.400,4657.840,4660.330,962
2026-08-25T23:35:00.000Z,4660.340,4660.830,4659.110,4659.310,635
2026-08-25T23:40:00.000Z,4659.260,4659.800,4655.700,4656.140,1208
2026-08-25T23:45:00.000Z,4656.110,4658.830,4655.310,4655.850,1657
2026-08-25T23:50:00.000Z,4655.950,4656.990,4654.100,4654.810,1464
2026-08-25T23:55:00.000Z,4654.830,4655.540,4653.200,4654.870,1247
2026-08-26T00:00:00.000Z,4654.860,4657.690,4651.700,4652.440,2505
2026-08-26T00:05:00.000Z,4652.470,4654.190,4651.690,4653.850,2074
2026-08-26T00:10:00.000Z,4653.840,4654.760,4651.090,4651.360,1709
2026-08-26T00:15:00.000Z,4651.330,4655.000,4650.430,4651.410,1808
2026-08-26T00:20:00.000Z,4651.280,4651.520,4645.060,4645.380,1821
2026-08-26T00:25:00.000Z,4645.390,4647.530,4643.070,4646.700,1775
2026-08-26T00:30:00.000Z,4646.780,4650.060,4643.880,4644.990,1964
2026-08-26T00:35:00.000Z,4644.880,4645.240,4638.520,4639.760,2039
2026-08-26T00:40:00.000Z,4639.770,4640.000,4636.310,4637.030,1860
2026-08-26T00:45:00.000Z,4637.040,4638.470,4636.120,4636.420,2037
2026-08-26T00:50:00.000Z,4636.430,4638.970,4634.460,4635.970,2028
2026-08-26T00:55:00.000Z,4636.080,4638.930,4635.870,4637.490,1749
2026-08-26T01:00:00.000Z,4637.520,4646.290,4629.970,4645.940,3436
2026-08-26T01:05:00.000Z,4646.050,4647.830,4640.820,4644.640,2749
2026-08-26T01:10:00.000Z,4644.630,4646.430,4640.710,4644.150,2487
2026-08-26T01:15:00.000Z,4644.140,4650.410,4644.140,4645.610,2491
2026-08-26T01:20:00.000Z,4645.600,4649.180,4644.360,4644.360,2537
2026-08-26T01:25:00.000Z,4644.300,4647.880,4643.480,4643.580,2263
2026-08-26T01:30:00.000Z,4643.750,4645.360,4639.010,4639.240,3051
2026-08-26T01:35:00.000Z,4639.630,4646.820,4639.280,4645.600,2614
2026-08-26T01:40:00.000Z,4645.620,4647.120,4639.910,4644.770,2461
2026-08-26T01:45:00.000Z,4644.750,4651.090,4643.080,4651.090,2523
2026-08-26T01:50:00.000Z,4651.100,4653.730,4650.590,4651.900,2685
2026-08-26T01:55:00.000Z,4651.910,4660.890,4651.680,4657.080,2672
2026-08-26T02:00:00.000Z,4657.500,4660.490,4654.990,4659.840,2747
2026-08-26T02:05:00.000Z,4659.810,4661.780,4658.720,4660.650,2333
2026-08-26T02:10:00.000Z,4660.660,4661.640,4657.960,4660.230,2249
2026-08-26T02:15:00.000Z,4660.270,4661.500,4659.350,4661.160,1467
2026-08-26T02:20:00.000Z,4661.170,4661.740,4658.970,4659.270,1399
2026-08-26T02:25:00.000Z,4659.260,4660.070,4656.230,4659.020,1640
2026-08-26T02:30:00.000Z,4658.690,4663.950,4657.520,4663.770,2489
2026-08-26T02:35:00.000Z,4663.760,4665.710,4659.550,4663.630,2254
2026-08-26T02:40:00.000Z,4663.610,4670.750,4662.190,4667.410,2296
2026-08-26T02:45:00.000Z,4667.180,4669.130,4665.460,4665.880,2087
2026-08-26T02:50:00.000Z,4665.890,4666.850,4660.510,4661.140,2002
2026-08-26T02:55:00.000Z,4661.120,4661.250,4658.000,4658.510,1784
2026-08-26T03:00:00.000Z,4658.530,4658.820,4653.430,4656.880,2290
2026-08-26T03:05:00.000Z,4656.870,4657.240,4649.600,4650.160,2160
2026-08-26T03:10:00.000Z,4650.190,4650.240,4647.350,4648.330,1847
2026-08-26T03:15:00.000Z,4648.310,4648.690,4645.960,4647.450,1859
2026-08-26T03:20:00.000Z,4647.520,4650.770,4647.120,4649.010,2063
2026-08-26T03:25:00.000Z,4649.130,4650.580,4647.770,4650.260,1803
2026-08-26T03:30:00.000Z,4650.190,4651.290,4649.680,4650.060,1536
2026-08-26T03:35:00.000Z,4650.070,4651.330,4646.960,4648.380,1358
2026-08-26T03:40:00.000Z,4648.340,4649.130,4645.350,4645.350,1255
2026-08-26T03:45:00.000Z,4645.400,4645.450,4642.410,4644.870,1377
2026-08-26T03:50:00.000Z,4644.850,4645.500,4643.300,4644.350,1157
2026-08-26T03:55:00.000Z,4644.200,4644.610,4642.640,4642.640,1150
2026-08-26T04:00:00.000Z,4642.630,4644.380,4642.580,4642.900,1273
2026-08-26T04:05:00.000Z,4642.830,4643.880,4641.930,4643.790,949
2026-08-26T04:10:00.000Z,4643.530,4644.000,4642.620,4642.640,989
2026-08-26T04:15:00.000Z,4642.620,4643.360,4641.470,4642.070,997
2026-08-26T04:20:00.000Z,4642.080,4643.020,4641.510,4642.640,1075
2026-08-26T04:25:00.000Z,4642.630,4642.860,4641.190,4642.270,885
2026-08-26T04:30:00.000Z,4642.280,4643.290,4641.220,4641.840,1036
2026-08-26T04:35:00.000Z,4641.790,4642.270,4640.410,4640.420,1093
2026-08-26T04:40:00.000Z,4640.400,4642.240,4639.830,4640.890,1010
2026-08-26T04:45:00.000Z,4640.870,4641.230,4638.900,4640.190,1162
2026-08-26T04:50:00.000Z,4640.170,4641.850,4639.640,4640.870,1169
2026-08-26T04:55:00.000Z,4640.880,4641.730,4639.510,4640.680,1185
2026-08-26T05:00:00.000Z,4640.720,4643.830,4640.130,4642.040,1512
2026-08-26T05:05:00.000Z,4642.050,4645.910,4641.740,4645.660,1437
2026-08-26T05:10:00.000Z,4645.490,4645.700,4641.250,4643.420,1215
2026-08-26T05:15:00.000Z,4643.410,4644.760,4641.360,4643.500,1478
2026-08-26T05:20:00.000Z,4643.490,4644.510,4641.930,4643.920,1308
2026-08-26T05:25:00.000Z,4643.980,4645.420,4642.690,4643.420,1213
2026-08-26T05:30:00.000Z,4643.480,4649.530,4641.320,4645.700,2610
2026-08-26T05:35:00.000Z,4645.740,4646.000,4638.300,4641.570,2399
2026-08-26T05:40:00.000Z,4641.560,4644.530,4638.050,4638.090,2041
2026-08-26T05:45:00.000Z,4638.100,4640.590,4635.520,4637.680,2364
2026-08-26T05:50:00.000Z,4637.720,4640.310,4637.040,4638.970,2008
2026-08-26T05:55:00.000Z,4638.960,4639.660,4637.010,4639.660,2019
2026-08-26T06:00:00.000Z,4639.670,4641.470,4636.230,4641.010,2322
2026-08-26T06:05:00.000Z,4641.040,4641.050,4637.390,4639.140,1856
2026-08-26T06:10:00.000Z,4639.100,4639.160,4636.170,4637.510,1942
2026-08-26T06:15:00.000Z,4637.600,4637.840,4631.290,4634.270,2444
2026-08-26T06:20:00.000Z,4634.260,4634.630,4626.110,4627.240,2343
2026-08-26T06:25:00.000Z,4627.190,4628.970,4624.700,4626.810,2177
2026-08-26T06:30:00.000Z,4626.860,4630.950,4625.780,4630.950,2161
2026-08-26T06:35:00.000Z,4630.840,4631.240,4627.250,4630.700,2010
2026-08-26T06:40:00.000Z,4630.680,4634.220,4629.850,4633.330,1768
2026-08-26T06:45:00.000Z,4633.300,4636.810,4633.270,4635.040,1784
2026-08-26T06:50:00.000Z,4635.030,4635.710,4632.290,4633.260,1779
2026-08-26T06:55:00.000Z,4633.270,4634.530,4630.470,4634.280,1909
2026-08-26T07:00:00.000Z,4634.210,4639.190,4634.210,4639.000,2154
2026-08-26T07:05:00.000Z,4639.010,4639.320,4633.180,4635.300,1769
2026-08-26T07:10:00.000Z,4635.160,4636.960,4633.510,4636.470,1749
2026-08-26T07:15:00.000Z,4636.480,4637.710,4633.770,4634.030,1527
2026-08-26T07:20:00.000Z,4633.940,4635.290,4632.130,4634.200,1583
2026-08-26T07:25:00.000Z,4634.180,4635.960,4630.820,4631.380,1671
2026-08-26T07:30:00.000Z,4631.360,4636.400,4631.330,4633.480,1853
2026-08-26T07:35:00.000Z,4633.440,4634.390,4629.900,4630.540,1493
2026-08-26T07:40:00.000Z,4630.520,4631.720,4628.780,4631.720,1393
2026-08-26T07:45:00.000Z,4631.920,4634.870,4630.580,4631.840,1522
2026-08-26T07:50:00.000Z,4631.860,4631.860,4627.660,4628.470,1675
2026-08-26T07:55:00.000Z,4628.480,4629.970,4626.580,4629.010,1677
2026-08-26T08:00:00.000Z,4629.060,4630.330,4626.630,4628.730,2207
2026-08-26T08:05:00.000Z,4628.840,4629.660,4625.530,4627.760,1913
2026-08-26T08:10:00.000Z,4627.710,4628.490,4625.640,4625.720,1862
2026-08-26T08:15:00.000Z,4625.670,4628.330,4622.880,4624.970,1953
2026-08-26T08:20:00.000Z,4624.980,4626.480,4622.260,4626.320,1576
2026-08-26T08:25:00.000Z,4625.790,4629.730,4625.640,4629.730,1718
2026-08-26T08:30:00.000Z,4629.590,4630.680,4625.120,4628.290,2051
2026-08-26T08:35:00.000Z,4628.250,4630.470,4628.050,4629.240,1464
2026-08-26T08:40:00.000Z,4629.220,4629.680,4628.020,4629.510,1304
2026-08-26T08:45:00.000Z,4629.480,4629.970,4627.000,4628.800,1289
2026-08-26T08:50:00.000Z,4628.830,4628.950,4627.380,4627.630,1088
2026-08-26T08:55:00.000Z,4627.710,4628.620,4626.070,4628.310,1324
2026-08-26T09:00:00.000Z,4628.320,4630.970,4625.920,4626.030,1845
2026-08-26T09:05:00.000Z,4626.040,4627.590,4624.100,4624.320,1747
2026-08-26T09:10:00.000Z,4624.170,4627.820,4624.010,4625.000,1572
2026-08-26T09:15:00.000Z,4625.040,4625.150,4621.070,4621.190,1735
2026-08-26T09:20:00.000Z,4621.200,4621.470,4618.530,4619.030,1579
2026-08-26T09:25:00.000Z,4618.990,4619.470,4616.300,4616.860,1854
2026-08-26T09:30:00.000Z,4616.970,4622.310,4616.840,4621.090,1760
2026-08-26T09:35:00.000Z,4621.100,4621.420,4620.090,4620.450,1149
2026-08-26T09:40:00.000Z,4620.460,4622.430,4619.480,4622.090,1239
2026-08-26T09:45:00.000Z,4622.040,4625.670,4622.020,4624.380,1341
2026-08-26T09:50:00.000Z,4624.330,4625.230,4623.000,4624.260,1447
2026-08-26T09:55:00.000Z,4624.240,4625.180,4623.380,4623.400,1280
2026-08-26T10:00:00.000Z,4623.290,4623.960,4620.370,4623.450,1530
2026-08-26T10:05:00.000Z,4623.420,4623.450,4620.650,4621.720,1121
2026-08-26T10:10:00.000Z,4622.040,4622.070,4617.820,4618.990,1193
2026-08-26T10:15:00.000Z,4619.010,4620.460,4617.150,4617.340,1406
2026-08-26T10:20:00.000Z,4617.330,4620.010,4616.220,4618.640,1434
2026-08-26T10:25:00.000Z,4618.650,4618.690,4613.460,4615.140,1526
2026-08-26T10:30:00.000Z,4615.500,4619.550,4614.660,4619.390,1459
2026-08-26T10:35:00.000Z,4619.390,4624.160,4618.490,4624.110,1375
2026-08-26T10:40:00.000Z,4624.060,4624.120,4620.970,4622.400,1323
2026-08-26T10:45:00.000Z,4622.390,4623.820,4622.290,4623.590,1094
2026-08-26T10:50:00.000Z,4623.650,4624.030,4621.780,4622.760,1195
2026-08-26T10:55:00.000Z,4622.680,4622.680,4618.930,4620.290,1087
2026-08-26T11:00:00.000Z,4620.330,4621.870,4619.410,4620.830,1614
2026-08-26T11:05:00.000Z,4620.800,4620.880,4616.940,4617.790,1326
2026-08-26T11:10:00.000Z,4617.710,4619.140,4616.660,4618.520,1264
2026-08-26T11:15:00.000Z,4618.510,4623.020,4618.370,4622.090,1456
2026-08-26T11:20:00.000Z,4622.090,4623.030,4616.610,4616.960,1529
2026-08-26T11:25:00.000Z,4616.870,4621.720,4616.820,4620.590,1731
2026-08-26T11:30:00.000Z,4620.770,4622.880,4618.520,4619.110,1671
2026-08-26T11:35:00.000Z,4619.050,4619.930,4617.290,4618.360,1573
2026-08-26T11:40:00.000Z,4618.350,4619.520,4617.460,4619.110,1287
2026-08-26T11:45:00.000Z,4619.130,4619.180,4617.010,4618.350,1620
2026-08-26T11:50:00.000Z,4618.460,4620.170,4617.530,4619.610,1532
2026-08-26T11:55:00.000Z,4619.600,4625.220,4619.250,4624.780,1508
2026-08-26T12:00:00.000Z,4624.770,4629.300,4623.840,4627.450,2259
2026-08-26T12:05:00.000Z,4627.460,4629.780,4626.940,4627.250,1854
2026-08-26T12:10:00.000Z,4627.270,4628.080,4625.250,4625.560,1982
2026-08-26T12:15:00.000Z,4625.570,4630.130,4624.590,4629.030,1836
2026-08-26T12:20:00.000Z,4629.060,4629.520,4625.170,4626.150,2098
2026-08-26T12:25:00.000Z,4626.270,4631.180,4625.650,4630.620,2085
2026-08-26T12:30:00.000Z,4628.990,4633.650,4612.470,4623.340,3990
2026-08-26T12:35:00.000Z,4623.210,4625.940,4617.860,4622.150,3138
2026-08-26T12:40:00.000Z,4622.110,4625.350,4614.670,4622.580,3094
2026-08-26T12:45:00.000Z,4622.540,4625.030,4618.540,4623.930,2595
2026-08-26T12:50:00.000Z,4623.940,4626.300,4610.890,4616.320,2965
2026-08-26T12:55:00.000Z,4616.140,4618.610,4613.040,4614.430,3108
2026-08-26T13:00:00.000Z,4614.590,4621.490,4609.450,4612.190,3477
2026-08-26T13:05:00.000Z,4612.300,4617.340,4608.480,4609.140,3191
2026-08-26T13:10:00.000Z,4609.170,4613.020,4608.440,4611.140,3072
2026-08-26T13:15:00.000Z,4611.340,4613.860,4597.890,4611.550,3369
2026-08-26T13:20:00.000Z,4611.330,4614.240,4604.330,4609.240,3263
2026-08-26T13:25:00.000Z,4609.390,4612.540,4605.360,4611.340,3028
2026-08-26T13:30:00.000Z,4611.460,4618.930,4610.400,4615.840,3861
2026-08-26T13:35:00.000Z,4616.270,4616.990,4612.600,4613.440,3834
2026-08-26T13:40:00.000Z,4613.430,4623.020,4612.010,4619.720,3716
2026-08-26T13:45:00.000Z,4619.570,4625.610,4618.380,4625.490,3515
2026-08-26T13:50:00.000Z,4625.450,4628.930,4622.710,4623.930,3736
2026-08-26T13:55:00.000Z,4623.950,4631.960,4623.950,4631.640,3411
2026-08-26T14:00:00.000Z,4631.650,4633.460,4622.750,4623.970,3794
2026-08-26T14:05:00.000Z,4624.140,4626.020,4620.720,4622.920,3526
2026-08-26T14:10:00.000Z,4622.980,4627.060,4619.520,4620.350,2940
2026-08-26T14:15:00.000Z,4620.430,4624.280,4619.430,4623.000,3005
2026-08-26T14:20:00.000Z,4623.050,4626.770,4619.290,4621.160,3061
2026-08-26T14:25:00.000Z,4621.230,4621.260,4616.340,4616.720,3230
2026-08-26T14:30:00.000Z,4616.510,4619.560,4614.900,4618.400,3113
2026-08-26T14:35:00.000Z,4618.410,4618.620,4612.620,4617.010,2843
2026-08-26T14:40:00.000Z,4617.080,4622.890,4617.040,4622.060,2720
2026-08-26T14:45:00.000Z,4622.110,4622.880,4611.820,4612.750,3161
2026-08-26T14:50:00.000Z,4612.760,4614.360,4606.150,4607.590,3025
2026-08-26T14:55:00.000Z,4607.710,4612.390,4602.870,4602.920,3258
2026-08-26T15:00:00.000Z,4602.950,4605.400,4592.910,4598.350,3630
2026-08-26T15:05:00.000Z,4598.460,4598.680,4588.120,4597.870,3558
2026-08-26T15:10:00.000Z,4597.810,4599.970,4588.210,4589.010,3357
2026-08-26T15:15:00.000Z,4589.020,4594.070,4583.100,4591.030,3436
2026-08-26T15:20:00.000Z,4590.870,4594.220,4589.260,4591.800,3217
2026-08-26T15:25:00.000Z,4591.690,4598.210,4590.760,4594.860,3043
2026-08-26T15:30:00.000Z,4594.850,4598.220,4594.590,4598.200,2741
2026-08-26T15:35:00.000Z,4598.210,4601.570,4597.390,4601.570,2672
2026-08-26T15:40:00.000Z,4601.530,4604.850,4600.350,4604.850,2301
2026-08-26T15:45:00.000Z,4604.910,4609.310,4604.590,4608.310,2527
2026-08-26T15:50:00.000Z,4608.320,4608.550,4598.440,4600.510,3081
2026-08-26T15:55:00.000Z,4600.500,4604.030,4596.100,4596.130,2741
2026-08-26T16:00:00.000Z,4596.160,4598.960,4590.660,4597.400,3042
2026-08-26T16:05:00.000Z,4597.350,4601.510,4596.940,4599.610,2633
2026-08-26T16:10:00.000Z,4599.580,4600.530,4597.210,4600.320,2464
2026-08-26T16:15:00.000Z,4600.290,4600.930,4597.080,4599.300,2425
2026-08-26T16:20:00.000Z,4599.280,4599.790,4594.200,4596.040,2410
2026-08-26T16:25:00.000Z,4596.090,4597.300,4594.370,4595.060,2207
2026-08-26T16:30:00.000Z,4595.020,4596.360,4592.810,4594.290,2169
2026-08-26T16:35:00.000Z,4594.190,4595.410,4586.740,4587.190,2387
2026-08-26T16:40:00.000Z,4587.180,4591.480,4585.730,4588.250,2567
2026-08-26T16:45:00.000Z,4588.230,4594.900,4588.100,4594.900,2424
2026-08-26T16:50:00.000Z,4594.890,4596.840,4589.240,4589.660,2492
2026-08-26T16:55:00.000Z,4589.630,4592.130,4588.570,4591.630,2492
2026-08-26T17:00:00.000Z,4591.660,4593.870,4591.320,4593.200,2331
2026-08-26T17:05:00.000Z,4593.230,4596.110,4590.740,4594.320,2354
2026-08-26T17:10:00.000Z,4594.310,4595.270,4593.290,4594.790,2064
2026-08-26T17:15:00.000Z,4594.800,4596.050,4593.540,4596.040,1968
2026-08-26T17:20:00.000Z,4596.140,4598.860,4595.340,4596.590,2443
2026-08-26T17:25:00.000Z,4596.610,4598.460,4594.150,4597.790,2304
2026-08-26T17:30:00.000Z,4597.940,4602.270,4596.940,4600.920,2404
2026-08-26T17:35:00.000Z,4600.940,4601.360,4596.150,4596.670,1815
2026-08-26T17:40:00.000Z,4596.650,4599.320,4595.800,4597.180,1959
2026-08-26T17:45:00.000Z,4597.170,4598.830,4596.210,4598.300,1731
2026-08-26T17:50:00.000Z,4598.330,4599.260,4597.240,4597.430,1498
2026-08-26T17:55:00.000Z,4597.410,4597.850,4594.320,4597.840,1959
2026-08-26T18:00:00.000Z,4597.900,4603.340,4596.770,4602.930,2107
2026-08-26T18:05:00.000Z,4603.030,4604.640,4600.620,4602.250,2016
2026-08-26T18:10:00.000Z,4602.220,4603.710,4599.970,4600.240,1555
2026-08-26T18:15:00.000Z,4600.280,4600.570,4594.900,4595.680,2014
2026-08-26T18:20:00.000Z,4595.650,4595.830,4592.800,4593.960,2062
2026-08-26T18:25:00.000Z,4593.950,4595.350,4593.030,4594.790,2024
2026-08-26T18:30:00.000Z,4594.750,4595.860,4593.400,4593.500,1956
2026-08-26T18:35:00.000Z,4593.500,4596.470,4592.490,4594.340,1553
2026-08-26T18:40:00.000Z,4594.330,4597.460,4593.840,4596.790,1454
2026-08-26T18:45:00.000Z,4596.600,4597.740,4595.970,4596.890,1513
2026-08-26T18:50:00.000Z,4596.880,4597.760,4596.280,4596.340,1340
2026-08-26T18:55:00.000Z,4596.320,4596.320,4593.270,4593.800,1804
2026-08-26T19:00:00.000Z,4594.120,4595.030,4591.040,4592.150,2021
2026-08-26T19:05:00.000Z,4592.150,4593.470,4591.080,4592.980,1606
2026-08-26T19:10:00.000Z,4592.960,4595.670,4592.930,4594.460,1623
2026-08-26T19:15:00.000Z,4594.450,4595.640,4591.780,4591.820,1648
2026-08-26T19:20:00.000Z,4591.810,4594.460,4591.330,4594.460,1500
2026-08-26T19:25:00.000Z,4594.420,4598.990,4594.380,4598.470,1762
2026-08-26T19:30:00.000Z,4598.550,4601.630,4596.770,4597.550,1717
2026-08-26T19:35:00.000Z,4597.560,4598.410,4596.470,4596.810,1544
2026-08-26T19:40:00.000Z,4596.840,4596.970,4594.310,4595.680,1438
2026-08-26T19:45:00.000Z,4595.680,4596.510,4594.970,4595.110,1539
2026-08-26T19:50:00.000Z,4595.030,4595.400,4592.460,4593.710,2072
2026-08-26T19:55:00.000Z,4593.830,4594.830,4592.400,4594.280,2385
2026-08-26T20:00:00.000Z,4594.260,4594.990,4592.840,4594.100,1522
2026-08-26T20:05:00.000Z,4594.040,4596.750,4594.000,4594.380,1291
2026-08-26T20:10:00.000Z,4594.460,4595.080,4591.690,4591.740,1103
2026-08-26T20:15:00.000Z,4591.790,4591.920,4589.160,4589.470,1401
2026-08-26T20:20:00.000Z,4589.310,4589.650,4584.160,4589.650,2568
2026-08-26T20:25:00.000Z,4589.640,4592.040,4589.460,4591.380,1218
2026-08-26T20:30:00.000Z,4591.390,4592.000,4590.280,4591.730,1091
2026-08-26T20:35:00.000Z,4591.770,4593.520,4591.770,4593.520,1175
2026-08-26T20:40:00.000Z,4593.430,4593.430,4591.220,4591.950,932
2026-08-26T20:45:00.000Z,4591.740,4593.420,4591.470,4593.360,896
2026-08-26T20:50:00.000Z,4593.200,4593.820,4592.300,4592.920,974
2026-08-26T20:55:00.000Z,4592.940,4594.570,4592.800,4594.570,882
2026-08-26T22:00:00.000Z,4594.010,4606.890,4593.980,4603.610,1433
2026-08-26T22:05:00.000Z,4603.510,4605.160,4603.310,4604.240,1159
2026-08-26T22:10:00.000Z,4604.230,4605.440,4602.000,4602.670,1074
2026-08-26T22:15:00.000Z,4602.810,4612.380,4602.050,4610.680,1518
2026-08-26T22:20:00.000Z,4610.530,4613.420,4605.980,4606.870,1293
2026-08-26T22:25:00.000Z,4606.760,4611.270,4605.550,4610.910,928
2026-08-26T22:30:00.000Z,4610.890,4611.660,4609.490,4609.660,958
2026-08-26T22:35:00.000Z,4609.660,4611.310,4608.190,4610.030,1005
2026-08-26T22:40:00.000Z,4610.060,4611.650,4608.860,4610.880,970
2026-08-26T22:45:00.000Z,4610.890,4612.090,4607.870,4609.090,909
2026-08-26T22:50:00.000Z,4609.080,4609.550,4607.050,4607.460,851
2026-08-26T22:55:00.000Z,4607.480,4609.910,4606.930,4609.330,914
2026-08-26T23:00:00.000Z,4609.160,4612.040,4607.050,4608.370,1183
2026-08-26T23:05:00.000Z,4608.430,4612.340,4608.220,4611.350,1012
2026-08-26T23:10:00.000Z,4611.670,4615.760,4611.330,4615.610,1109
2026-08-26T23:15:00.000Z,4615.460,4620.750,4614.490,4620.730,1140
2026-08-26T23:20:00.000Z,4620.720,4622.300,4620.550,4621.450,957
2026-08-26T23:25:00.000Z,4621.470,4622.400,4619.080,4620.200,965
2026-08-26T23:30:00.000Z,4620.240,4621.140,4618.370,4621.090,1110
2026-08-26T23:35:00.000Z,4621.090,4624.870,4619.210,4624.860,987
2026-08-26T23:40:00.000Z,4624.600,4624.710,4622.140,4622.800,890
2026-08-26T23:45:00.000Z,4622.770,4624.900,4621.050,4623.430,1544
2026-08-26T23:50:00.000Z,4623.450,4624.740,4621.000,4621.350,1001
2026-08-26T23:55:00.000Z,4621.290,4624.330,4620.930,4623.720,1213
2026-08-27T00:00:00.000Z,4624.050,4627.120,4622.680,4624.470,1876
2026-08-27T00:05:00.000Z,4624.480,4624.480,4618.170,4618.980,1662
2026-08-27T00:10:00.000Z,4619.030,4619.380,4616.290,4618.050,1569
2026-08-27T00:15:00.000Z,4618.070,4619.620,4613.410,4619.280,1690
2026-08-27T00:20:00.000Z,4619.290,4621.390,4618.590,4620.130,1588
2026-08-27T00:25:00.000Z,4620.100,4621.600,4617.380,4619.190,1508
2026-08-27T00:30:00.000Z,4618.820,4618.890,4613.090,4613.420,1485
2026-08-27T00:35:00.000Z,4613.180,4615.220,4610.190,4612.660,1832
2026-08-27T00:40:00.000Z,4612.550,4613.410,4605.370,4606.290,1774
2026-08-27T00:45:00.000Z,4606.280,4611.130,4606.160,4609.660,1671
2026-08-27T00:50:00.000Z,4609.650,4609.820,4600.600,4602.620,2009
2026-08-27T00:55:00.000Z,4602.570,4605.300,4601.960,4605.110,2180
2026-08-27T01:00:00.000Z,4605.200,4615.110,4602.360,4614.410,3400
2026-08-27T01:05:00.000Z,4614.550,4619.770,4612.210,4616.440,2803
2026-08-27T01:10:00.000Z,4616.460,4625.000,4616.460,4624.420,2316
2026-08-27T01:15:00.000Z,4624.510,4624.920,4617.040,4622.120,2149
2026-08-27T01:20:00.000Z,4622.130,4625.140,4618.880,4625.080,2303
2026-08-27T01:25:00.000Z,4625.040,4625.140,4618.670,4618.790,1947
2026-08-27T01:30:00.000Z,4618.660,4622.670,4618.070,4621.700,2327
2026-08-27T01:35:00.000Z,4621.760,4630.070,4620.020,4628.490,2599
2026-08-27T01:40:00.000Z,4628.510,4631.480,4622.030,4623.960,2834
2026-08-27T01:45:00.000Z,4623.950,4631.500,4623.760,4629.910,2591
2026-08-27T01:50:00.000Z,4629.900,4635.410,4629.130,4634.910,2190
2026-08-27T01:55:00.000Z,4634.900,4640.860,4634.640,4640.150,2133
2026-08-27T02:00:00.000Z,4640.410,4643.090,4638.220,4638.830,2222
2026-08-27T02:05:00.000Z,4638.840,4642.570,4638.340,4642.280,2086
2026-08-27T02:10:00.000Z,4642.320,4642.330,4638.870,4640.610,1782
2026-08-27T02:15:00.000Z,4640.660,4640.700,4637.590,4638.960,1445
2026-08-27T02:20:00.000Z,4638.950,4640.610,4637.130,4637.200,1383
2026-08-27T02:25:00.000Z,4637.250,4637.710,4632.880,4633.210,1633
2026-08-27T02:30:00.000Z,4633.140,4633.860,4628.380,4629.520,2525
2026-08-27T02:35:00.000Z,4629.510,4630.660,4624.820,4628.260,2268
2026-08-27T02:40:00.000Z,4628.250,4628.720,4623.650,4627.340,2089
2026-08-27T02:45:00.000Z,4627.330,4630.600,4624.440,4629.220,1938
2026-08-27T02:50:00.000Z,4629.270,4631.380,4627.760,4629.200,1707
2026-08-27T02:55:00.000Z,4629.180,4631.010,4628.580,4629.660,1687
2026-08-27T03:00:00.000Z,4629.650,4634.630,4628.400,4634.610,2029
2026-08-27T03:05:00.000Z,4634.620,4635.190,4630.010,4630.240,1731
2026-08-27T03:10:00.000Z,4630.280,4634.980,4629.380,4634.290,1702
2026-08-27T03:15:00.000Z,4634.340,4635.460,4633.020,4633.660,1470
2026-08-27T03:20:00.000Z,4633.650,4638.680,4633.370,4638.020,1682
2026-08-27T03:25:00.000Z,4638.060,4638.080,4634.800,4635.440,1572
2026-08-27T03:30:00.000Z,4635.450,4635.620,4633.360,4633.910,1446
2026-08-27T03:35:00.000Z,4633.950,4634.470,4632.100,4632.380,1201
2026-08-27T03:40:00.000Z,4632.370,4632.410,4628.820,4629.350,1240
2026-08-27T03:45:00.000Z,4629.340,4629.640,4626.800,4627.660,1253
2026-08-27T03:50:00.000Z,4627.650,4627.850,4625.820,4626.810,1065
2026-08-27T03:55:00.000Z,4626.810,4627.120,4624.430,4625.490,1201
2026-08-27T04:00:00.000Z,4625.480,4627.300,4624.760,4626.560,1330
2026-08-27T04:05:00.000Z,4626.570,4627.010,4624.590,4625.510,1116
2026-08-27T04:10:00.000Z,4625.510,4626.260,4624.430,4625.440,1046
2026-08-27T04:15:00.000Z,4625.430,4627.020,4623.990,4624.080,962
2026-08-27T04:20:00.000Z,4624.260,4624.840,4622.890,4623.230,1106
2026-08-27T04:25:00.000Z,4623.220,4624.220,4620.670,4620.680,1283
2026-08-27T04:30:00.000Z,4620.600,4620.900,4618.570,4618.710,1464
2026-08-27T04:35:00.000Z,4618.710,4620.250,4617.550,4618.170,1315
2026-08-27T04:40:00.000Z,4618.190,4620.050,4617.300,4619.220,1112
2026-08-27T04:45:00.000Z,4619.210,4620.600,4617.600,4620.210,1336
2026-08-27T04:50:00.000Z,4620.230,4620.660,4619.120,4619.890,1403
2026-08-27T04:55:00.000Z,4619.910,4620.070,4617.850,4618.800,1337
2026-08-27T05:00:00.000Z,4618.910,4620.240,4616.220,4620.180,1628
2026-08-27T05:05:00.000Z,4620.180,4621.410,4618.820,4620.010,1442
2026-08-27T05:10:00.000Z,4620.000,4621.370,4619.330,4619.970,1196
2026-08-27T05:15:00.000Z,4619.940,4621.550,4618.380,4619.830,1328
2026-08-27T05:20:00.000Z,4619.920,4621.100,4618.410,4620.500,1161
2026-08-27T05:25:00.000Z,4620.560,4621.520,4617.090,4617.230,1314
2026-08-27T05:30:00.000Z,4617.160,4619.830,4609.260,4611.190,3119
2026-08-27T05:35:00.000Z,4611.190,4612.850,4608.270,4611.210,2343
2026-08-27T05:40:00.000Z,4611.160,4611.160,4604.870,4605.360,2653
2026-08-27T05:45:00.000Z,4605.340,4609.640,4604.640,4606.410,2336
2026-08-27T05:50:00.000Z,4606.350,4608.740,4600.940,4603.010,2369
2026-08-27T05:55:00.000Z,4603.020,4607.830,4601.820,4607.040,2248
2026-08-27T06:00:00.000Z,4606.890,4607.540,4599.330,4603.770,2362
2026-08-27T06:05:00.000Z,4603.780,4605.540,4601.260,4605.120,2188
2026-08-27T06:10:00.000Z,4605.150,4607.060,4600.390,4606.000,2205
2026-08-27T06:15:00.000Z,4605.990,4607.620,4603.700,4606.640,1953
2026-08-27T06:20:00.000Z,4606.630,4610.000,4606.250,4609.640,1894
2026-08-27T06:25:00.000Z,4609.580,4610.460,4607.100,4610.380,1998
2026-08-27T06:30:00.000Z,4610.370,4611.900,4605.610,4607.630,2128
2026-08-27T06:35:00.000Z,4607.490,4608.290,4604.710,4607.910,1895
2026-08-27T06:40:00.000Z,4607.590,4609.030,4606.870,4607.560,1595
2026-08-27T06:45:00.000Z,4607.540,4609.720,4603.770,4604.640,2019
2026-08-27T06:50:00.000Z,4604.660,4606.290,4601.540,4601.950,2111
2026-08-27T06:55:00.000Z,4602.040,4602.560,4597.640,4600.390,2180
2026-08-27T07:00:00.000Z,4600.350,4603.730,4598.620,4603.340,2548
2026-08-27T07:05:00.000Z,4603.360,4605.850,4602.410,4603.090,1909
2026-08-27T07:10:00.000Z,4603.020,4603.900,4601.330,4603.880,1890
2026-08-27T07:15:00.000Z,4603.880,4603.880,4596.010,4597.620,1954
2026-08-27T07:20:00.000Z,4597.610,4598.800,4596.090,4596.810,1653
2026-08-27T07:25:00.000Z,4596.810,4599.530,4593.610,4599.320,1960
2026-08-27T07:30:00.000Z,4599.260,4601.380,4595.020,4596.310,1714
2026-08-27T07:35:00.000Z,4596.320,4598.270,4595.030,4596.490,1813
2026-08-27T07:40:00.000Z,4596.530,4598.370,4595.740,4597.890,1552
2026-08-27T07:45:00.000Z,4597.920,4599.250,4596.320,4597.500,1567
2026-08-27T07:50:00.000Z,4597.540,4599.650,4595.770,4598.080,1577
2026-08-27T07:55:00.000Z,4598.070,4602.510,4598.040,4600.220,1636
2026-08-27T08:00:00.000Z,4600.140,4606.220,4599.920,4605.450,2011
2026-08-27T08:05:00.000Z,4605.420,4606.900,4602.850,4603.340,1729
2026-08-27T08:10:00.000Z,4603.270,4604.880,4602.810,4603.270,1505
2026-08-27T08:15:00.000Z,4603.340,4606.210,4602.850,4603.820,1678
2026-08-27T08:20:00.000Z,4603.790,4603.880,4600.200,4603.450,1588
2026-08-27T08:25:00.000Z,4603.570,4603.970,4600.850,4600.850,1475
2026-08-27T08:30:00.000Z,4600.860,4601.810,4598.990,4599.080,1532
2026-08-27T08:35:00.000Z,4599.180,4599.690,4597.410,4598.360,1824
2026-08-27T08:40:00.000Z,4598.350,4598.920,4594.430,4596.020,1755
2026-08-27T08:45:00.000Z,4596.000,4598.780,4595.620,4598.390,1702
2026-08-27T08:50:00.000Z,4598.390,4600.110,4597.930,4599.700,1641
2026-08-27T08:55:00.000Z,4599.710,4602.260,4598.830,4598.990,1564
2026-08-27T09:00:00.000Z,4599.030,4600.690,4593.660,4594.730,2176
2026-08-27T09:05:00.000Z,4594.700,4597.310,4594.060,4596.280,1915
2026-08-27T09:10:00.000Z,4596.520,4598.840,4595.400,4596.070,1653
2026-08-27T09:15:00.000Z,4596.040,4597.120,4594.940,4595.480,1475
2026-08-27T09:20:00.000Z,4595.460,4597.090,4595.180,4596.810,1402
2026-08-27T09:25:00.000Z,4596.770,4599.340,4593.760,4597.750,2354
2026-08-27T09:30:00.000Z,4597.800,4599.230,4593.010,4593.930,2089
2026-08-27T09:35:00.000Z,4593.910,4594.140,4577.390,4584.470,2314
2026-08-27T09:40:00.000Z,4584.470,4584.480,4581.130,4582.390,1994
2026-08-27T09:45:00.000Z,4582.390,4584.460,4580.560,4582.690,1719
2026-08-27T09:50:00.000Z,4582.750,4585.920,4581.260,4582.450,1737
2026-08-27T09:55:00.000Z,4582.470,4582.730,4579.150,4580.310,1811
2026-08-27T10:00:00.000Z,4580.360,4581.010,4569.080,4572.460,2542
2026-08-27T10:05:00.000Z,4572.440,4576.450,4570.110,4576.450,1954
2026-08-27T10:10:00.000Z,4576.650,4581.970,4576.650,4581.680,1915
2026-08-27T10:15:00.000Z,4581.690,4583.520,4577.380,4580.900,1690
2026-08-27T10:20:00.000Z,4580.910,4582.500,4580.060,4582.340,1427
2026-08-27T10:25:00.000Z,4582.320,4582.540,4580.170,4580.410,1553
2026-08-27T10:30:00.000Z,4580.330,4580.860,4578.400,4578.960,1421
2026-08-27T10:35:00.000Z,4578.950,4579.230,4576.540,4576.900,1643
2026-08-27T10:40:00.000Z,4576.900,4585.990,4576.320,4585.770,1929
2026-08-27T10:45:00.000Z,4585.690,4587.940,4585.660,4586.960,1831
2026-08-27T10:50:00.000Z,4586.940,4589.440,4586.260,4589.050,1544
2026-08-27T10:55:00.000Z,4589.090,4590.560,4588.100,4590.180,1535
2026-08-27T11:00:00.000Z,4590.160,4591.260,4587.370,4589.060,1900
2026-08-27T11:05:00.000Z,4589.070,4591.320,4589.070,4590.760,1484
2026-08-27T11:10:00.000Z,4590.720,4592.600,4589.840,4592.560,1483
2026-08-27T11:15:00.000Z,4592.550,4592.770,4591.220,4592.420,1471
2026-08-27T11:20:00.000Z,4592.410,4596.470,4592.340,4596.470,1559
2026-08-27T11:25:00.000Z,4596.440,4596.740,4592.940,4594.560,1531
2026-08-27T11:30:00.000Z,4594.590,4598.950,4593.930,4595.740,2200
2026-08-27T11:35:00.000Z,4595.750,4597.230,4594.080,4597.030,1832
2026-08-27T11:40:00.000Z,4597.090,4599.780,4596.780,4597.620,1618
2026-08-27T11:45:00.000Z,4597.600,4597.730,4594.850,4595.320,1694
2026-08-27T11:50:00.000Z,4595.330,4599.960,4594.570,4599.960,1724
2026-08-27T11:55:00.000Z,4600.020,4600.390,4597.060,4598.420,1785
2026-08-27T12:00:00.000Z,4598.400,4601.140,4597.920,4598.460,2237
2026-08-27T12:05:00.000Z,4598.440,4598.620,4594.000,4595.210,1798
2026-08-27T12:10:00.000Z,4595.240,4595.520,4592.530,4592.740,1636
2026-08-27T12:15:00.000Z,4592.740,4596.170,4591.670,4594.770,1874
2026-08-27T12:20:00.000Z,4594.880,4600.650,4594.880,4596.510,2351
2026-08-27T12:25:00.000Z,4596.350,4596.720,4592.790,4595.790,1782
2026-08-27T12:30:00.000Z,4595.920,4596.790,4593.130,4593.650,1787
2026-08-27T12:35:00.000Z,4593.750,4595.800,4588.030,4589.130,2212
2026-08-27T12:40:00.000Z,4589.120,4590.370,4587.200,4587.590,2082
2026-08-27T12:45:00.000Z,4587.580,4587.960,4583.260,4583.500,2109
2026-08-27T12:50:00.000Z,4583.490,4585.010,4580.480,4584.780,2109
2026-08-27T12:55:00.000Z,4584.710,4588.080,4583.450,4585.860,2092
2026-08-27T13:00:00.000Z,4585.620,4590.020,4579.700,4588.510,3511
2026-08-27T13:05:00.000Z,4588.290,4590.870,4585.980,4586.840,2981
2026-08-27T13:10:00.000Z,4586.730,4590.620,4584.400,4585.300,2611
2026-08-27T13:15:00.000Z,4585.310,4588.870,4583.040,4586.690,2515
2026-08-27T13:20:00.000Z,4586.790,4588.750,4585.420,4587.640,2571
2026-08-27T13:25:00.000Z,4587.720,4593.260,4587.240,4590.230,2952
2026-08-27T13:30:00.000Z,4590.220,4593.030,4575.530,4575.750,3922
2026-08-27T13:35:00.000Z,4575.780,4581.350,4574.160,4575.490,3999
2026-08-27T13:40:00.000Z,4575.490,4583.610,4571.980,4578.750,3616
2026-08-27T13:45:00.000Z,4578.650,4579.740,4564.980,4577.100,3713
2026-08-27T13:50:00.000Z,4577.060,4582.880,4570.610,4572.250,3616
2026-08-27T13:55:00.000Z,4572.220,4575.860,4571.270,4572.460,3643
2026-08-27T14:00:00.000Z,4572.440,4576.040,4568.540,4575.860,3745
2026-08-27T14:05:00.000Z,4575.850,4579.260,4571.660,4574.810,3653
2026-08-27T14:10:00.000Z,4574.800,4577.850,4572.240,4573.780,3092
2026-08-27T14:15:00.000Z,4573.810,4582.520,4573.780,4579.450,3194
2026-08-27T14:20:00.000Z,4579.460,4584.210,4575.150,4578.180,3297
2026-08-27T14:25:00.000Z,4578.200,4581.710,4574.050,4581.320,3026
2026-08-27T14:30:00.000Z,4581.280,4586.220,4581.270,4585.940,2840
2026-08-27T14:35:00.000Z,4585.900,4591.230,4585.840,4589.420,2974
2026-08-27T14:40:00.000Z,4589.460,4597.320,4586.920,4595.330,3401
2026-08-27T14:45:00.000Z,4595.480,4598.240,4592.410,4593.270,3312
2026-08-27T14:50:00.000Z,4593.290,4594.080,4590.720,4591.340,2956
2026-08-27T14:55:00.000Z,4591.260,4593.200,4588.190,4591.320,3065
2026-08-27T15:00:00.000Z,4591.270,4595.390,4591.270,4594.030,2842
2026-08-27T15:05:00.000Z,4593.960,4595.200,4591.160,4592.090,2744
2026-08-27T15:10:00.000Z,4592.100,4595.280,4591.830,4592.480,2268
2026-08-27T15:15:00.000Z,4592.470,4597.990,4592.470,4597.170,2437
2026-08-27T15:20:00.000Z,4597.160,4597.300,4589.440,4590.390,2679
2026-08-27T15:25:00.000Z,4590.390,4595.570,4588.860,4593.050,2586
2026-08-27T15:30:00.000Z,4593.030,4598.760,4592.170,4597.130,2771
2026-08-27T15:35:00.000Z,4597.150,4599.640,4595.890,4599.640,2580
2026-08-27T15:40:00.000Z,4599.650,4605.710,4599.400,4601.210,3056
2026-08-27T15:45:00.000Z,4601.250,4604.590,4600.270,4604.350,2891
2026-08-27T15:50:00.000Z,4604.290,4609.950,4603.380,4609.480,2825
2026-08-27T15:55:00.000Z,4609.480,4611.280,4608.160,4610.490,2756
2026-08-27T16:00:00.000Z,4610.460,4613.030,4609.180,4611.580,2645
2026-08-27T16:05:00.000Z,4611.470,4611.470,4606.040,4607.260,2569
2026-08-27T16:10:00.000Z,4607.280,4607.830,4604.570,4604.610,2288
2026-08-27T16:15:00.000Z,4604.680,4605.640,4602.490,4603.120,2426
2026-08-27T16:20:00.000Z,4603.200,4607.980,4603.150,4606.350,2016
2026-08-27T16:25:00.000Z,4606.320,4608.510,4605.800,4607.660,2003
2026-08-27T16:30:00.000Z,4607.680,4608.950,4606.040,4608.930,2120
2026-08-27T16:35:00.000Z,4608.920,4612.890,4607.930,4611.780,2256
2026-08-27T16:40:00.000Z,4611.800,4611.870,4610.090,4611.590,1775
2026-08-27T16:45:00.000Z,4611.610,4614.590,4610.480,4611.010,2456
2026-08-27T16:50:00.000Z,4611.050,4616.660,4610.250,4616.070,2232
2026-08-27T16:55:00.000Z,4616.090,4616.300,4612.440,4614.930,2009
2026-08-27T17:00:00.000Z,4615.600,4616.510,4612.340,4614.080,2591
2026-08-27T17:05:00.000Z,4614.150,4614.200,4610.120,4610.410,2149
2026-08-27T17:10:00.000Z,4610.420,4611.460,4608.640,4610.250,2052
2026-08-27T17:15:00.000Z,4610.290,4610.550,4608.470,4609.030,1907
2026-08-27T17:20:00.000Z,4609.050,4611.950,4609.050,4611.760,2068
2026-08-27T17:25:00.000Z,4611.770,4612.030,4608.760,4610.350,2264
2026-08-27T17:30:00.000Z,4610.420,4611.570,4609.270,4610.020,2170
2026-08-27T17:35:00.000Z,4609.930,4611.360,4608.190,4611.270,1846
2026-08-27T17:40:00.000Z,4611.290,4614.330,4609.820,4611.170,1928
2026-08-27T17:45:00.000Z,4611.280,4611.750,4606.630,4609.910,2615
2026-08-27T17:50:00.000Z,4609.920,4610.290,4606.820,4608.030,2403
2026-08-27T17:55:00.000Z,4608.080,4609.130,4605.150,4606.480,2328
2026-08-27T18:00:00.000Z,4606.660,4607.380,4602.140,4603.120,2835
2026-08-27T18:05:00.000Z,4603.120,4608.040,4602.850,4604.670,2501
2026-08-27T18:10:00.000Z,4604.660,4606.520,4603.800,4605.590,2322
2026-08-27T18:15:00.000Z,4605.620,4607.900,4604.890,4607.850,2034
2026-08-27T18:20:00.000Z,4607.840,4607.980,4603.320,4603.560,1964
2026-08-27T18:25:00.000Z,4603.520,4603.580,4601.590,4601.610,2116
2026-08-27T18:30:00.000Z,4601.550,4603.760,4600.890,4602.090,1994
2026-08-27T18:35:00.000Z,4602.050,4605.100,4601.770,4604.370,1802
2026-08-27T18:40:00.000Z,4604.330,4604.790,4603.780,4604.520,1576
2026-08-27T18:45:00.000Z,4604.550,4606.850,4604.330,4605.820,1600
2026-08-27T18:50:00.000Z,4605.690,4611.190,4604.800,4609.280,1862
2026-08-27T18:55:00.000Z,4609.280,4610.790,4608.820,4610.420,1726
2026-08-27T19:00:00.000Z,4610.490,4616.660,4610.490,4613.580,2134
2026-08-27T19:05:00.000Z,4613.520,4618.060,4612.770,4617.010,2361
2026-08-27T19:10:00.000Z,4616.990,4617.090,4614.950,4615.650,1644
2026-08-27T19:15:00.000Z,4615.640,4616.210,4609.640,4611.440,1906
2026-08-27T19:20:00.000Z,4611.460,4611.660,4606.540,4607.490,1851
2026-08-27T19:25:00.000Z,4607.430,4608.310,4604.300,4605.860,1737
2026-08-27T19:30:00.000Z,4605.870,4608.040,4604.820,4607.220,2073
2026-08-27T19:35:00.000Z,4607.230,4608.350,4606.790,4607.750,1620
2026-08-27T19:40:00.000Z,4607.770,4610.150,4607.770,4609.910,1583
2026-08-27T19:45:00.000Z,4609.890,4612.690,4608.570,4610.390,1830
2026-08-27T19:50:00.000Z,4610.190,4610.320,4606.810,4608.190,2071
2026-08-27T19:55:00.000Z,4608.100,4609.790,4605.410,4609.350,2479
2026-08-27T20:00:00.000Z,4609.380,4609.640,4604.720,4605.160,1257
2026-08-27T20:05:00.000Z,4605.130,4605.220,4603.890,4604.180,992
2026-08-27T20:10:00.000Z,4604.320,4606.130,4603.760,4604.930,1082
2026-08-27T20:15:00.000Z,4604.900,4605.420,4604.540,4605.350,653
2026-08-27T20:20:00.000Z,4605.320,4605.470,4604.650,4604.830,512
2026-08-27T20:25:00.000Z,4604.820,4604.820,4602.790,4603.710,800
2026-08-27T20:30:00.000Z,4603.730,4604.100,4603.200,4603.520,508
2026-08-27T20:35:00.000Z,4603.530,4603.580,4602.050,4603.320,605
2026-08-27T20:40:00.000Z,4603.240,4604.410,4603.080,4603.780,487
2026-08-27T20:45:00.000Z,4603.760,4604.550,4602.080,4604.550,809
2026-08-27T20:50:00.000Z,4604.670,4604.720,4600.810,4600.980,1035
2026-08-27T20:55:00.000Z,4600.810,4601.730,4600.020,4601.680,797
2026-08-27T22:00:00.000Z,4603.090,4608.260,4600.510,4602.110,1501
2026-08-27T22:05:00.000Z,4602.080,4605.460,4601.300,4605.100,930
2026-08-27T22:10:00.000Z,4605.080,4605.310,4603.980,4604.910,772
2026-08-27T22:15:00.000Z,4604.860,4606.310,4604.480,4605.950,735
2026-08-27T22:20:00.000Z,4605.930,4608.410,4605.930,4608.310,761
2026-08-27T22:25:00.000Z,4608.260,4608.390,4606.510,4607.780,857
2026-08-27T22:30:00.000Z,4607.780,4609.110,4606.850,4608.830,847
2026-08-27T22:35:00.000Z,4608.830,4609.390,4608.050,4609.390,621
2026-08-27T22:40:00.000Z,4609.240,4610.100,4607.350,4607.860,694
2026-08-27T22:45:00.000Z,4607.700,4608.080,4606.890,4607.650,556
2026-08-27T22:50:00.000Z,4607.640,4610.110,4606.720,4609.080,655
2026-08-27T22:55:00.000Z,4609.100,4610.860,4609.090,4610.790,548
2026-08-27T23:00:00.000Z,4610.760,4611.500,4609.060,4609.410,715
2026-08-27T23:05:00.000Z,4609.400,4609.650,4605.320,4605.320,667
2026-08-27T23:10:00.000Z,4605.450,4605.560,4602.960,4603.020,972
2026-08-27T23:15:00.000Z,4603.010,4603.750,4602.310,4602.830,551
2026-08-27T23:20:00.000Z,4602.790,4603.340,4600.030,4602.490,831
2026-08-27T23:25:00.000Z,4602.530,4602.790,4600.220,4601.040,651
2026-08-27T23:30:00.000Z,4601.050,4601.600,4599.370,4599.450,791
2026-08-27T23:35:00.000Z,4599.510,4602.290,4598.590,4601.240,1026
2026-08-27T23:40:00.000Z,4601.250,4601.670,4599.360,4599.800,660
2026-08-27T23:45:00.000Z,4599.740,4599.740,4595.640,4596.690,1248
2026-08-27T23:50:00.000Z,4596.670,4596.700,4594.770,4595.150,1116
2026-08-27T23:55:00.000Z,4595.270,4595.470,4594.420,4594.620,989
2026-08-28T00:00:00.000Z,4594.610,4600.140,4593.190,4596.800,2239
2026-08-28T00:05:00.000Z,4596.810,4600.170,4596.160,4599.920,1820
2026-08-28T00:10:00.000Z,4599.890,4602.540,4599.720,4600.690,1589
2026-08-28T00:15:00.000Z,4600.680,4600.830,4593.290,4593.450,1997
2026-08-28T00:20:00.000Z,4593.380,4595.740,4591.450,4593.640,1742
2026-08-28T00:25:00.000Z,4593.640,4594.060,4590.550,4594.060,1428
2026-08-28T00:30:00.000Z,4594.030,4594.310,4587.210,4589.570,1656
2026-08-28T00:35:00.000Z,4589.560,4590.370,4588.320,4589.720,1462
2026-08-28T00:40:00.000Z,4589.730,4591.390,4589.050,4591.070,1427
2026-08-28T00:45:00.000Z,4591.050,4591.170,4585.930,4587.380,1602
2026-08-28T00:50:00.000Z,4587.350,4589.370,4586.700,4587.660,1599
2026-08-28T00:55:00.000Z,4587.630,4588.820,4585.760,4588.810,1462
2026-08-28T01:00:00.000Z,4588.900,4595.990,4586.480,4594.790,3158
2026-08-28T01:05:00.000Z,4594.770,4600.280,4591.720,4600.030,2530
2026-08-28T01:10:00.000Z,4600.000,4602.260,4592.300,4593.920,2658
2026-08-28T01:15:00.000Z,4593.940,4598.080,4591.510,4596.010,2813
2026-08-28T01:20:00.000Z,4595.840,4597.310,4590.500,4590.720,2452
2026-08-28T01:25:00.000Z,4592.120,4593.470,4583.960,4585.760,3116
2026-08-28T01:30:00.000Z,4585.880,4589.080,4583.830,4587.410,2904
2026-08-28T01:35:00.000Z,4587.400,4588.850,4580.530,4580.880,2869
2026-08-28T01:40:00.000Z,4580.740,4582.930,4578.320,4582.190,2541
2026-08-28T01:45:00.000Z,4582.130,4582.480,4577.760,4582.450,2551
2026-08-28T01:50:00.000Z,4582.440,4583.250,4575.890,4577.040,2351
2026-08-28T01:55:00.000Z,4577.070,4578.730,4575.450,4575.930,1987
2026-08-28T02:00:00.000Z,4575.960,4577.900,4575.170,4577.150,2152
2026-08-28T02:05:00.000Z,4577.250,4581.550,4577.150,4580.560,1933
2026-08-28T02:10:00.000Z,4580.550,4582.710,4578.480,4581.380,1913
2026-08-28T02:15:00.000Z,4581.440,4581.460,4578.760,4581.450,1128
2026-08-28T02:20:00.000Z,4581.460,4584.590,4580.440,4584.170,1367
2026-08-28T02:25:00.000Z,4584.060,4584.910,4582.950,4583.470,1451
2026-08-28T02:30:00.000Z,4583.650,4587.120,4583.260,4585.310,2192
2026-08-28T02:35:00.000Z,4585.290,4589.680,4585.290,4588.290,1816
2026-08-28T02:40:00.000Z,4588.280,4588.500,4583.840,4585.110,2008
2026-08-28T02:45:00.000Z,4585.100,4586.430,4582.350,4586.330,1853
2026-08-28T02:50:00.000Z,4586.320,4587.300,4584.530,4586.080,1729
2026-08-28T02:55:00.000Z,4586.070,4586.630,4582.940,4586.390,1652
2026-08-28T03:00:00.000Z,4586.410,4587.950,4584.480,4587.440,1930
2026-08-28T03:05:00.000Z,4587.480,4588.400,4585.180,4586.450,1610
2026-08-28T03:10:00.000Z,4586.330,4587.910,4582.830,4584.170,1848
2026-08-28T03:15:00.000Z,4584.180,4588.880,4584.170,4587.280,1694
2026-08-28T03:20:00.000Z,4587.250,4589.720,4585.790,4589.590,1535
2026-08-28T03:25:00.000Z,4589.610,4590.060,4586.620,4588.020,1859
2026-08-28T03:30:00.000Z,4588.010,4588.360,4583.380,4584.440,1315
2026-08-28T03:35:00.000Z,4584.080,4584.080,4582.480,4582.990,1052
2026-08-28T03:40:00.000Z,4583.010,4583.650,4581.120,4581.970,1165
2026-08-28T03:45:00.000Z,4582.040,4582.140,4579.590,4580.660,1283
2026-08-28T03:50:00.000Z,4580.730,4581.050,4578.700,4579.240,899
2026-08-28T03:55:00.000Z,4579.500,4580.120,4578.830,4579.990,919
2026-08-28T04:00:00.000Z,4579.980,4580.470,4578.870,4579.290,1261
2026-08-28T04:05:00.000Z,4579.390,4579.580,4578.040,4579.200,817
2026-08-28T04:10:00.000Z,4579.170,4580.480,4578.960,4579.430,1000
2026-08-28T04:15:00.000Z,4579.320,4583.440,4578.820,4583.280,1160
2026-08-28T04:20:00.000Z,4583.260,4584.670,4582.760,4584.550,1049
2026-08-28T04:25:00.000Z,4584.570,4585.450,4583.180,4584.810,961
2026-08-28T04:30:00.000Z,4584.800,4584.800,4581.770,4581.770,971
2026-08-28T04:35:00.000Z,4581.800,4582.020,4578.200,4578.440,1150
2026-08-28T04:40:00.000Z,4578.410,4580.330,4578.240,4579.970,816
2026-08-28T04:45:00.000Z,4579.980,4582.410,4578.340,4580.880,1005
2026-08-28T04:50:00.000Z,4580.880,4582.650,4580.880,4582.080,680
2026-08-28T04:55:00.000Z,4582.120,4585.320,4581.510,4584.420,920
2026-08-28T05:00:00.000Z,4584.470,4585.420,4582.210,4582.540,1198
2026-08-28T05:05:00.000Z,4582.590,4582.890,4579.100,4579.190,1301
2026-08-28T05:10:00.000Z,4579.280,4580.860,4578.430,4580.000,1204
2026-08-28T05:15:00.000Z,4579.880,4581.960,4579.150,4581.910,1002
2026-08-28T05:20:00.000Z,4582.030,4584.620,4580.720,4584.250,1072
2026-08-28T05:25:00.000Z,4584.240,4586.300,4582.350,4584.160,1412
2026-08-28T05:30:00.000Z,4584.010,4584.200,4577.710,4578.980,2743
2026-08-28T05:35:00.000Z,4578.990,4579.510,4574.910,4574.910,2447
2026-08-28T05:40:00.000Z,4574.900,4576.240,4571.670,4572.760,2130
2026-08-28T05:45:00.000Z,4572.810,4575.740,4571.790,4574.080,1988
2026-08-28T05:50:00.000Z,4574.170,4577.120,4573.610,4576.900,1739
2026-08-28T05:55:00.000Z,4576.980,4577.440,4572.670,4573.310,1792
2026-08-28T06:00:00.000Z,4573.300,4577.530,4572.470,4576.970,2582
2026-08-28T06:05:00.000Z,4576.960,4580.710,4574.080,4580.690,1994
2026-08-28T06:10:00.000Z,4580.640,4583.590,4580.640,4581.910,2143
2026-08-28T06:15:00.000Z,4581.900,4585.000,4580.790,4582.860,2147
2026-08-28T06:20:00.000Z,4582.850,4585.640,4582.160,4583.570,1989
2026-08-28T06:25:00.000Z,4583.560,4585.640,4583.310,4585.020,1807
2026-08-28T06:30:00.000Z,4585.090,4586.220,4582.950,4584.040,2084
2026-08-28T06:35:00.000Z,4584.010,4588.130,4583.930,4586.350,2002
2026-08-28T06:40:00.000Z,4586.320,4588.520,4584.440,4588.350,2083
2026-08-28T06:45:00.000Z,4588.350,4600.000,4588.270,4599.680,2826
2026-08-28T06:50:00.000Z,4599.680,4606.760,4596.750,4604.290,3363
2026-08-28T06:55:00.000Z,4604.300,4613.270,4604.000,4612.690,2930
2026-08-28T07:00:00.000Z,4612.660,4613.470,4605.770,4606.970,2775
2026-08-28T07:05:00.000Z,4607.010,4607.430,4599.270,4600.990,2431
2026-08-28T07:10:00.000Z,4600.840,4603.390,4596.210,4600.800,2333
2026-08-28T07:15:00.000Z,4600.780,4606.590,4599.480,4606.060,2215
2026-08-28T07:20:00.000Z,4606.030,4610.120,4605.820,4607.520,2228
2026-08-28T07:25:00.000Z,4607.600,4609.780,4606.800,4607.540,1738
2026-08-28T07:30:00.000Z,4607.570,4611.880,4607.220,4611.660,1923
2026-08-28T07:35:00.000Z,4611.670,4614.420,4609.600,4610.530,1968
2026-08-28T07:40:00.000Z,4610.520,4610.830,4608.460,4609.350,1560
2026-08-28T07:45:00.000Z,4609.300,4611.440,4607.600,4610.280,1721
2026-08-28T07:50:00.000Z,4610.290,4613.060,4610.020,4611.670,1483
2026-08-28T07:55:00.000Z,4611.620,4613.480,4609.700,4611.930,1432
2026-08-28T08:00:00.000Z,4611.510,4614.660,4610.550,4612.590,2090
2026-08-28T08:05:00.000Z,4612.590,4613.100,4609.720,4611.810,1816
2026-08-28T08:10:00.000Z,4611.790,4613.060,4611.040,4611.810,1551
2026-08-28T08:15:00.000Z,4611.820,4612.430,4608.490,4609.400,1479
2026-08-28T08:20:00.000Z,4609.420,4611.500,4608.180,4611.100,1566
2026-08-28T08:25:00.000Z,4611.090,4611.470,4608.840,4609.110,1403
2026-08-28T08:30:00.000Z,4609.210,4611.490,4608.350,4609.740,1824
2026-08-28T08:35:00.000Z,4609.750,4611.460,4606.660,4607.560,1751
2026-08-28T08:40:00.000Z,4607.460,4607.760,4603.310,4603.670,1561
2026-08-28T08:45:00.000Z,4603.510,4603.650,4601.010,4601.980,1709
2026-08-28T08:50:00.000Z,4602.100,4606.200,4601.770,4604.690,1630
2026-08-28T08:55:00.000Z,4604.710,4605.090,4601.270,4602.920,1332
2026-08-28T09:00:00.000Z,4602.620,4604.320,4602.180,4604.100,1647
2026-08-28T09:05:00.000Z,4604.110,4604.330,4601.440,4601.760,1668
2026-08-28T09:10:00.000Z,4601.790,4602.980,4600.810,4601.650,1391
2026-08-28T09:15:00.000Z,4601.620,4602.710,4600.480,4602.270,1570
2026-08-28T09:20:00.000Z,4602.280,4604.090,4601.090,4603.170,1598
2026-08-28T09:25:00.000Z,4603.170,4603.300,4600.570,4601.910,1653
2026-08-28T09:30:00.000Z,4602.040,4604.270,4601.840,4602.600,1647
2026-08-28T09:35:00.000Z,4602.590,4605.120,4600.930,4603.780,1577
2026-08-28T09:40:00.000Z,4603.780,4605.010,4602.730,4604.100,1393
2026-08-28T09:45:00.000Z,4604.090,4605.380,4603.180,4604.550,1378
2026-08-28T09:50:00.000Z,4604.560,4607.180,4604.490,4607.070,1458
2026-08-28T09:55:00.000Z,4607.050,4607.480,4605.150,4605.160,1224
2026-08-28T10:00:00.000Z,4605.280,4606.360,4603.520,4605.650,1499
2026-08-28T10:05:00.000Z,4605.640,4607.580,4605.550,4607.440,1267
2026-08-28T10:10:00.000Z,4607.440,4609.000,4606.950,4608.630,1618
2026-08-28T10:15:00.000Z,4608.640,4609.880,4604.420,4604.450,1603
2026-08-28T10:20:00.000Z,4604.390,4604.520,4602.740,4604.030,1317
2026-08-28T10:25:00.000Z,4604.010,4605.330,4601.980,4605.330,1407
2026-08-28T10:30:00.000Z,4605.340,4607.910,4605.240,4607.330,1509
2026-08-28T10:35:00.000Z,4607.300,4607.330,4603.060,4603.850,1312
2026-08-28T10:40:00.000Z,4603.820,4604.220,4601.900,4602.920,1382
2026-08-28T10:45:00.000Z,4602.870,4603.260,4600.000,4601.200,1361
2026-08-28T10:50:00.000Z,4601.220,4601.220,4597.480,4598.240,1683
2026-08-28T10:55:00.000Z,4598.210,4600.500,4597.860,4600.200,1463
2026-08-28T11:00:00.000Z,4600.220,4601.340,4597.480,4598.800,1972
2026-08-28T11:05:00.000Z,4598.840,4599.050,4595.110,4595.960,1869
2026-08-28T11:10:00.000Z,4596.050,4598.870,4595.260,4598.870,1711
2026-08-28T11:15:00.000Z,4598.900,4601.190,4598.420,4600.180,1631
2026-08-28T11:20:00.000Z,4600.140,4600.530,4598.110,4600.430,1474
2026-08-28T11:25:00.000Z,4600.490,4601.040,4597.670,4598.990,1523
2026-08-28T11:30:00.000Z,4598.940,4600.860,4597.960,4598.640,1760
2026-08-28T11:35:00.000Z,4598.730,4598.920,4593.550,4593.550,1792
2026-08-28T11:40:00.000Z,4593.030,4595.090,4591.390,4594.690,1758
2026-08-28T11:45:00.000Z,4594.720,4596.070,4593.290,4594.510,1662
2026-08-28T11:50:00.000Z,4594.520,4596.000,4593.630,4594.450,1717
2026-08-28T11:55:00.000Z,4594.240,4594.530,4591.560,4593.360,1676
2026-08-28T12:00:00.000Z,4593.130,4595.800,4590.940,4594.600,2042
2026-08-28T12:05:00.000Z,4594.590,4595.800,4592.050,4594.360,1992
2026-08-28T12:10:00.000Z,4594.290,4597.040,4592.470,4594.420,2091
2026-08-28T12:15:00.000Z,4594.470,4595.790,4592.500,4594.480,1946
2026-08-28T12:20:00.000Z,4594.580,4601.650,4594.150,4601.400,2153
2026-08-28T12:25:00.000Z,4601.480,4603.790,4600.180,4601.440,2150
2026-08-28T12:30:00.000Z,4601.430,4602.220,4591.900,4593.210,2627
2026-08-28T12:35:00.000Z,4593.360,4593.700,4589.060,4589.450,2753
2026-08-28T12:40:00.000Z,4589.460,4592.910,4589.460,4591.900,2232
2026-08-28T12:45:00.000Z,4591.920,4595.270,4590.310,4594.130,2434
2026-08-28T12:50:00.000Z,4594.120,4597.220,4592.030,4596.340,2186
2026-08-28T12:55:00.000Z,4596.380,4602.610,4596.380,4601.710,2293
2026-08-28T13:00:00.000Z,4601.940,4603.500,4596.230,4599.390,3427
2026-08-28T13:05:00.000Z,4599.360,4605.400,4598.880,4600.290,3007
2026-08-28T13:10:00.000Z,4600.330,4601.130,4597.880,4598.990,2540
2026-08-28T13:15:00.000Z,4599.120,4599.830,4593.790,4598.540,2633
2026-08-28T13:20:00.000Z,4598.530,4601.100,4596.340,4601.050,2723
2026-08-28T13:25:00.000Z,4601.060,4604.520,4599.510,4604.030,2938
2026-08-28T13:30:00.000Z,4604.050,4605.600,4598.950,4605.100,3685
2026-08-28T13:35:00.000Z,4605.090,4607.300,4600.800,4606.110,3430
2026-08-28T13:40:00.000Z,4605.980,4607.920,4601.960,4604.940,3124
2026-08-28T13:45:00.000Z,4604.950,4612.470,4604.950,4610.010,3240
2026-08-28T13:50:00.000Z,4609.950,4612.140,4607.120,4610.270,3429
2026-08-28T13:55:00.000Z,4610.330,4627.450,4601.560,4606.870,3413
2026-08-28T14:00:00.000Z,4599.880,4631.690,4574.100,4577.390,4597
2026-08-28T14:05:00.000Z,4577.640,4581.710,4548.150,4573.940,4682
2026-08-28T14:10:00.000Z,4573.880,4574.060,4543.640,4546.360,4630
2026-08-28T14:15:00.000Z,4546.400,4566.560,4545.170,4553.990,4564
2026-08-28T14:20:00.000Z,4553.630,4568.470,4548.490,4557.690,4395
2026-08-28T14:25:00.000Z,4557.650,4559.480,4530.160,4552.050,4562
2026-08-28T14:30:00.000Z,4552.200,4569.910,4551.750,4569.690,4512
2026-08-28T14:35:00.000Z,4569.730,4577.060,4564.660,4564.780,4303
2026-08-28T14:40:00.000Z,4564.940,4568.560,4557.500,4561.220,4262
2026-08-28T14:45:00.000Z,4560.960,4562.660,4551.840,4552.970,4311
2026-08-28T14:50:00.000Z,4552.910,4571.030,4550.590,4571.010,4147
2026-08-28T14:55:00.000Z,4570.960,4580.740,4570.090,4576.700,4087
2026-08-28T15:00:00.000Z,4576.640,4582.660,4571.990,4580.050,4257
2026-08-28T15:05:00.000Z,4580.000,4581.800,4572.200,4572.870,4102
2026-08-28T15:10:00.000Z,4572.980,4573.930,4556.970,4559.180,4135
2026-08-28T15:15:00.000Z,4559.450,4564.420,4553.940,4555.260,4077
2026-08-28T15:20:00.000Z,4555.320,4566.300,4551.640,4565.760,4043
2026-08-28T15:25:00.000Z,4565.750,4569.340,4559.250,4566.690,3908
2026-08-28T15:30:00.000Z,4566.980,4567.530,4555.160,4557.510,3819
2026-08-28T15:35:00.000Z,4557.630,4562.510,4547.050,4547.510,3869
2026-08-28T15:40:00.000Z,4547.530,4548.170,4534.430,4539.280,4186
2026-08-28T15:45:00.000Z,4539.550,4545.990,4531.950,4535.940,4260
2026-08-28T15:50:00.000Z,4536.150,4545.690,4534.300,4539.870,3986
2026-08-28T15:55:00.000Z,4539.850,4540.910,4524.150,4524.600,4332
2026-08-28T16:00:00.000Z,4524.240,4529.520,4520.490,4520.870,4338
2026-08-28T16:05:00.000Z,4520.670,4520.670,4508.280,4508.600,4221
2026-08-28T16:10:00.000Z,4508.470,4515.710,4497.680,4498.080,4202
2026-08-28T16:15:00.000Z,4498.030,4503.640,4481.840,4481.840,4296
2026-08-28T16:20:00.000Z,4481.770,4483.430,4464.380,4468.960,4503
2026-08-28T16:25:00.000Z,4468.910,4482.090,4464.830,4480.920,4220
2026-08-28T16:30:00.000Z,4480.890,4487.410,4471.500,4474.150,4332
2026-08-28T16:35:00.000Z,4474.220,4486.230,4473.840,4484.870,4172
2026-08-28T16:40:00.000Z,4484.930,4486.440,4466.130,4469.050,4158
2026-08-28T16:45:00.000Z,4469.180,4481.720,4469.180,4481.720,3925
2026-08-28T16:50:00.000Z,4481.730,4485.120,4479.690,4480.750,3496
2026-08-28T16:55:00.000Z,4480.860,4482.710,4475.230,4479.510,3650
2026-08-28T17:00:00.000Z,4479.660,4480.750,4473.150,4475.830,4079
2026-08-28T17:05:00.000Z,4475.860,4482.920,4474.880,4480.220,3690
2026-08-28T17:10:00.000Z,4480.230,4480.930,4471.030,4480.750,3673
2026-08-28T17:15:00.000Z,4480.760,4482.110,4475.080,4480.890,3508
2026-08-28T17:20:00.000Z,4480.980,4486.590,4479.890,4484.940,3556
2026-08-28T17:25:00.000Z,4485.140,4486.190,4475.950,4478.220,3480
2026-08-28T17:30:00.000Z,4478.270,4481.350,4473.440,4478.810,3330
2026-08-28T17:35:00.000Z,4478.820,4481.800,4470.880,4471.810,3156
2026-08-28T17:40:00.000Z,4471.640,4475.000,4460.640,4467.270,3506
2026-08-28T17:45:00.000Z,4467.320,4475.680,4466.670,4474.090,3189
2026-08-28T17:50:00.000Z,4474.080,4475.670,4471.900,4472.700,2679
2026-08-28T17:55:00.000Z,4472.660,4472.660,4466.570,4469.410,2794
2026-08-28T18:00:00.000Z,4469.390,4471.680,4460.290,4460.520,3356
2026-08-28T18:05:00.000Z,4460.900,4466.190,4459.710,4461.820,3358
2026-08-28T18:10:00.000Z,4461.860,4464.900,4459.750,4461.270,3118
2026-08-28T18:15:00.000Z,4461.320,4462.730,4453.350,4458.800,3280
2026-08-28T18:20:00.000Z,4458.760,4463.360,4452.590,4453.530,3435
2026-08-28T18:25:00.000Z,4453.770,4462.690,4452.590,4456.220,3603
2026-08-28T18:30:00.000Z,4456.060,4458.690,4452.080,4457.080,3112
2026-08-28T18:35:00.000Z,4457.060,4457.300,4451.720,4452.870,2996
2026-08-28T18:40:00.000Z,4452.870,4455.170,4445.560,4451.260,3094
2026-08-28T18:45:00.000Z,4451.220,4455.080,4448.480,4453.370,2848
2026-08-28T18:50:00.000Z,4453.330,4456.900,4451.850,4454.170,2970
2026-08-28T18:55:00.000Z,4454.350,4458.350,4452.690,4456.940,2935
2026-08-28T19:00:00.000Z,4456.930,4462.100,4453.050,4458.050,3404
2026-08-28T19:05:00.000Z,4458.080,4462.670,4456.980,4461.960,3000
2026-08-28T19:10:00.000Z,4461.920,4462.140,4454.560,4457.080,2897
2026-08-28T19:15:00.000Z,4457.070,4460.910,4455.270,4460.200,2559
2026-08-28T19:20:00.000Z,4460.190,4462.090,4457.410,4459.510,2344
2026-08-28T19:25:00.000Z,4460.000,4463.620,4460.000,4462.170,2291
2026-08-28T19:30:00.000Z,4462.140,4464.880,4461.040,4463.150,2539
2026-08-28T19:35:00.000Z,4463.140,4467.050,4462.080,4466.540,2193
2026-08-28T19:40:00.000Z,4466.360,4466.910,4464.580,4465.060,1894
2026-08-28T19:45:00.000Z,4465.030,4465.030,4455.010,4457.480,2568
2026-08-28T19:50:00.000Z,4457.690,4459.730,4452.840,4457.240,2850
2026-08-28T19:55:00.000Z,4457.290,4461.450,4456.640,4458.580,2867
2026-08-28T20:00:00.000Z,4458.550,4462.800,4455.310,4460.530,2203
2026-08-28T20:05:00.000Z,4460.540,4461.660,4460.040,4460.600,1398
2026-08-28T20:10:00.000Z,4460.540,4461.570,4457.440,4457.870,1326
2026-08-28T20:15:00.000Z,4457.910,4460.620,4457.830,4458.370,968
2026-08-28T20:20:00.000Z,4458.380,4458.380,4453.800,4454.630,1095
2026-08-28T20:25:00.000Z,4454.680,4458.450,4453.920,4458.160,863
2026-08-28T20:30:00.000Z,4458.200,4458.330,4455.630,4456.230,944
2026-08-28T20:35:00.000Z,4456.200,4457.500,4455.480,4455.800,866
2026-08-28T20:40:00.000Z,4455.800,4457.220,4453.850,4457.140,731
2026-08-28T20:45:00.000Z,4457.200,4459.890,4455.860,4459.270,956
2026-08-28T20:50:00.000Z,4459.290,4460.030,4453.660,4454.460,1115
2026-08-28T20:55:00.000Z,4454.650,4456.370,4453.130,4455.010,882
2026-08-30T22:00:00.000Z,4437.510,4446.910,4434.940,4446.220,1814
2026-08-30T22:05:00.000Z,4446.130,4456.730,4446.130,4456.220,2109
2026-08-30T22:10:00.000Z,4456.090,4459.660,4455.120,4459.160,1873
2026-08-30T22:15:00.000Z,4459.090,4463.050,4456.160,4462.220,1718
2026-08-30T22:20:00.000Z,4461.840,4466.060,4460.810,4462.510,1679
2026-08-30T22:25:00.000Z,4462.550,4465.630,4458.120,4459.630,1508
2026-08-30T22:30:00.000Z,4459.640,4459.840,4452.880,4453.110,1529
2026-08-30T22:35:00.000Z,4453.120,4461.570,4453.090,4460.440,1377
2026-08-30T22:40:00.000Z,4460.410,4462.510,4456.870,4457.900,1127
2026-08-30T22:45:00.000Z,4457.840,4460.400,4457.030,4459.740,1003
2026-08-30T22:50:00.000Z,4459.750,4459.950,4458.600,4458.970,735
2026-08-30T22:55:00.000Z,4458.780,4462.490,4458.780,4461.500,930
2026-08-30T23:00:00.000Z,4461.380,4463.100,4459.830,4462.380,1243
2026-08-30T23:05:00.000Z,4462.240,4466.850,4462.030,4465.360,1377
2026-08-30T23:10:00.000Z,4465.270,4465.640,4459.980,4460.670,1267
2026-08-30T23:15:00.000Z,4460.750,4463.980,4460.190,4463.380,1170
2026-08-30T23:20:00.000Z,4463.410,4465.230,4459.000,4459.750,1438
2026-08-30T23:25:00.000Z,4459.760,4459.860,4455.290,4457.640,1549
2026-08-30T23:30:00.000Z,4457.660,4457.930,4451.440,4454.780,2053
2026-08-30T23:35:00.000Z,4454.800,4454.820,4450.300,4450.370,1435
2026-08-30T23:40:00.000Z,4450.360,4451.340,4446.720,4447.640,1692
2026-08-30T23:45:00.000Z,4447.630,4447.670,4435.960,4439.660,2839
2026-08-30T23:50:00.000Z,4439.870,4447.900,4439.830,4447.640,2159
2026-08-30T23:55:00.000Z,4447.650,4460.550,4447.650,4458.570,2415
2026-08-31T00:00:00.000Z,4458.990,4461.940,4453.480,4458.480,3129
2026-08-31T00:05:00.000Z,4458.490,4459.940,4454.420,4456.910,2554
2026-08-31T00:10:00.000Z,4456.880,4463.470,4455.140,4462.050,2431
2026-08-31T00:15:00.000Z,4461.890,4465.250,4459.380,4459.700,2243
2026-08-31T00:20:00.000Z,4459.630,4460.690,4456.740,4458.390,1975
2026-08-31T00:25:00.000Z,4458.420,4458.450,4452.310,4456.920,2212
2026-08-31T00:30:00.000Z,4456.910,4466.060,4456.830,4462.660,2272
2026-08-31T00:35:00.000Z,4462.650,4470.690,4462.620,4470.400,1988
2026-08-31T00:40:00.000Z,4470.400,4472.060,4464.210,4465.340,1931
2026-08-31T00:45:00.000Z,4465.350,4468.970,4464.170,4465.930,1903
2026-08-31T00:50:00.000Z,4465.960,4466.500,4462.680,4466.450,1935
2026-08-31T00:55:00.000Z,4466.210,4467.080,4456.150,4456.370,2256
2026-08-31T01:00:00.000Z,4456.470,4463.290,4438.120,4462.420,4132
2026-08-31T01:05:00.000Z,4462.380,4462.970,4439.090,4439.710,3735
2026-08-31T01:10:00.000Z,4439.740,4444.830,4436.100,4443.790,3575
2026-08-31T01:15:00.000Z,4443.780,4452.410,4442.300,4452.320,3415
2026-08-31T01:20:00.000Z,4452.310,4454.350,4444.250,4449.710,3279
2026-08-31T01:25:00.000Z,4449.770,4449.770,4443.260,4444.010,2916
2026-08-31T01:30:00.000Z,4443.940,4450.480,4436.620,4441.380,3347
2026-08-31T01:35:00.000Z,4441.360,4450.650,4439.630,4449.160,3211
2026-08-31T01:40:00.000Z,4449.180,4453.880,4443.530,4450.870,3120
2026-08-31T01:45:00.000Z,4450.870,4452.650,4437.440,4437.550,3207
2026-08-31T01:50:00.000Z,4437.500,4444.600,4436.320,4444.590,3087
2026-08-31T01:55:00.000Z,4444.550,4446.680,4439.740,4440.250,2965
2026-08-31T02:00:00.000Z,4440.250,4441.500,4418.310,4426.880,3613
2026-08-31T02:05:00.000Z,4426.870,4433.960,4425.200,4428.870,3230
2026-08-31T02:10:00.000Z,4428.920,4432.650,4422.890,4424.400,2914
2026-08-31T02:15:00.000Z,4424.370,4425.260,4418.830,4421.830,2711
2026-08-31T02:20:00.000Z,4421.880,4427.400,4421.110,4427.090,2457
2026-08-31T02:25:00.000Z,4427.070,4428.010,4423.000,4423.090,2453
2026-08-31T02:30:00.000Z,4422.370,4426.380,4411.260,4411.430,3484
2026-08-31T02:35:00.000Z,4411.460,4412.150,4405.600,4408.230,3100
2026-08-31T02:40:00.000Z,4408.170,4408.170,4402.180,4403.040,2941
2026-08-31T02:45:00.000Z,4403.100,4407.000,4396.520,4401.600,2869
2026-08-31T02:50:00.000Z,4401.620,4417.220,4399.600,4416.780,2884
2026-08-31T02:55:00.000Z,4416.770,4423.020,4416.430,4423.010,2334
2026-08-31T03:00:00.000Z,4423.050,4427.000,4421.880,4422.460,2552
2026-08-31T03:05:00.000Z,4422.610,4426.590,4421.830,4425.590,2195
2026-08-31T03:10:00.000Z,4425.580,4428.320,4424.480,4428.320,1930
2026-08-31T03:15:00.000Z,4428.310,4432.540,4427.990,4428.010,2231
2026-08-31T03:20:00.000Z,4428.020,4434.060,4427.750,4430.940,1791
2026-08-31T03:25:00.000Z,4431.110,4431.890,4426.450,4427.820,2135
2026-08-31T03:30:00.000Z,4427.570,4427.770,4423.470,4423.590,1708
2026-08-31T03:35:00.000Z,4423.580,4425.240,4420.020,4420.770,1729
2026-08-31T03:40:00.000Z,4420.720,4424.170,4420.450,4423.010,1402
2026-08-31T03:45:00.000Z,4422.920,4425.270,4422.830,4424.070,1318
2026-08-31T03:50:00.000Z,4424.080,4426.990,4423.980,4424.390,1225
2026-08-31T03:55:00.000Z,4424.400,4424.710,4421.600,4422.580,1275
2026-08-31T04:00:00.000Z,4422.700,4422.890,4418.620,4418.620,1301
2026-08-31T04:05:00.000Z,4418.750,4419.090,4417.070,4418.420,1357
2026-08-31T04:10:00.000Z,4418.480,4422.640,4417.190,4421.360,1472
2026-08-31T04:15:00.000Z,4421.130,4421.620,4418.150,4418.450,1293
2026-08-31T04:20:00.000Z,4418.420,4419.570,4416.090,4418.290,1444
2026-08-31T04:25:00.000Z,4418.310,4420.660,4415.940,4416.010,1254
2026-08-31T04:30:00.000Z,4416.000,4416.550,4413.100,4416.510,1349
2026-08-31T04:35:00.000Z,4416.580,4422.000,4416.030,4420.470,1589
2026-08-31T04:40:00.000Z,4420.340,4420.530,4417.250,4420.270,1490
2026-08-31T04:45:00.000Z,4420.260,4421.580,4419.170,4419.370,1455
2026-08-31T04:50:00.000Z,4419.260,4421.190,4418.750,4420.730,1256
2026-08-31T04:55:00.000Z,4420.790,4425.010,4419.380,4424.620,1635
2026-08-31T05:00:00.000Z,4424.560,4427.080,4422.400,4423.830,1828
2026-08-31T05:05:00.000Z,4423.750,4423.990,4419.300,4420.400,1646
2026-08-31T05:10:00.000Z,4420.400,4425.410,4419.660,4422.830,1665
2026-08-31T05:15:00.000Z,4422.770,4428.130,4422.150,4428.060,1787
2026-08-31T05:20:00.000Z,4428.020,4434.590,4428.020,4433.990,1932
2026-08-31T05:25:00.000Z,4433.910,4440.750,4432.700,4440.380,2036
2026-08-31T05:30:00.000Z,4440.340,4442.090,4430.740,4433.100,3075
2026-08-31T05:35:00.000Z,4433.050,4436.790,4432.050,4434.350,2419
2026-08-31T05:40:00.000Z,4434.340,4439.100,4432.880,4437.660,2479
2026-08-31T05:45:00.000Z,4437.670,4441.370,4435.280,4435.570,2253
2026-08-31T05:50:00.000Z,4435.560,4439.590,4434.300,4437.290,2151
2026-08-31T05:55:00.000Z,4437.320,4443.810,4435.470,4443.000,2095
2026-08-31T06:00:00.000Z,4442.990,4443.120,4432.990,4433.340,2525
2026-08-31T06:05:00.000Z,4433.320,4433.320,4429.380,4432.300,2326
2026-08-31T06:10:00.000Z,4432.170,4435.400,4432.040,4432.260,1887
2026-08-31T06:15:00.000Z,4432.220,4438.400,4431.470,4438.050,2331
2026-08-31T06:20:00.000Z,4438.050,4439.120,4434.910,4437.810,2259
2026-08-31T06:25:00.000Z,4437.920,4438.140,4434.620,4436.010,1858
2026-08-31T06:30:00.000Z,4436.040,4437.020,4431.360,4434.210,2197
2026-08-31T06:35:00.000Z,4434.210,4440.930,4433.920,4440.480,1934
2026-08-31T06:40:00.000Z,4440.490,4441.220,4438.530,4439.360,1622
2026-08-31T06:45:00.000Z,4439.590,4442.660,4439.050,4441.810,2002
2026-08-31T06:50:00.000Z,4441.800,4441.800,4437.400,4440.200,2023
2026-08-31T06:55:00.000Z,4440.210,4440.210,4436.670,4439.370,2040
2026-08-31T07:00:00.000Z,4439.580,4440.370,4437.010,4439.580,2087
2026-08-31T07:05:00.000Z,4439.470,4441.760,4436.840,4437.820,1869
2026-08-31T07:10:00.000Z,4437.630,4439.950,4435.650,4436.120,1569
2026-08-31T07:15:00.000Z,4436.130,4441.100,4435.180,4439.160,1911
2026-08-31T07:20:00.000Z,4439.210,4445.720,4438.530,4445.130,2042
2026-08-31T07:25:00.000Z,4445.170,4448.260,4443.690,4444.010,1829
2026-08-31T07:30:00.000Z,4444.040,4446.610,4441.300,4444.270,2070
2026-08-31T07:35:00.000Z,4444.250,4444.840,4441.890,4443.370,1711
2026-08-31T07:40:00.000Z,4443.370,4447.160,4441.460,4446.590,1616
2026-08-31T07:45:00.000Z,4446.570,4447.840,4443.340,4444.590,1648
2026-08-31T07:50:00.000Z,4444.590,4444.690,4442.080,4444.140,1533
2026-08-31T07:55:00.000Z,4444.140,4445.050,4440.910,4443.330,1678
2026-08-31T08:00:00.000Z,4443.120,4449.550,4442.890,4448.470,2355
2026-08-31T08:05:00.000Z,4448.480,4448.810,4442.020,4442.750,1745
2026-08-31T08:10:00.000Z,4442.670,4442.910,4437.080,4438.850,1836
2026-08-31T08:15:00.000Z,4438.810,4440.490,4436.230,4439.810,1867
2026-08-31T08:20:00.000Z,4439.800,4440.240,4437.510,4437.570,1725
2026-08-31T08:25:00.000Z,4437.570,4441.390,4437.570,4440.180,1840
2026-08-31T08:30:00.000Z,4440.230,4440.320,4435.790,4435.980,1826
2026-08-31T08:35:00.000Z,4436.000,4438.290,4435.350,4436.760,1629
2026-08-31T08:40:00.000Z,4436.740,4437.380,4434.520,4435.490,1616
2026-08-31T08:45:00.000Z,4435.480,4436.740,4434.450,4436.450,1437
2026-08-31T08:50:00.000Z,4436.470,4436.980,4433.870,4434.190,1518
2026-08-31T08:55:00.000Z,4434.220,4436.190,4434.120,4435.610,1326
2026-08-31T09:00:00.000Z,4435.840,4438.960,4435.620,4438.880,1661
2026-08-31T09:05:00.000Z,4438.860,4441.300,4436.530,4436.800,1608
2026-08-31T09:10:00.000Z,4436.770,4442.970,4435.830,4442.920,1714
2026-08-31T09:15:00.000Z,4442.960,4444.240,4440.800,4441.110,1513
2026-08-31T09:20:00.000Z,4441.110,4441.380,4438.830,4439.490,1428
2026-08-31T09:25:00.000Z,4439.490,4439.910,4438.130,4439.210,1243
2026-08-31T09:30:00.000Z,4439.230,4444.320,4439.100,4444.310,1519
2026-08-31T09:35:00.000Z,4444.330,4444.770,4441.620,4441.720,1259
2026-08-31T09:40:00.000Z,4441.700,4443.480,4440.900,4443.090,1165
2026-08-31T09:45:00.000Z,4443.120,4444.940,4442.490,4443.060,1400
2026-08-31T09:50:00.000Z,4442.940,4444.330,4441.020,4443.700,1283
2026-08-31T09:55:00.000Z,4443.580,4445.520,4442.510,4445.340,1204
2026-08-31T10:00:00.000Z,4445.430,4447.760,4444.900,4447.720,1715
2026-08-31T10:05:00.000Z,4447.580,4453.800,4447.240,4448.290,2012
2026-08-31T10:10:00.000Z,4448.290,4451.770,4446.270,4451.690,1955
2026-08-31T10:15:00.000Z,4451.750,4452.150,4446.500,4448.200,1819
2026-08-31T10:20:00.000Z,4448.190,4449.860,4447.400,4447.410,1522
2026-08-31T10:25:00.000Z,4447.660,4449.000,4446.870,4448.490,1596
2026-08-31T10:30:00.000Z,4448.400,4450.260,4447.650,4448.620,1580
2026-08-31T10:35:00.000Z,4448.610,4451.300,4447.820,4450.100,1529
2026-08-31T10:40:00.000Z,4450.130,4451.690,4448.720,4451.020,1533
2026-08-31T10:45:00.000Z,4450.940,4451.410,4449.430,4450.910,1364
2026-08-31T10:50:00.000Z,4450.920,4455.540,4450.660,4453.740,1659
2026-08-31T10:55:00.000Z,4453.760,4455.660,4453.530,4453.830,1497
2026-08-31T11:00:00.000Z,4453.890,4456.900,4453.510,4456.170,1710
2026-08-31T11:05:00.000Z,4456.150,4457.150,4453.160,4456.750,1535
2026-08-31T11:10:00.000Z,4456.740,4457.630,4453.730,4453.830,1334
2026-08-31T11:15:00.000Z,4453.830,4457.230,4452.750,4456.580,1469
2026-08-31T11:20:00.000Z,4456.530,4458.510,4456.190,4458.200,1441
2026-08-31T11:25:00.000Z,4458.240,4464.100,4458.020,4463.350,1701
2026-08-31T11:30:00.000Z,4463.320,4464.010,4458.640,4458.640,1933
2026-08-31T11:35:00.000Z,4458.650,4459.790,4454.850,4455.710,1678
2026-08-31T11:40:00.000Z,4456.080,4459.440,4453.670,4454.780,1960
2026-08-31T11:45:00.000Z,4454.840,4455.830,4452.930,4453.310,1579
2026-08-31T11:50:00.000Z,4453.300,4454.820,4452.620,4452.870,1617
2026-08-31T11:55:00.000Z,4453.010,4456.330,4453.010,4455.510,1644
2026-08-31T12:00:00.000Z,4455.280,4459.280,4455.120,4458.500,1976
2026-08-31T12:05:00.000Z,4458.490,4460.960,4450.940,4457.080,2180
2026-08-31T12:10:00.000Z,4457.050,4459.810,4454.980,4457.230,2068
2026-08-31T12:15:00.000Z,4457.270,4458.790,4455.090,4456.800,1972
2026-08-31T12:20:00.000Z,4456.780,4457.410,4450.010,4452.720,2221
2026-08-31T12:25:00.000Z,4452.770,4454.430,4447.370,4447.700,3011
2026-08-31T12:30:00.000Z,4447.560,4449.910,4445.620,4446.780,2751
2026-08-31T12:35:00.000Z,4446.660,4447.450,4441.880,4442.090,2465
2026-08-31T12:40:00.000Z,4442.100,4442.480,4439.090,4440.570,2390
2026-08-31T12:45:00.000Z,4440.540,4440.540,4435.910,4438.080,2355
2026-08-31T12:50:00.000Z,4438.130,4441.570,4436.950,4437.110,2169
2026-08-31T12:55:00.000Z,4437.150,4439.510,4435.510,4435.780,2284
2026-08-31T13:00:00.000Z,4435.770,4440.060,4433.910,4437.490,3477
2026-08-31T13:05:00.000Z,4437.500,4445.810,4436.370,4445.010,2916
2026-08-31T13:10:00.000Z,4444.960,4446.690,4442.870,4446.120,2760
2026-08-31T13:15:00.000Z,4446.010,4448.320,4441.410,4443.050,2747
2026-08-31T13:20:00.000Z,4443.150,4443.880,4439.200,4440.970,2517
2026-08-31T13:25:00.000Z,4441.030,4447.260,4440.590,4446.040,2941
2026-08-31T13:30:00.000Z,4445.980,4447.340,4437.860,4438.460,3726
2026-08-31T13:35:00.000Z,4438.330,4443.100,4435.810,4436.760,3728
2026-08-31T13:40:00.000Z,4436.740,4437.880,4432.060,4433.710,3594
2026-08-31T13:45:00.000Z,4433.700,4433.700,4424.870,4425.480,3581
2026-08-31T13:50:00.000Z,4425.500,4429.200,4419.460,4424.420,3634
2026-08-31T13:55:00.000Z,4424.500,4424.730,4415.690,4418.460,3401
2026-08-31T14:00:00.000Z,4418.490,4423.650,4416.240,4420.800,3829
2026-08-31T14:05:00.000Z,4420.780,4427.880,4419.910,4427.150,3567
2026-08-31T14:10:00.000Z,4427.090,4427.710,4421.180,4427.440,3515
2026-08-31T14:15:00.000Z,4427.390,4431.030,4424.860,4427.230,3364
2026-08-31T14:20:00.000Z,4427.040,4427.040,4416.530,4419.000,3419
2026-08-31T14:25:00.000Z,4419.030,4423.140,4417.620,4420.240,3341
2026-08-31T14:30:00.000Z,4419.860,4428.490,4419.280,4424.950,3408
2026-08-31T14:35:00.000Z,4425.290,4436.540,4424.810,4433.510,3376
2026-08-31T14:40:00.000Z,4433.490,4435.770,4431.520,4432.990,3049
2026-08-31T14:45:00.000Z,4433.010,4435.890,4428.300,4428.670,3208
2026-08-31T14:50:00.000Z,4428.700,4433.460,4426.110,4432.900,3257
2026-08-31T14:55:00.000Z,4432.690,4436.250,4431.170,4431.670,3287
2026-08-31T15:00:00.000Z,4431.710,4436.430,4428.520,4428.660,3258
2026-08-31T15:05:00.000Z,4428.640,4434.220,4428.260,4433.910,3039
2026-08-31T15:10:00.000Z,4433.890,4437.660,4431.960,4435.390,3105
2026-08-31T15:15:00.000Z,4435.480,4437.930,4429.160,4432.290,2995
2026-08-31T15:20:00.000Z,4432.490,4435.650,4429.530,4433.170,2921
2026-08-31T15:25:00.000Z,4433.180,4434.620,4430.750,4433.070,2665
2026-08-31T15:30:00.000Z,4433.010,4434.290,4428.880,4430.300,3163
2026-08-31T15:35:00.000Z,4430.290,4432.520,4427.270,4429.940,2976
2026-08-31T15:40:00.000Z,4429.950,4431.480,4426.390,4427.490,2543
2026-08-31T15:45:00.000Z,4427.510,4433.590,4427.260,4431.610,2848
2026-08-31T15:50:00.000Z,4431.560,4432.740,4427.000,4427.950,2539
2026-08-31T15:55:00.000Z,4427.980,4429.010,4424.570,4426.250,2839
2026-08-31T16:00:00.000Z,4426.380,4432.570,4423.800,4430.350,2945
2026-08-31T16:05:00.000Z,4430.260,4436.250,4429.960,4434.360,2906
2026-08-31T16:10:00.000Z,4434.320,4437.240,4432.840,4434.820,2811
2026-08-31T16:15:00.000Z,4434.870,4436.840,4434.420,4434.920,2354
2026-08-31T16:20:00.000Z,4434.910,4436.430,4433.380,4436.020,2470
2026-08-31T16:25:00.000Z,4436.030,4438.720,4435.200,4438.460,1868
2026-08-31T16:30:00.000Z,4438.490,4440.270,4435.480,4436.430,2680
2026-08-31T16:35:00.000Z,4436.410,4436.430,4431.390,4432.160,2491
2026-08-31T16:40:00.000Z,4432.150,4437.690,4431.420,4435.770,2628
2026-08-31T16:45:00.000Z,4435.730,4436.970,4432.440,4433.900,2354
2026-08-31T16:50:00.000Z,4433.910,4437.550,4433.700,4434.100,2251
2026-08-31T16:55:00.000Z,4434.110,4434.370,4432.270,4433.260,1967
2026-08-31T17:00:00.000Z,4433.240,4434.560,4431.260,4432.590,2562
2026-08-31T17:05:00.000Z,4432.580,4433.020,4430.870,4431.690,2155
2026-08-31T17:10:00.000Z,4431.720,4435.250,4431.560,4433.840,2067
2026-08-31T17:15:00.000Z,4433.570,4436.340,4432.910,4435.820,2098
2026-08-31T17:20:00.000Z,4435.910,4437.040,4432.760,4432.820,2287
2026-08-31T17:25:00.000Z,4432.840,4434.880,4428.520,4430.510,2858
2026-08-31T17:30:00.000Z,4430.800,4434.700,4429.920,4432.720,2443
2026-08-31T17:35:00.000Z,4432.800,4435.490,4432.780,4433.550,2172
2026-08-31T17:40:00.000Z,4433.480,4436.870,4432.870,4436.610,1995
2026-08-31T17:45:00.000Z,4436.330,4440.100,4435.830,4438.940,2343
2026-08-31T17:50:00.000Z,4438.840,4439.980,4437.320,4437.590,2047
2026-08-31T17:55:00.000Z,4437.600,4438.090,4435.730,4436.580,1815
2026-08-31T18:00:00.000Z,4436.600,4436.820,4430.600,4432.320,2562
2026-08-31T18:05:00.000Z,4432.330,4432.870,4431.220,4431.450,1705
2026-08-31T18:10:00.000Z,4431.430,4433.750,4430.460,4433.730,1700
2026-08-31T18:15:00.000Z,4433.680,4434.560,4431.740,4432.030,1489
2026-08-31T18:20:00.000Z,4432.000,4433.260,4431.830,4433.060,1537
2026-08-31T18:25:00.000Z,4433.070,4433.150,4429.590,4429.760,2283
2026-08-31T18:30:00.000Z,4429.500,4429.570,4426.270,4427.540,2149
2026-08-31T18:35:00.000Z,4427.500,4428.760,4426.750,4428.240,2188
2026-08-31T18:40:00.000Z,4428.270,4430.350,4427.580,4429.240,1917
2026-08-31T18:45:00.000Z,4429.250,4433.040,4429.130,4432.910,1759
2026-08-31T18:50:00.000Z,4432.950,4434.660,4432.470,4433.480,1726
2026-08-31T18:55:00.000Z,4433.490,4433.940,4430.480,4430.900,1867
2026-08-31T19:00:00.000Z,4430.990,4433.130,4429.120,4430.850,2182
2026-08-31T19:05:00.000Z,4430.830,4434.750,4430.760,4434.750,1665
2026-08-31T19:10:00.000Z,4434.870,4435.480,4432.710,4433.810,1627
2026-08-31T19:15:00.000Z,4433.800,4434.250,4433.350,4433.740,1330
2026-08-31T19:20:00.000Z,4433.730,4439.550,4432.950,4439.230,1595
2026-08-31T19:25:00.000Z,4439.220,4442.450,4438.240,4440.530,2049
2026-08-31T19:30:00.000Z,4440.570,4441.250,4439.520,4440.720,1976
2026-08-31T19:35:00.000Z,4440.710,4445.310,4440.200,4442.950,2410
2026-08-31T19:40:00.000Z,4442.930,4443.340,4439.100,4443.010,2111
2026-08-31T19:45:00.000Z,4442.970,4449.060,4441.570,4448.760,2419
2026-08-31T19:50:00.000Z,4448.900,4452.900,4447.570,4450.430,2699
2026-08-31T19:55:00.000Z,4450.290,4453.650,4447.930,4453.520,3248
2026-08-31T20:00:00.000Z,4453.400,4455.850,4452.650,4452.910,2208
2026-08-31T20:05:00.000Z,4452.810,4453.430,4451.520,4452.390,1350
2026-08-31T20:10:00.000Z,4452.460,4453.030,4449.910,4450.200,1008
2026-08-31T20:15:00.000Z,4450.140,4450.460,4448.910,4449.070,897
2026-08-31T20:20:00.000Z,4449.050,4449.070,4446.990,4447.900,799
2026-08-31T20:25:00.000Z,4447.910,4448.270,4447.040,4447.370,732
2026-08-31T20:30:00.000Z,4447.290,4448.740,4446.860,4448.150,794
2026-08-31T20:35:00.000Z,4448.260,4449.330,4447.900,4448.310,500
2026-08-31T20:40:00.000Z,4448.280,4448.840,4447.550,4448.200,572
2026-08-31T20:45:00.000Z,4448.140,4448.450,4446.790,4447.250,630
2026-08-31T20:50:00.000Z,4447.280,4448.290,4446.580,4448.150,605
2026-08-31T20:55:00.000Z,4448.200,4449.120,4447.700,4449.080,869
2026-08-31T22:00:00.000Z,4446.440,4454.570,4445.850,4454.330,1212
2026-08-31T22:05:00.000Z,4454.190,4455.800,4452.130,4455.550,955
2026-08-31T22:10:00.000Z,4455.500,4455.790,4451.710,4451.820,1173
2026-08-31T22:15:00.000Z,4451.620,4452.190,4450.300,4450.300,707
2026-08-31T22:20:00.000Z,4450.100,4450.300,4448.020,4448.130,587
2026-08-31T22:25:00.000Z,4448.140,4450.640,4447.950,4449.930,719
2026-08-31T22:30:00.000Z,4449.900,4451.250,4448.910,4450.300,634
2026-08-31T22:35:00.000Z,4450.300,4450.300,4448.250,4448.540,642
2026-08-31T22:40:00.000Z,4448.540,4449.090,4447.290,4447.970,520
2026-08-31T22:45:00.000Z,4447.980,4448.320,4446.130,4447.130,620
2026-08-31T22:50:00.000Z,4447.060,4447.490,4445.660,4445.970,674
2026-08-31T22:55:00.000Z,4446.020,4447.940,4445.870,4447.030,637
2026-08-31T23:00:00.000Z,4447.180,4447.230,4445.940,4446.080,829
2026-08-31T23:05:00.000Z,4446.130,4446.820,4445.770,4446.260,728
2026-08-31T23:10:00.000Z,4446.230,4446.740,4443.930,4444.180,714
2026-08-31T23:15:00.000Z,4444.160,4444.250,4443.110,4443.420,627
2026-08-31T23:20:00.000Z,4443.490,4443.570,4441.570,4443.210,717
2026-08-31T23:25:00.000Z,4443.380,4444.410,4442.920,4443.380,516
2026-08-31T23:30:00.000Z,4443.410,4447.980,4443.240,4445.730,897
2026-08-31T23:35:00.000Z,4445.640,4446.440,4444.580,4445.020,779
2026-08-31T23:40:00.000Z,4444.920,4446.590,4443.250,4445.800,851
2026-08-31T23:45:00.000Z,4445.790,4449.520,4445.710,4446.550,1429
2026-08-31T23:50:00.000Z,4446.560,4451.630,4446.400,4450.890,1087
2026-08-31T23:55:00.000Z,4450.880,4452.510,4448.680,4452.370,1429
2026-09-01T00:00:00.000Z,4452.520,4454.330,4446.390,4454.090,2585
2026-09-01T00:05:00.000Z,4453.940,4456.080,4451.040,4455.360,2550
2026-09-01T00:10:00.000Z,4455.370,4458.020,4452.650,4455.240,2173
2026-09-01T00:15:00.000Z,4455.300,4458.100,4452.720,4457.610,2148
2026-09-01T00:20:00.000Z,4457.600,4461.510,4457.450,4457.920,1866
2026-09-01T00:25:00.000Z,4457.860,4461.210,4457.050,4460.310,1579
2026-09-01T00:30:00.000Z,4460.320,4461.060,4456.360,4457.410,1498
2026-09-01T00:35:00.000Z,4457.420,4457.430,4453.350,4455.200,1525
2026-09-01T00:40:00.000Z,4455.140,4456.540,4451.970,4453.300,1717
2026-09-01T00:45:00.000Z,4453.290,4456.920,4452.350,4456.030,1886
2026-09-01T00:50:00.000Z,4455.870,4461.470,4455.500,4457.080,1929
2026-09-01T00:55:00.000Z,4457.090,4457.360,4450.900,4453.700,2073
2026-09-01T01:00:00.000Z,4453.540,4456.930,4448.100,4449.830,3548
2026-09-01T01:05:00.000Z,4449.770,4450.620,4446.570,4447.140,2614
2026-09-01T01:10:00.000Z,4447.160,4449.050,4445.500,4446.470,2753
2026-09-01T01:15:00.000Z,4446.480,4447.840,4443.300,4443.420,2704
2026-09-01T01:20:00.000Z,4443.420,4444.780,4438.690,4440.410,2387
2026-09-01T01:25:00.000Z,4440.420,4440.680,4437.900,4439.830,2210
2026-09-01T01:30:00.000Z,4439.890,4442.970,4436.510,4442.930,2612
2026-09-01T01:35:00.000Z,4442.900,4445.670,4441.120,4444.260,2473
2026-09-01T01:40:00.000Z,4444.250,4445.800,4440.950,4445.800,2208
2026-09-01T01:45:00.000Z,4445.700,4446.670,4440.640,4441.180,2240
2026-09-01T01:50:00.000Z,4441.160,4443.320,4439.480,4441.410,2167
2026-09-01T01:55:00.000Z,4441.390,4444.490,4440.990,4444.410,2195
2026-09-01T02:00:00.000Z,4444.300,4446.950,4442.760,4446.950,2330
2026-09-01T02:05:00.000Z,4446.960,4448.760,4441.930,4441.990,2216
2026-09-01T02:10:00.000Z,4441.970,4449.140,4441.970,4445.010,2170
2026-09-01T02:15:00.000Z,4445.020,4446.860,4444.880,4446.690,1272
2026-09-01T02:20:00.000Z,4446.750,4448.350,4442.630,4443.080,1384
2026-09-01T02:25:00.000Z,4443.100,4443.510,4440.530,4440.620,1670
2026-09-01T02:30:00.000Z,4440.640,4441.080,4435.290,4437.620,2479
2026-09-01T02:35:00.000Z,4437.620,4437.620,4432.260,4433.580,2756
2026-09-01T02:40:00.000Z,4433.440,4437.120,4431.690,4431.960,2157
2026-09-01T02:45:00.000Z,4431.970,4436.170,4427.910,4435.270,2458
2026-09-01T02:50:00.000Z,4435.280,4440.280,4434.420,4439.460,1971
2026-09-01T02:55:00.000Z,4439.390,4443.210,4438.700,4443.170,1866
2026-09-01T03:00:00.000Z,4443.260,4444.080,4439.690,4440.970,2275
2026-09-01T03:05:00.000Z,4440.990,4442.360,4439.530,4440.840,1614
2026-09-01T03:10:00.000Z,4440.960,4442.050,4438.530,4439.910,1472
2026-09-01T03:15:00.000Z,4439.890,4440.420,4436.490,4436.680,1514
2026-09-01T03:20:00.000Z,4436.810,4436.880,4432.480,4432.840,1968
2026-09-01T03:25:00.000Z,4432.830,4436.210,4431.880,4434.100,1663
2026-09-01T03:30:00.000Z,4434.280,4436.690,4433.450,4436.440,1423
2026-09-01T03:35:00.000Z,4435.890,4437.730,4433.580,4437.630,1393
2026-09-01T03:40:00.000Z,4437.620,4438.810,4437.240,4438.570,1162
2026-09-01T03:45:00.000Z,4438.500,4442.940,4438.500,4441.380,1094
2026-09-01T03:50:00.000Z,4441.230,4443.260,4440.980,4441.910,1048
2026-09-01T03:55:00.000Z,4441.570,4441.570,4436.710,4436.720,1136
2026-09-01T04:00:00.000Z,4436.780,4437.720,4435.490,4437.000,1303
2026-09-01T04:05:00.000Z,4436.990,4437.370,4431.650,4432.030,1322
2026-09-01T04:10:00.000Z,4432.000,4432.290,4430.200,4431.150,1419
2026-09-01T04:15:00.000Z,4431.170,4433.700,4429.760,4430.360,1402
2026-09-01T04:20:00.000Z,4430.300,4432.510,4429.750,4432.200,854
2026-09-01T04:25:00.000Z,4431.890,4433.230,4429.580,4429.740,1032
2026-09-01T04:30:00.000Z,4429.730,4430.310,4428.620,4430.070,1217
2026-09-01T04:35:00.000Z,4430.110,4430.560,4429.030,4429.670,1049
2026-09-01T04:40:00.000Z,4429.600,4430.060,4426.640,4427.820,1324
2026-09-01T04:45:00.000Z,4427.830,4429.400,4425.640,4427.080,1371
2026-09-01T04:50:00.000Z,4427.100,4429.660,4425.440,4429.200,1289
2026-09-01T04:55:00.000Z,4429.080,4429.200,4425.670,4426.680,1302
2026-09-01T05:00:00.000Z,4426.690,4431.520,4426.230,4431.160,1523
2026-09-01T05:05:00.000Z,4431.130,4432.710,4430.310,4430.860,1105
2026-09-01T05:10:00.000Z,4430.960,4431.410,4428.940,4429.390,1173
2026-09-01T05:15:00.000Z,4429.380,4430.630,4425.390,4425.860,1443
2026-09-01T05:20:00.000Z,4425.870,4427.880,4425.870,4427.220,1443
2026-09-01T05:25:00.000Z,4427.210,4428.300,4425.930,4426.820,1492
2026-09-01T05:30:00.000Z,4426.780,4435.380,4423.860,4435.280,2955
2026-09-01T05:35:00.000Z,4435.230,4442.880,4433.310,4439.450,2533
2026-09-01T05:40:00.000Z,4439.460,4443.660,4438.420,4442.840,2555
2026-09-01T05:45:00.000Z,4442.810,4445.960,4441.300,4445.510,2463
2026-09-01T05:50:00.000Z,4444.350,4444.730,4441.210,4443.180,1921
2026-09-01T05:55:00.000Z,4443.190,4446.060,4440.070,4440.170,2024
2026-09-01T06:00:00.000Z,4440.160,4440.630,4435.570,4436.500,2291
2026-09-01T06:05:00.000Z,4436.520,4438.620,4435.270,4435.610,2063
2026-09-01T06:10:00.000Z,4435.620,4436.520,4431.860,4432.970,2179
2026-09-01T06:15:00.000Z,4432.950,4435.070,4432.670,4434.040,1887
2026-09-01T06:20:00.000Z,4434.080,4434.720,4431.020,4432.950,1860
2026-09-01T06:25:00.000Z,4433.000,4433.430,4427.790,4429.070,1886
2026-09-01T06:30:00.000Z,4429.040,4430.330,4428.520,4429.420,1920
2026-09-01T06:35:00.000Z,4429.440,4434.020,4429.440,4433.360,1635
2026-09-01T06:40:00.000Z,4433.370,4435.250,4432.760,4434.880,1699
2026-09-01T06:45:00.000Z,4434.890,4435.330,4429.390,4429.980,1822
2026-09-01T06:50:00.000Z,4430.020,4430.330,4428.260,4429.990,1596
2026-09-01T06:55:00.000Z,4429.990,4430.980,4429.090,4429.620,1517
2026-09-01T07:00:00.000Z,4429.580,4434.950,4429.320,4434.090,2607
2026-09-01T07:05:00.000Z,4434.080,4434.280,4429.720,4430.620,2195
2026-09-01T07:10:00.000Z,4430.630,4433.150,4429.410,4433.100,2218
2026-09-01T07:15:00.000Z,4433.090,4433.620,4428.530,4429.450,2144
2026-09-01T07:20:00.000Z,4429.440,4432.430,4426.680,4426.850,2214
2026-09-01T07:25:00.000Z,4426.830,4429.630,4425.850,4426.050,2256
2026-09-01T07:30:00.000Z,4425.950,4428.270,4419.470,4425.470,2576
2026-09-01T07:35:00.000Z,4425.710,4425.770,4412.540,4413.730,2641
2026-09-01T07:40:00.000Z,4412.970,4421.850,4412.150,4418.160,2649
2026-09-01T07:45:00.000Z,4418.420,4422.650,4416.900,4422.320,2529
2026-09-01T07:50:00.000Z,4422.260,4423.300,4418.780,4419.300,2155
2026-09-01T07:55:00.000Z,4419.290,4422.300,4417.160,4420.230,2216
2026-09-01T08:00:00.000Z,4419.880,4419.880,4410.370,4411.240,2965
2026-09-01T08:05:00.000Z,4411.210,4418.650,4392.600,4395.170,3802
2026-09-01T08:10:00.000Z,4395.400,4406.520,4389.570,4405.560,3517
2026-09-01T08:15:00.000Z,4405.550,4405.820,4394.890,4395.250,2894
2026-09-01T08:20:00.000Z,4395.250,4398.380,4384.230,4385.220,3195
2026-09-01T08:25:00.000Z,4385.210,4387.630,4381.900,4383.100,3272
2026-09-01T08:30:00.000Z,4383.110,4383.820,4372.880,4374.640,3412
2026-09-01T08:35:00.000Z,4374.640,4377.150,4370.080,4374.620,3277
2026-09-01T08:40:00.000Z,4374.710,4381.080,4370.580,4375.670,3090
2026-09-01T08:45:00.000Z,4375.660,4378.520,4369.160,4377.100,3104
2026-09-01T08:50:00.000Z,4377.110,4377.950,4372.690,4376.820,2988
2026-09-01T08:55:00.000Z,4376.810,4378.060,4370.210,4370.870,2595
2026-09-01T09:00:00.000Z,4370.770,4375.420,4366.550,4374.160,3111
2026-09-01T09:05:00.000Z,4374.150,4375.210,4367.720,4370.000,2984
2026-09-01T09:10:00.000Z,4369.950,4376.140,4369.200,4376.060,2665
2026-09-01T09:15:00.000Z,4376.040,4378.080,4374.700,4376.270,2634
2026-09-01T09:20:00.000Z,4376.430,4377.760,4374.430,4375.320,2222
2026-09-01T09:25:00.000Z,4375.210,4375.360,4370.720,4373.010,2403
2026-09-01T09:30:00.000Z,4372.920,4373.050,4366.770,4370.890,2737
2026-09-01T09:35:00.000Z,4370.870,4371.190,4365.390,4368.100,2408
2026-09-01T09:40:00.000Z,4368.100,4371.740,4366.060,4371.740,2166
2026-09-01T09:45:00.000Z,4371.650,4373.660,4369.550,4369.550,2187
2026-09-01T09:50:00.000Z,4369.490,4371.850,4368.670,4370.580,1942
2026-09-01T09:55:00.000Z,4370.640,4373.340,4364.110,4364.840,2244
2026-09-01T10:00:00.000Z,4364.820,4370.930,4364.330,4368.550,2352
2026-09-01T10:05:00.000Z,4368.720,4374.740,4367.690,4373.170,2143
2026-09-01T10:10:00.000Z,4373.170,4381.910,4372.960,4378.350,2205
2026-09-01T10:15:00.000Z,4378.410,4383.370,4378.380,4381.100,2177
2026-09-01T10:20:00.000Z,4381.090,4385.290,4380.460,4384.480,2039
2026-09-01T10:25:00.000Z,4384.470,4385.570,4383.250,4384.980,1820
2026-09-01T10:30:00.000Z,4385.000,4385.720,4381.730,4383.730,1925
2026-09-01T10:35:00.000Z,4383.720,4385.600,4383.170,4384.290,1737
2026-09-01T10:40:00.000Z,4384.310,4386.010,4381.620,4381.620,1603
2026-09-01T10:45:00.000Z,4381.730,4381.740,4377.080,4378.270,2384
2026-09-01T10:50:00.000Z,4378.230,4378.690,4375.220,4375.850,2073
2026-09-01T10:55:00.000Z,4375.880,4380.150,4375.690,4378.220,1875
2026-09-01T11:00:00.000Z,4378.230,4380.600,4376.010,4380.260,2381
2026-09-01T11:05:00.000Z,4380.270,4382.720,4376.860,4382.130,2159
2026-09-01T11:10:00.000Z,4382.100,4383.110,4376.500,4377.280,2036
2026-09-01T11:15:00.000Z,4377.320,4377.400,4374.940,4376.220,1863
2026-09-01T11:20:00.000Z,4376.290,4381.530,4375.870,4377.990,2156
2026-09-01T11:25:00.000Z,4377.880,4381.960,4376.640,4380.570,2098
2026-09-01T11:30:00.000Z,4380.560,4382.210,4378.360,4380.570,1915
2026-09-01T11:35:00.000Z,4380.540,4384.250,4379.030,4383.820,1863
2026-09-01T11:40:00.000Z,4383.780,4384.860,4382.760,4384.180,1741
2026-09-01T11:45:00.000Z,4384.170,4387.200,4383.590,4385.220,1973
2026-09-01T11:50:00.000Z,4385.190,4386.730,4378.930,4379.170,1994
2026-09-01T11:55:00.000Z,4379.150,4379.150,4372.020,4374.500,2510
2026-09-01T12:00:00.000Z,4374.530,4374.600,4369.690,4371.890,2629
2026-09-01T12:05:00.000Z,4371.850,4372.990,4370.240,4370.750,2423
2026-09-01T12:10:00.000Z,4370.740,4372.510,4366.960,4370.990,2580
2026-09-01T12:15:00.000Z,4370.810,4375.510,4369.910,4371.020,2686
2026-09-01T12:20:00.000Z,4371.070,4371.860,4365.920,4368.140,2961
2026-09-01T12:25:00.000Z,4368.060,4376.100,4367.830,4368.630,2790
2026-09-01T12:30:00.000Z,4368.670,4368.830,4359.060,4359.150,3130
2026-09-01T12:35:00.000Z,4359.030,4361.020,4351.940,4357.580,3457
2026-09-01T12:40:00.000Z,4357.570,4365.000,4355.420,4364.890,3204
2026-09-01T12:45:00.000Z,4364.870,4369.820,4363.120,4364.590,3033
2026-09-01T12:50:00.000Z,4364.600,4365.390,4361.980,4363.020,2621
2026-09-01T12:55:00.000Z,4363.120,4363.220,4356.240,4356.320,2868
2026-09-01T13:00:00.000Z,4356.340,4357.740,4337.020,4339.580,4170
2026-09-01T13:05:00.000Z,4339.570,4342.940,4329.600,4331.830,3887
2026-09-01T13:10:00.000Z,4332.020,4335.490,4326.200,4329.570,3922
2026-09-01T13:15:00.000Z,4329.560,4334.060,4326.440,4333.880,3502
2026-09-01T13:20:00.000Z,4333.940,4337.340,4331.570,4335.910,3215
2026-09-01T13:25:00.000Z,4335.910,4344.560,4335.210,4343.190,3326
2026-09-01T13:30:00.000Z,4343.040,4354.740,4341.200,4352.980,4119
2026-09-01T13:35:00.000Z,4353.070,4356.760,4346.850,4353.090,4026
2026-09-01T13:40:00.000Z,4353.200,4362.340,4351.340,4361.890,3777
2026-09-01T13:45:00.000Z,4361.920,4362.320,4354.290,4361.250,3795
2026-09-01T13:50:00.000Z,4361.020,4364.880,4356.840,4358.010,3850
2026-09-01T13:55:00.000Z,4358.560,4367.220,4358.120,4364.930,3387
2026-09-01T14:00:00.000Z,4365.210,4371.000,4353.540,4353.540,4018
2026-09-01T14:05:00.000Z,4353.390,4369.490,4353.310,4366.330,3785
2026-09-01T14:10:00.000Z,4366.250,4370.320,4362.370,4370.230,3781
2026-09-01T14:15:00.000Z,4370.340,4374.500,4369.060,4371.370,3648
2026-09-01T14:20:00.000Z,4371.360,4375.650,4371.190,4373.670,3359
2026-09-01T14:25:00.000Z,4373.660,4374.280,4365.790,4365.790,3309
2026-09-01T14:30:00.000Z,4365.820,4372.230,4365.820,4372.230,3316
2026-09-01T14:35:00.000Z,4372.250,4373.260,4365.320,4365.890,3361
2026-09-01T14:40:00.000Z,4365.910,4367.790,4364.310,4367.050,3222
2026-09-01T14:45:00.000Z,4367.050,4370.310,4360.520,4361.630,3371
2026-09-01T14:50:00.000Z,4361.810,4367.930,4358.990,4360.050,3232
2026-09-01T14:55:00.000Z,4360.090,4360.550,4356.810,4360.430,2979
2026-09-01T15:00:00.000Z,4360.580,4363.030,4355.310,4357.600,3285
2026-09-01T15:05:00.000Z,4357.580,4360.460,4356.440,4360.120,2835
2026-09-01T15:10:00.000Z,4360.140,4362.860,4356.740,4357.280,3073
2026-09-01T15:15:00.000Z,4357.580,4363.920,4356.250,4363.390,3075
2026-09-01T15:20:00.000Z,4363.350,4365.540,4362.070,4362.290,2735
2026-09-01T15:25:00.000Z,4362.210,4365.870,4358.820,4365.780,2661
2026-09-01T15:30:00.000Z,4365.840,4366.780,4362.750,4363.150,3074
2026-09-01T15:35:00.000Z,4362.940,4366.670,4361.670,4364.130,2749
2026-09-01T15:40:00.000Z,4364.140,4370.870,4364.140,4370.830,2447
2026-09-01T15:45:00.000Z,4370.810,4371.510,4368.690,4371.120,2600
2026-09-01T15:50:00.000Z,4371.140,4373.260,4369.590,4372.970,2387
2026-09-01T15:55:00.000Z,4372.940,4373.870,4370.520,4372.980,2295
2026-09-01T16:00:00.000Z,4373.130,4374.880,4371.630,4372.130,2547
2026-09-01T16:05:00.000Z,4372.110,4373.320,4367.870,4367.920,2668
2026-09-01T16:10:00.000Z,4367.950,4368.610,4362.510,4362.540,2854
2026-09-01T16:15:00.000Z,4362.440,4365.590,4358.650,4359.010,3273
2026-09-01T16:20:00.000Z,4358.800,4358.830,4355.710,4357.800,3453
2026-09-01T16:25:00.000Z,4357.830,4358.950,4352.440,4352.850,3211
2026-09-01T16:30:00.000Z,4352.520,4353.180,4347.300,4348.710,3462
2026-09-01T16:35:00.000Z,4348.780,4355.560,4347.040,4355.290,3152
2026-09-01T16:40:00.000Z,4355.260,4357.770,4352.220,4354.970,3009
2026-09-01T16:45:00.000Z,4354.930,4359.090,4354.790,4357.280,2755
2026-09-01T16:50:00.000Z,4357.420,4358.440,4353.890,4355.260,2703
2026-09-01T16:55:00.000Z,4355.220,4356.240,4351.170,4351.380,2368
2026-09-01T17:00:00.000Z,4351.460,4352.020,4346.850,4346.850,2873
2026-09-01T17:05:00.000Z,4346.870,4347.820,4344.550,4346.100,2634
2026-09-01T17:10:00.000Z,4346.210,4347.500,4344.400,4346.470,2421
2026-09-01T17:15:00.000Z,4346.470,4348.660,4344.020,4346.590,2597
2026-09-01T17:20:00.000Z,4346.580,4348.120,4344.820,4347.410,2432
2026-09-01T17:25:00.000Z,4347.210,4350.160,4342.700,4350.030,3243
2026-09-01T17:30:00.000Z,4349.870,4352.000,4347.450,4347.650,2919
2026-09-01T17:35:00.000Z,4347.690,4350.740,4345.810,4345.950,2712
2026-09-01T17:40:00.000Z,4346.000,4347.110,4342.870,4344.070,2608
2026-09-01T17:45:00.000Z,4344.060,4344.390,4341.100,4342.950,2078
2026-09-01T17:50:00.000Z,4342.940,4344.560,4341.340,4343.320,2041
2026-09-01T17:55:00.000Z,4343.330,4344.140,4341.940,4343.020,1917
2026-09-01T18:00:00.000Z,4343.160,4344.580,4338.350,4338.950,2509
2026-09-01T18:05:00.000Z,4339.010,4340.410,4336.580,4336.580,2221
2026-09-01T18:10:00.000Z,4336.590,4337.530,4334.540,4336.490,2073
2026-09-01T18:15:00.000Z,4336.490,4341.040,4335.690,4340.800,2342
2026-09-01T18:20:00.000Z,4340.700,4341.750,4339.730,4341.410,2106
2026-09-01T18:25:00.000Z,4341.280,4341.320,4337.100,4337.570,2143
2026-09-01T18:30:00.000Z,4337.560,4337.660,4332.740,4333.900,2450
2026-09-01T18:35:00.000Z,4333.910,4334.310,4329.020,4329.820,2353
2026-09-01T18:40:00.000Z,4329.760,4330.970,4328.460,4329.660,2306
2026-09-01T18:45:00.000Z,4329.650,4331.680,4328.420,4331.680,2404
2026-09-01T18:50:00.000Z,4331.670,4334.380,4329.320,4329.440,2344
2026-09-01T18:55:00.000Z,4328.790,4333.530,4328.000,4331.770,2152
2026-09-01T19:00:00.000Z,4331.660,4332.610,4329.150,4331.880,2534
2026-09-01T19:05:00.000Z,4331.820,4333.970,4329.850,4331.540,2378
2026-09-01T19:10:00.000Z,4331.520,4337.420,4331.030,4337.420,2288
2026-09-01T19:15:00.000Z,4337.300,4337.710,4334.620,4335.340,2084
2026-09-01T19:20:00.000Z,4335.260,4335.640,4333.430,4334.080,1992
2026-09-01T19:25:00.000Z,4334.050,4335.460,4334.030,4334.510,1902
2026-09-01T19:30:00.000Z,4334.520,4334.790,4328.480,4329.990,2348
2026-09-01T19:35:00.000Z,4329.980,4330.660,4322.850,4323.180,2186
2026-09-01T19:40:00.000Z,4323.230,4327.820,4323.060,4326.460,2362
2026-09-01T19:45:00.000Z,4326.270,4329.530,4323.550,4327.460,2468
2026-09-01T19:50:00.000Z,4327.130,4330.460,4326.340,4328.050,2450
2026-09-01T19:55:00.000Z,4328.160,4329.540,4324.440,4326.900,2525
2026-09-01T20:00:00.000Z,4327.000,4329.520,4323.720,4328.130,2004
2026-09-01T20:05:00.000Z,4328.090,4330.800,4327.850,4329.220,1545
2026-09-01T20:10:00.000Z,4329.090,4329.400,4325.670,4325.720,1044
2026-09-01T20:15:00.000Z,4325.910,4328.400,4324.840,4327.830,953
2026-09-01T20:20:00.000Z,4327.790,4328.630,4326.980,4327.950,796
2026-09-01T20:25:00.000Z,4327.930,4329.040,4325.350,4326.110,1083
2026-09-01T20:30:00.000Z,4326.070,4327.280,4325.970,4325.990,933
2026-09-01T20:35:00.000Z,4326.050,4327.970,4325.310,4327.660,753
2026-09-01T20:40:00.000Z,4327.600,4330.470,4327.190,4327.650,921
2026-09-01T20:45:00.000Z,4327.440,4329.800,4326.890,4328.330,910
2026-09-01T20:50:00.000Z,4328.180,4329.250,4327.440,4328.650,918
2026-09-01T20:55:00.000Z,4328.830,4329.210,4328.040,4328.210,711
2026-09-01T22:00:00.000Z,4331.290,4334.540,4329.750,4331.240,1001
2026-09-01T22:05:00.000Z,4331.320,4331.330,4328.840,4329.980,746
2026-09-01T22:10:00.000Z,4329.860,4330.220,4328.550,4329.310,866
2026-09-01T22:15:00.000Z,4329.340,4329.520,4327.470,4327.710,922
2026-09-01T22:20:00.000Z,4327.870,4328.840,4327.390,4328.140,740
2026-09-01T22:25:00.000Z,4328.050,4328.470,4327.300,4327.930,742
2026-09-01T22:30:00.000Z,4327.940,4328.770,4326.850,4327.450,686
2026-09-01T22:35:00.000Z,4327.490,4329.640,4326.990,4327.570,653
2026-09-01T22:40:00.000Z,4327.680,4328.760,4326.330,4328.240,681
2026-09-01T22:45:00.000Z,4328.220,4328.920,4327.510,4328.260,615
2026-09-01T22:50:00.000Z,4328.250,4331.080,4327.720,4329.400,916
2026-09-01T22:55:00.000Z,4329.390,4330.150,4329.240,4329.450,537
2026-09-01T23:00:00.000Z,4329.390,4329.760,4327.190,4329.650,959
2026-09-01T23:05:00.000Z,4329.600,4330.740,4328.430,4330.700,920
2026-09-01T23:10:00.000Z,4330.710,4332.410,4330.120,4330.640,736
2026-09-01T23:15:00.000Z,4330.580,4331.630,4329.570,4330.120,646
2026-09-01T23:20:00.000Z,4330.140,4330.930,4326.680,4327.440,988
2026-09-01T23:25:00.000Z,4327.410,4330.900,4326.010,4330.900,862
2026-09-01T23:30:00.000Z,4330.930,4333.140,4330.700,4333.140,887
2026-09-01T23:35:00.000Z,4333.060,4335.750,4331.590,4335.010,1035
2026-09-01T23:40:00.000Z,4335.000,4335.670,4333.420,4333.930,965
2026-09-01T23:45:00.000Z,4333.950,4333.970,4331.250,4331.760,1304
2026-09-01T23:50:00.000Z,4331.810,4332.670,4329.010,4329.010,1088
2026-09-01T23:55:00.000Z,4328.550,4329.210,4323.020,4324.510,1684
2026-09-02T00:00:00.000Z,4324.560,4330.200,4316.170,4329.450,3092
2026-09-02T00:05:00.000Z,4329.420,4330.550,4318.420,4323.220,2827
2026-09-02T00:10:00.000Z,4323.040,4328.230,4318.900,4328.220,2427
2026-09-02T00:15:00.000Z,4328.190,4334.540,4327.450,4327.850,2557
2026-09-02T00:20:00.000Z,4327.870,4333.940,4324.250,4329.750,2756
2026-09-02T00:25:00.000Z,4329.770,4330.560,4322.640,4325.870,2337
2026-09-02T00:30:00.000Z,4325.860,4325.870,4320.560,4322.890,2370
2026-09-02T00:35:00.000Z,4322.340,4329.950,4322.340,4327.100,2335
2026-09-02T00:40:00.000Z,4327.030,4331.640,4323.810,4330.160,2082
2026-09-02T00:45:00.000Z,4329.990,4331.260,4323.180,4323.620,2110
2026-09-02T00:50:00.000Z,4323.500,4323.500,4314.550,4314.750,2103
2026-09-02T00:55:00.000Z,4314.500,4320.060,4314.500,4315.910,2568
2026-09-02T01:00:00.000Z,4315.890,4322.660,4306.270,4312.030,4237
2026-09-02T01:05:00.000Z,4311.940,4312.340,4304.930,4308.540,3587
2026-09-02T01:10:00.000Z,4308.580,4320.810,4308.360,4317.630,3261
2026-09-02T01:15:00.000Z,4317.390,4326.670,4316.080,4320.470,3099
2026-09-02T01:20:00.000Z,4320.450,4323.310,4317.780,4321.960,2973
2026-09-02T01:25:00.000Z,4321.990,4324.500,4315.470,4317.380,2810
2026-09-02T01:30:00.000Z,4317.470,4318.530,4305.230,4309.520,3271
2026-09-02T01:35:00.000Z,4309.900,4310.050,4305.210,4307.800,3057
2026-09-02T01:40:00.000Z,4307.770,4311.090,4306.590,4309.200,2769
2026-09-02T01:45:00.000Z,4309.190,4309.920,4303.550,4306.240,2826
2026-09-02T01:50:00.000Z,4306.230,4306.480,4290.920,4297.610,3148
2026-09-02T01:55:00.000Z,4297.610,4299.930,4288.720,4291.020,3046
2026-09-02T02:00:00.000Z,4291.060,4296.810,4287.430,4295.650,3144
2026-09-02T02:05:00.000Z,4295.710,4301.910,4291.840,4292.630,2756
2026-09-02T02:10:00.000Z,4292.650,4296.630,4289.490,4296.230,2369
2026-09-02T02:15:00.000Z,4296.400,4301.080,4296.180,4300.600,1735
2026-09-02T02:20:00.000Z,4300.600,4306.430,4300.190,4303.520,2287
2026-09-02T02:25:00.000Z,4303.370,4306.030,4301.730,4304.430,1919
2026-09-02T02:30:00.000Z,4304.670,4309.170,4299.570,4307.940,2766
2026-09-02T02:35:00.000Z,4307.980,4314.870,4306.550,4312.330,2500
2026-09-02T02:40:00.000Z,4312.300,4313.740,4309.120,4309.290,2425
2026-09-02T02:45:00.000Z,4309.270,4311.220,4309.000,4310.680,1866
2026-09-02T02:50:00.000Z,4310.750,4310.830,4305.540,4305.610,2014
2026-09-02T02:55:00.000Z,4305.710,4306.300,4300.280,4302.850,2306
2026-09-02T03:00:00.000Z,4302.840,4304.260,4299.160,4301.140,2179
2026-09-02T03:05:00.000Z,4301.020,4301.030,4296.950,4299.350,2105
2026-09-02T03:10:00.000Z,4299.320,4301.560,4298.110,4300.800,1866
2026-09-02T03:15:00.000Z,4300.770,4302.440,4296.510,4297.770,2238
2026-09-02T03:20:00.000Z,4297.770,4297.800,4289.480,4293.740,2457
2026-09-02T03:25:00.000Z,4293.710,4298.970,4293.150,4293.710,2066
2026-09-02T03:30:00.000Z,4293.680,4293.850,4284.620,4285.200,2280
2026-09-02T03:35:00.000Z,4285.170,4291.840,4282.570,4291.450,2209
2026-09-02T03:40:00.000Z,4291.440,4291.620,4285.370,4288.630,1767
2026-09-02T03:45:00.000Z,4288.600,4299.570,4288.580,4299.330,1796
2026-09-02T03:50:00.000Z,4299.200,4300.950,4296.610,4300.950,1765
2026-09-02T03:55:00.000Z,4300.970,4303.770,4300.320,4303.300,1374
2026-09-02T04:00:00.000Z,4303.290,4305.490,4302.180,4303.900,1650
2026-09-02T04:05:00.000Z,4303.910,4306.700,4303.730,4304.890,1434
2026-09-02T04:10:00.000Z,4304.900,4306.750,4303.730,4304.350,1267
2026-09-02T04:15:00.000Z,4304.330,4305.530,4302.980,4303.210,1589
2026-09-02T04:20:00.000Z,4303.220,4304.760,4301.390,4304.420,1517
2026-09-02T04:25:00.000Z,4304.410,4304.790,4301.810,4302.840,1271
2026-09-02T04:30:00.000Z,4303.020,4307.710,4302.620,4305.430,1405
2026-09-02T04:35:00.000Z,4305.400,4306.580,4303.960,4304.580,1113
2026-09-02T04:40:00.000Z,4304.550,4306.050,4302.720,4304.740,1139
2026-09-02T04:45:00.000Z,4304.980,4306.570,4303.900,4305.610,1279
2026-09-02T04:50:00.000Z,4305.630,4306.970,4305.190,4306.310,937
2026-09-02T04:55:00.000Z,4306.220,4307.660,4305.940,4307.260,1031
2026-09-02T05:00:00.000Z,4307.300,4308.210,4305.650,4306.450,1350
2026-09-02T05:05:00.000Z,4306.460,4306.620,4303.690,4304.660,1398
2026-09-02T05:10:00.000Z,4304.690,4310.050,4304.690,4310.040,1752
2026-09-02T05:15:00.000Z,4310.010,4313.900,4309.990,4310.850,1886
2026-09-02T05:20:00.000Z,4310.870,4310.890,4306.830,4309.000,1747
2026-09-02T05:25:00.000Z,4309.000,4313.960,4308.740,4313.210,1832
2026-09-02T05:30:00.000Z,4313.170,4325.060,4313.170,4324.530,3339
2026-09-02T05:35:00.000Z,4324.510,4324.510,4317.900,4318.290,2530
2026-09-02T05:40:00.000Z,4318.330,4323.250,4317.410,4323.150,2181
2026-09-02T05:45:00.000Z,4323.160,4326.250,4322.720,4325.900,2030
2026-09-02T05:50:00.000Z,4325.860,4326.440,4319.530,4320.100,2019
2026-09-02T05:55:00.000Z,4320.090,4322.660,4319.340,4319.990,1885
2026-09-02T06:00:00.000Z,4320.010,4322.420,4317.750,4318.070,2648
2026-09-02T06:05:00.000Z,4318.080,4324.200,4317.600,4324.200,2384
2026-09-02T06:10:00.000Z,4324.170,4329.230,4320.920,4326.640,2533
2026-09-02T06:15:00.000Z,4326.640,4328.590,4321.490,4326.150,2456
2026-09-02T06:20:00.000Z,4326.160,4326.750,4320.840,4326.650,2256
2026-09-02T06:25:00.000Z,4326.680,4327.600,4322.340,4322.670,2326
2026-09-02T06:30:00.000Z,4322.790,4323.920,4318.480,4320.040,2536
2026-09-02T06:35:00.000Z,4320.070,4324.720,4316.860,4324.720,2609
2026-09-02T06:40:00.000Z,4324.630,4326.430,4322.830,4324.330,2653
2026-09-02T06:45:00.000Z,4324.330,4325.000,4316.460,4316.680,2488
2026-09-02T06:50:00.000Z,4316.690,4317.430,4314.720,4316.280,2335
2026-09-02T06:55:00.000Z,4316.270,4321.860,4315.990,4321.710,2345
2026-09-02T07:00:00.000Z,4321.780,4324.320,4319.190,4321.600,2840
2026-09-02T07:05:00.000Z,4321.430,4327.100,4319.190,4326.280,2463
2026-09-02T07:10:00.000Z,4326.260,4331.090,4326.230,4326.810,2526
2026-09-02T07:15:00.000Z,4326.690,4328.590,4325.550,4328.180,2345
2026-09-02T07:20:00.000Z,4328.180,4329.300,4324.980,4328.440,2262
2026-09-02T07:25:00.000Z,4328.430,4328.850,4325.150,4326.860,2372
2026-09-02T07:30:00.000Z,4326.840,4330.140,4325.220,4327.400,2117
2026-09-02T07:35:00.000Z,4327.380,4331.350,4326.360,4326.540,2035
2026-09-02T07:40:00.000Z,4326.560,4327.320,4321.960,4322.710,1984
2026-09-02T07:45:00.000Z,4322.740,4325.090,4321.970,4322.310,2003
2026-09-02T07:50:00.000Z,4322.310,4323.490,4320.640,4322.340,2001
2026-09-02T07:55:00.000Z,4322.350,4323.990,4320.870,4323.300,1889
2026-09-02T08:00:00.000Z,4323.320,4327.640,4322.210,4327.320,2407
2026-09-02T08:05:00.000Z,4327.310,4330.140,4322.830,4329.940,2305
2026-09-02T08:10:00.000Z,4330.090,4331.710,4324.740,4325.610,2191
2026-09-02T08:15:00.000Z,4325.600,4327.800,4324.800,4325.410,2078
2026-09-02T08:20:00.000Z,4325.420,4327.080,4324.130,4326.040,2010
2026-09-02T08:25:00.000Z,4326.090,4326.270,4322.740,4323.170,2095
2026-09-02T08:30:00.000Z,4323.200,4325.860,4320.890,4321.750,2089
2026-09-02T08:35:00.000Z,4321.750,4326.760,4319.580,4325.010,2075
2026-09-02T08:40:00.000Z,4324.950,4326.220,4320.370,4322.060,1961
2026-09-02T08:45:00.000Z,4322.050,4322.610,4319.730,4321.790,1925
2026-09-02T08:50:00.000Z,4321.860,4322.140,4313.250,4314.580,2460
2026-09-02T08:55:00.000Z,4314.640,4317.360,4312.590,4312.990,2446
2026-09-02T09:00:00.000Z,4312.970,4316.780,4312.350,4315.940,2651
2026-09-02T09:05:00.000Z,4315.950,4322.430,4315.920,4318.790,2272
2026-09-02T09:10:00.000Z,4318.820,4318.820,4313.580,4313.940,2118
2026-09-02T09:15:00.000Z,4313.920,4315.350,4313.200,4314.520,2044
2026-09-02T09:20:00.000Z,4314.500,4314.610,4308.960,4309.060,2334
2026-09-02T09:25:00.000Z,4309.060,4309.230,4305.040,4309.140,2395
2026-09-02T09:30:00.000Z,4309.130,4310.510,4307.270,4309.920,2176
2026-09-02T09:35:00.000Z,4309.880,4311.060,4307.740,4309.020,2122
2026-09-02T09:40:00.000Z,4309.280,4311.860,4308.970,4310.140,1781
2026-09-02T09:45:00.000Z,4310.120,4311.490,4309.790,4310.430,1738
2026-09-02T09:50:00.000Z,4310.220,4310.940,4307.970,4308.690,1784
2026-09-02T09:55:00.000Z,4308.680,4310.330,4308.040,4308.600,1836
2026-09-02T10:00:00.000Z,4308.620,4309.620,4304.420,4304.420,1973
2026-09-02T10:05:00.000Z,4304.390,4305.800,4301.860,4303.130,2107
2026-09-02T10:10:00.000Z,4303.130,4308.190,4302.430,4306.840,1940
2026-09-02T10:15:00.000Z,4306.720,4309.760,4306.090,4308.580,1824
2026-09-02T10:20:00.000Z,4308.630,4312.320,4308.630,4310.630,1618
2026-09-02T10:25:00.000Z,4310.630,4312.200,4309.580,4309.940,1666
2026-09-02T10:30:00.000Z,4309.960,4310.750,4307.720,4308.990,1646
2026-09-02T10:35:00.000Z,4308.980,4309.680,4307.270,4308.580,1729
2026-09-02T10:40:00.000Z,4308.580,4310.140,4307.750,4309.480,1524
2026-09-02T10:45:00.000Z,4309.470,4310.440,4308.180,4310.350,1409
2026-09-02T10:50:00.000Z,4310.370,4310.370,4305.300,4308.480,1864
2026-09-02T10:55:00.000Z,4308.430,4309.670,4306.610,4309.360,1916
2026-09-02T11:00:00.000Z,4309.360,4313.070,4307.710,4312.760,2447
2026-09-02T11:05:00.000Z,4312.750,4314.490,4308.080,4312.920,2113
2026-09-02T11:10:00.000Z,4312.760,4324.540,4311.440,4322.850,2783
2026-09-02T11:15:00.000Z,4322.670,4323.260,4315.750,4319.190,2932
2026-09-02T11:20:00.000Z,4319.110,4320.010,4316.380,4319.050,2105
2026-09-02T11:25:00.000Z,4319.120,4323.190,4316.980,4321.920,2425
2026-09-02T11:30:00.000Z,4321.890,4330.240,4321.750,4330.170,2426
2026-09-02T11:35:00.000Z,4330.050,4332.880,4328.980,4332.300,2514
2026-09-02T11:40:00.000Z,4332.250,4332.940,4324.130,4324.690,2454
2026-09-02T11:45:00.000Z,4324.750,4327.340,4323.530,4325.870,2071
2026-09-02T11:50:00.000Z,4325.870,4331.170,4323.460,4330.540,2125
2026-09-02T11:55:00.000Z,4330.500,4332.900,4329.520,4332.370,2181
2026-09-02T12:00:00.000Z,4332.440,4335.770,4329.100,4334.750,2924
2026-09-02T12:05:00.000Z,4334.740,4336.330,4330.460,4333.840,3022
2026-09-02T12:10:00.000Z,4334.040,4334.700,4329.570,4333.350,2403
2026-09-02T12:15:00.000Z,4333.130,4334.920,4330.530,4331.450,2505
2026-09-02T12:20:00.000Z,4331.450,4344.210,4329.980,4338.960,3707
2026-09-02T12:25:00.000Z,4339.000,4342.440,4334.000,4336.310,2830
2026-09-02T12:30:00.000Z,4336.270,4337.650,4329.620,4330.100,2734
2026-09-02T12:35:00.000Z,4330.140,4333.490,4327.410,4333.490,2750
2026-09-02T12:40:00.000Z,4333.470,4335.000,4331.940,4334.380,2549
2026-09-02T12:45:00.000Z,4334.390,4339.190,4331.820,4339.190,2648
2026-09-02T12:50:00.000Z,4339.270,4339.310,4332.660,4334.420,2626
2026-09-02T12:55:00.000Z,4334.440,4334.910,4330.620,4331.480,2737
2026-09-02T13:00:00.000Z,4331.580,4341.710,4330.880,4338.600,3626
2026-09-02T13:05:00.000Z,4338.570,4344.160,4338.410,4341.970,3003
2026-09-02T13:10:00.000Z,4341.960,4344.440,4337.580,4339.590,2706
2026-09-02T13:15:00.000Z,4339.530,4344.340,4336.670,4342.390,2687
2026-09-02T13:20:00.000Z,4342.440,4348.290,4342.050,4348.030,2899
2026-09-02T13:25:00.000Z,4347.940,4358.620,4347.600,4358.530,3930
2026-09-02T13:30:00.000Z,4358.280,4367.370,4357.100,4364.870,4139
2026-09-02T13:35:00.000Z,4364.910,4368.580,4362.480,4367.160,4065
2026-09-02T13:40:00.000Z,4367.250,4379.510,4364.850,4378.180,3890
2026-09-02T13:45:00.000Z,4378.160,4379.400,4368.480,4368.560,3880
2026-09-02T13:50:00.000Z,4368.890,4378.220,4367.880,4376.720,3665
2026-09-02T13:55:00.000Z,4376.730,4385.580,4371.920,4385.370,3538
2026-09-02T14:00:00.000Z,4385.250,4385.750,4378.980,4383.170,4012
2026-09-02T14:05:00.000Z,4383.570,4396.630,4382.990,4391.110,4042
2026-09-02T14:10:00.000Z,4390.930,4397.560,4387.100,4387.910,3986
2026-09-02T14:15:00.000Z,4387.920,4392.710,4385.070,4392.240,3760
2026-09-02T14:20:00.000Z,4392.310,4397.290,4386.940,4387.320,3680
2026-09-02T14:25:00.000Z,4387.310,4390.450,4385.420,4387.640,3427
2026-09-02T14:30:00.000Z,4387.650,4388.240,4382.940,4386.520,3579
2026-09-02T14:35:00.000Z,4386.540,4387.670,4382.350,4382.780,3381
2026-09-02T14:40:00.000Z,4382.800,4385.950,4381.310,4385.560,3357
2026-09-02T14:45:00.000Z,4385.550,4386.910,4378.920,4381.060,3231
2026-09-02T14:50:00.000Z,4381.030,4382.310,4376.070,4376.960,3318
2026-09-02T14:55:00.000Z,4376.830,4378.520,4374.350,4376.940,3109
2026-09-02T15:00:00.000Z,4376.920,4380.890,4374.170,4377.750,3535
2026-09-02T15:05:00.000Z,4377.690,4380.640,4373.790,4376.490,3318
2026-09-02T15:10:00.000Z,4376.580,4378.170,4372.650,4372.860,3239
2026-09-02T15:15:00.000Z,4372.820,4372.820,4368.910,4369.910,3066
2026-09-02T15:20:00.000Z,4369.920,4371.640,4365.630,4370.150,3147
2026-09-02T15:25:00.000Z,4370.230,4373.030,4367.440,4372.640,3248
2026-09-02T15:30:00.000Z,4372.670,4375.280,4371.130,4371.370,3234
2026-09-02T15:35:00.000Z,4371.380,4372.590,4367.490,4370.480,3001
2026-09-02T15:40:00.000Z,4370.490,4372.180,4366.060,4366.310,2872
2026-09-02T15:45:00.000Z,4366.210,4369.650,4364.620,4367.920,2807
2026-09-02T15:50:00.000Z,4367.670,4369.760,4367.300,4368.660,2565
2026-09-02T15:55:00.000Z,4368.630,4373.950,4368.030,4373.120,2717
2026-09-02T16:00:00.000Z,4373.090,4374.850,4371.460,4373.050,2777
2026-09-02T16:05:00.000Z,4373.010,4373.260,4368.950,4370.530,2609
2026-09-02T16:10:00.000Z,4370.520,4373.230,4370.330,4372.440,2304
2026-09-02T16:15:00.000Z,4372.420,4372.460,4367.920,4369.970,2478
2026-09-02T16:20:00.000Z,4370.030,4371.020,4368.650,4369.580,2107
2026-09-02T16:25:00.000Z,4369.500,4370.250,4367.730,4368.710,2120
2026-09-02T16:30:00.000Z,4368.590,4370.530,4367.290,4367.290,2487
2026-09-02T16:35:00.000Z,4367.360,4368.980,4366.230,4368.620,2322
2026-09-02T16:40:00.000Z,4368.570,4368.620,4364.650,4364.940,2173
2026-09-02T16:45:00.000Z,4364.880,4366.730,4364.580,4366.050,2030
2026-09-02T16:50:00.000Z,4365.860,4370.590,4364.730,4369.950,2476
2026-09-02T16:55:00.000Z,4369.890,4370.410,4367.950,4368.300,2091
2026-09-02T17:00:00.000Z,4368.310,4370.790,4367.890,4370.790,2153
2026-09-02T17:05:00.000Z,4370.710,4371.120,4368.960,4370.010,2203
2026-09-02T17:10:00.000Z,4369.890,4370.420,4367.590,4368.900,1880
2026-09-02T17:15:00.000Z,4368.890,4369.090,4364.500,4365.410,2004
2026-09-02T17:20:00.000Z,4365.330,4367.410,4364.730,4367.130,1936
2026-09-02T17:25:00.000Z,4367.160,4369.900,4367.070,4369.830,2148
2026-09-02T17:30:00.000Z,4369.950,4371.580,4368.070,4368.070,2086
2026-09-02T17:35:00.000Z,4368.060,4369.560,4366.560,4366.620,1793
2026-09-02T17:40:00.000Z,4366.600,4377.690,4366.580,4376.560,2509
2026-09-02T17:45:00.000Z,4376.550,4380.720,4375.480,4376.010,3141
2026-09-02T17:50:00.000Z,4376.030,4377.510,4375.460,4376.290,1939
2026-09-02T17:55:00.000Z,4376.230,4378.550,4375.800,4376.990,1796
2026-09-02T18:00:00.000Z,4377.000,4377.620,4372.270,4375.060,2342
2026-09-02T18:05:00.000Z,4374.980,4375.730,4373.400,4373.620,2039
2026-09-02T18:10:00.000Z,4373.640,4374.070,4370.240,4370.280,1882
2026-09-02T18:15:00.000Z,4370.250,4379.570,4369.290,4377.630,2277
2026-09-02T18:20:00.000Z,4377.550,4379.720,4372.350,4373.210,2702
2026-09-02T18:25:00.000Z,4373.250,4373.850,4371.900,4373.180,2143
2026-09-02T18:30:00.000Z,4373.040,4378.210,4372.910,4376.620,2152
2026-09-02T18:35:00.000Z,4376.700,4378.070,4375.360,4376.290,1875
2026-09-02T18:40:00.000Z,4376.370,4376.670,4372.560,4373.070,1624
2026-09-02T18:45:00.000Z,4372.940,4374.700,4372.620,4374.030,1655
2026-09-02T18:50:00.000Z,4374.040,4375.800,4373.880,4374.740,1674
2026-09-02T18:55:00.000Z,4374.810,4375.400,4372.620,4374.170,1526
2026-09-02T19:00:00.000Z,4374.270,4375.220,4371.830,4375.040,1958
2026-09-02T19:05:00.000Z,4375.030,4377.480,4374.810,4377.210,1728
2026-09-02T19:10:00.000Z,4377.140,4380.310,4376.500,4379.230,1789
2026-09-02T19:15:00.000Z,4379.220,4380.280,4378.300,4379.670,1716
2026-09-02T19:20:00.000Z,4379.620,4380.950,4378.380,4379.980,1732
2026-09-02T19:25:00.000Z,4379.950,4383.110,4379.850,4381.130,1931
2026-09-02T19:30:00.000Z,4381.150,4384.050,4381.150,4383.890,2005
2026-09-02T19:35:00.000Z,4383.880,4384.150,4381.310,4384.080,1849
2026-09-02T19:40:00.000Z,4384.070,4388.730,4383.590,4388.170,1980
2026-09-02T19:45:00.000Z,4388.140,4388.930,4384.910,4386.590,2048
2026-09-02T19:50:00.000Z,4386.580,4389.760,4385.910,4387.430,2349
2026-09-02T19:55:00.000Z,4387.310,4391.380,4386.170,4391.140,2563
2026-09-02T20:00:00.000Z,4391.200,4391.510,4388.630,4390.490,1646
2026-09-02T20:05:00.000Z,4390.370,4391.050,4387.620,4387.950,1195
2026-09-02T20:10:00.000Z,4388.020,4388.620,4386.000,4386.040,1138
2026-09-02T20:15:00.000Z,4386.120,4386.280,4384.130,4385.120,1510
2026-09-02T20:20:00.000Z,4385.130,4385.840,4384.650,4385.580,866
2026-09-02T20:25:00.000Z,4385.650,4387.790,4385.300,4386.400,811
2026-09-02T20:30:00.000Z,4386.300,4387.930,4385.770,4387.480,680
2026-09-02T20:35:00.000Z,4387.500,4387.820,4386.990,4387.560,732
2026-09-02T20:40:00.000Z,4387.490,4389.780,4387.350,4387.860,794
2026-09-02T20:45:00.000Z,4387.900,4389.580,4387.340,4389.050,690
2026-09-02T20:50:00.000Z,4389.040,4390.680,4389.000,4389.210,644
2026-09-02T20:55:00.000Z,4389.110,4389.240,4387.380,4388.050,710
2026-09-02T22:00:00.000Z,4391.790,4393.300,4389.610,4391.470,1049
2026-09-02T22:05:00.000Z,4391.210,4391.800,4390.400,4390.610,550
2026-09-02T22:10:00.000Z,4390.600,4391.510,4390.010,4390.100,496
2026-09-02T22:15:00.000Z,4390.070,4390.160,4387.980,4388.520,779
2026-09-02T22:20:00.000Z,4388.600,4389.630,4388.240,4389.630,992
2026-09-02T22:25:00.000Z,4389.660,4390.920,4389.120,4389.910,838
2026-09-02T22:30:00.000Z,4389.900,4389.900,4387.810,4388.240,853
2026-09-02T22:35:00.000Z,4388.270,4388.570,4387.410,4387.650,708
2026-09-02T22:40:00.000Z,4387.620,4388.000,4385.000,4385.220,775
2026-09-02T22:45:00.000Z,4385.290,4385.380,4383.560,4384.130,908
2026-09-02T22:50:00.000Z,4384.240,4385.220,4383.870,4384.550,582
2026-09-02T22:55:00.000Z,4384.630,4385.060,4384.460,4384.730,424
2026-09-02T23:00:00.000Z,4384.930,4386.590,4384.350,4386.570,833
2026-09-02T23:05:00.000Z,4386.560,4386.820,4385.180,4386.780,772
2026-09-02T23:10:00.000Z,4386.780,4386.820,4383.960,4384.100,739
2026-09-02T23:15:00.000Z,4384.120,4384.220,4382.380,4382.500,795
2026-09-02T23:20:00.000Z,4382.680,4383.120,4382.340,4383.020,512
2026-09-02T23:25:00.000Z,4383.060,4383.100,4381.850,4382.330,515
2026-09-02T23:30:00.000Z,4382.210,4383.790,4381.670,4383.110,784
2026-09-02T23:35:00.000Z,4383.100,4383.550,4381.090,4383.440,823
2026-09-02T23:40:00.000Z,4383.430,4385.470,4383.150,4385.260,797
2026-09-02T23:45:00.000Z,4385.310,4388.920,4384.650,4386.780,1607
2026-09-02T23:50:00.000Z,4387.020,4387.550,4384.650,4384.830,1140
2026-09-02T23:55:00.000Z,4384.850,4386.950,4384.630,4385.710,1090
2026-09-03T00:00:00.000Z,4385.660,4389.690,4384.840,4389.320,1969
2026-09-03T00:05:00.000Z,4389.310,4390.820,4385.000,4387.140,1762
2026-09-03T00:10:00.000Z,4387.160,4392.550,4387.130,4390.320,1745
2026-09-03T00:15:00.000Z,4390.300,4390.410,4385.330,4387.020,1678
2026-09-03T00:20:00.000Z,4387.190,4387.970,4385.330,4387.910,1554
2026-09-03T00:25:00.000Z,4387.880,4390.260,4387.070,4387.240,1560
2026-09-03T00:30:00.000Z,4387.260,4387.260,4382.880,4382.880,1422
2026-09-03T00:35:00.000Z,4382.870,4389.620,4382.580,4389.100,1517
2026-09-03T00:40:00.000Z,4389.130,4389.770,4387.130,4387.760,1397
2026-09-03T00:45:00.000Z,4387.560,4389.990,4385.800,4389.990,1604
2026-09-03T00:50:00.000Z,4390.140,4393.930,4389.390,4391.590,1755
2026-09-03T00:55:00.000Z,4391.680,4397.430,4390.680,4395.460,1803
2026-09-03T01:00:00.000Z,4395.470,4396.800,4387.300,4395.580,3525
2026-09-03T01:05:00.000Z,4395.540,4403.100,4392.790,4402.620,3110
2026-09-03T01:10:00.000Z,4402.600,4409.310,4401.050,4401.430,3114
2026-09-03T01:15:00.000Z,4401.370,4403.750,4396.820,4398.460,2609
2026-09-03T01:20:00.000Z,4398.480,4402.920,4395.290,4396.050,2544
2026-09-03T01:25:00.000Z,4396.060,4402.140,4393.960,4401.760,2568
2026-09-03T01:30:00.000Z,4401.720,4409.250,4401.490,4409.170,2981
2026-09-03T01:35:00.000Z,4409.160,4409.420,4404.950,4408.020,2453
2026-09-03T01:40:00.000Z,4408.010,4408.100,4400.470,4400.830,2371
2026-09-03T01:45:00.000Z,4400.750,4408.320,4400.270,4407.540,2250
2026-09-03T01:50:00.000Z,4407.200,4407.870,4404.630,4407.500,2186
2026-09-03T01:55:00.000Z,4407.560,4412.400,4407.240,4410.370,2293
2026-09-03T02:00:00.000Z,4410.340,4415.440,4409.630,4410.830,2701
2026-09-03T02:05:00.000Z,4410.820,4412.890,4409.210,4410.160,2351
2026-09-03T02:10:00.000Z,4410.150,4413.430,4409.660,4411.130,2542
2026-09-03T02:15:00.000Z,4411.210,4413.370,4409.340,4410.290,1736
2026-09-03T02:20:00.000Z,4410.250,4412.580,4406.860,4409.670,1914
2026-09-03T02:25:00.000Z,4409.690,4411.690,4407.820,4411.650,1804
2026-09-03T02:30:00.000Z,4411.580,4417.370,4409.510,4415.530,2823
2026-09-03T02:35:00.000Z,4415.550,4418.120,4414.100,4416.320,2430
2026-09-03T02:40:00.000Z,4416.320,4416.970,4412.720,4413.700,2021
2026-09-03T02:45:00.000Z,4413.710,4417.510,4411.610,4417.340,2194
2026-09-03T02:50:00.000Z,4417.310,4420.190,4415.980,4419.800,2401
2026-09-03T02:55:00.000Z,4419.790,4420.570,4419.080,4420.400,1953
2026-09-03T03:00:00.000Z,4420.410,4425.200,4419.540,4424.370,2276
2026-09-03T03:05:00.000Z,4424.350,4426.200,4424.060,4425.180,1968
2026-09-03T03:10:00.000Z,4425.160,4430.120,4424.050,4428.850,1947
2026-09-03T03:15:00.000Z,4428.870,4430.450,4425.600,4426.410,2361
2026-09-03T03:20:00.000Z,4426.390,4427.100,4424.710,4426.590,1932
2026-09-03T03:25:00.000Z,4426.530,4431.290,4425.410,4429.420,1989
2026-09-03T03:30:00.000Z,4429.430,4432.230,4429.410,4431.740,1506
2026-09-03T03:35:00.000Z,4431.720,4431.930,4429.330,4430.630,1457
2026-09-03T03:40:00.000Z,4430.610,4430.750,4426.740,4426.740,1501
2026-09-03T03:45:00.000Z,4426.710,4428.680,4425.480,4427.190,1564
2026-09-03T03:50:00.000Z,4427.170,4430.680,4426.250,4430.530,1314
2026-09-03T03:55:00.000Z,4430.520,4432.600,4429.720,4431.570,1184
2026-09-03T04:00:00.000Z,4431.530,4431.800,4427.060,4427.120,1505
2026-09-03T04:05:00.000Z,4427.170,4433.770,4425.590,4433.570,1867
2026-09-03T04:10:00.000Z,4433.580,4435.810,4430.780,4431.260,1722
2026-09-03T04:15:00.000Z,4431.290,4431.530,4430.070,4430.960,1042
2026-09-03T04:20:00.000Z,4430.930,4434.180,4430.900,4433.740,1008
2026-09-03T04:25:00.000Z,4434.000,4436.890,4434.000,4436.640,1063
2026-09-03T04:30:00.000Z,4436.660,4437.290,4435.600,4437.140,1381
2026-09-03T04:35:00.000Z,4437.150,4438.390,4436.160,4438.210,1087
2026-09-03T04:40:00.000Z,4438.230,4438.360,4436.750,4438.120,923
2026-09-03T04:45:00.000Z,4438.130,4438.390,4436.220,4436.340,872
2026-09-03T04:50:00.000Z,4436.300,4436.540,4435.130,4435.660,780
2026-09-03T04:55:00.000Z,4435.640,4437.790,4434.130,4437.450,1258
2026-09-03T05:00:00.000Z,4437.450,4440.240,4436.230,4436.440,1408
2026-09-03T05:05:00.000Z,4436.420,4436.590,4430.590,4430.820,1646
2026-09-03T05:10:00.000Z,4430.810,4432.710,4429.080,4429.710,1638
2026-09-03T05:15:00.000Z,4429.700,4430.810,4427.200,4428.670,2036
2026-09-03T05:20:00.000Z,4428.700,4428.740,4422.810,4425.810,2487
2026-09-03T05:25:00.000Z,4425.920,4427.490,4423.030,4425.190,2348
2026-09-03T05:30:00.000Z,4424.820,4432.600,4422.560,4430.840,3311
2026-09-03T05:35:00.000Z,4430.890,4432.550,4425.630,4428.450,2906
2026-09-03T05:40:00.000Z,4428.370,4432.510,4425.820,4432.350,2901
2026-09-03T05:45:00.000Z,4432.360,4436.300,4428.520,4435.420,2569
2026-09-03T05:50:00.000Z,4435.520,4439.270,4432.830,4433.430,2494
2026-09-03T05:55:00.000Z,4433.460,4436.480,4430.520,4431.110,2301
2026-09-03T06:00:00.000Z,4431.020,4433.930,4428.670,4430.520,2835
2026-09-03T06:05:00.000Z,4430.490,4436.250,4429.600,4431.330,3017
2026-09-03T06:10:00.000Z,4431.340,4431.570,4425.860,4427.030,2470
2026-09-03T06:15:00.000Z,4427.050,4430.680,4425.220,4425.980,2492
2026-09-03T06:20:00.000Z,4425.960,4427.130,4417.550,4419.160,2260
2026-09-03T06:25:00.000Z,4419.160,4423.930,4418.880,4421.660,2324
2026-09-03T06:30:00.000Z,4421.680,4423.330,4420.420,4423.200,2394
2026-09-03T06:35:00.000Z,4423.130,4425.900,4422.620,4422.840,2338
2026-09-03T06:40:00.000Z,4422.820,4426.130,4422.670,4425.610,1962
2026-09-03T06:45:00.000Z,4425.570,4428.800,4425.180,4426.330,2116
2026-09-03T06:50:00.000Z,4426.060,4426.070,4422.820,4422.980,1772
2026-09-03T06:55:00.000Z,4422.890,4424.030,4420.590,4420.590,1871
2026-09-03T07:00:00.000Z,4420.570,4431.220,4419.170,4431.190,2974
2026-09-03T07:05:00.000Z,4431.200,4431.550,4423.790,4425.190,2802
2026-09-03T07:10:00.000Z,4425.140,4425.330,4421.820,4422.090,2330
2026-09-03T07:15:00.000Z,4422.100,4426.780,4421.710,4425.300,2114
2026-09-03T07:20:00.000Z,4425.130,4430.230,4424.570,4429.630,2032
2026-09-03T07:25:00.000Z,4429.650,4430.210,4425.410,4426.450,2359
2026-09-03T07:30:00.000Z,4426.310,4428.520,4426.300,4427.860,2139
2026-09-03T07:35:00.000Z,4427.890,4430.660,4423.640,4427.640,2608
2026-09-03T07:40:00.000Z,4427.570,4430.730,4426.640,4426.740,2089
2026-09-03T07:45:00.000Z,4426.550,4428.780,4424.300,4426.380,1964
2026-09-03T07:50:00.000Z,4426.070,4431.040,4424.840,4430.610,2131
2026-09-03T07:55:00.000Z,4429.960,4430.260,4428.190,4428.870,1840
2026-09-03T08:00:00.000Z,4428.910,4441.340,4428.150,4437.010,3139
2026-09-03T08:05:00.000Z,4437.030,4443.710,4435.260,4435.420,3632
2026-09-03T08:10:00.000Z,4435.440,4435.640,4430.990,4431.540,2821
2026-09-03T08:15:00.000Z,4431.530,4438.760,4430.840,4438.030,2517
2026-09-03T08:20:00.000Z,4437.930,4439.660,4435.420,4437.500,2561
2026-09-03T08:25:00.000Z,4437.360,4438.920,4435.150,4438.430,2249
2026-09-03T08:30:00.000Z,4438.400,4439.600,4435.950,4439.080,2124
2026-09-03T08:35:00.000Z,4439.110,4439.710,4434.370,4434.370,1749
2026-09-03T08:40:00.000Z,4434.350,4435.370,4431.520,4434.180,1929
2026-09-03T08:45:00.000Z,4434.450,4440.010,4434.450,4438.380,1993
2026-09-03T08:50:00.000Z,4438.400,4438.400,4434.350,4435.510,1874
2026-09-03T08:55:00.000Z,4435.530,4437.610,4434.050,4434.980,1804
2026-09-03T09:00:00.000Z,4435.060,4437.810,4434.200,4437.260,2307
2026-09-03T09:05:00.000Z,4437.320,4442.030,4435.190,4440.060,2124
2026-09-03T09:10:00.000Z,4439.890,4440.030,4437.900,4438.100,1814
2026-09-03T09:15:00.000Z,4438.260,4438.420,4434.600,4434.770,1911
2026-09-03T09:20:00.000Z,4434.760,4435.420,4432.220,4432.610,1903
2026-09-03T09:25:00.000Z,4432.580,4435.820,4432.230,4435.290,1797
2026-09-03T09:30:00.000Z,4435.240,4437.980,4433.750,4437.140,2282
2026-09-03T09:35:00.000Z,4437.100,4438.100,4430.730,4432.770,2125
2026-09-03T09:40:00.000Z,4432.900,4434.290,4429.520,4430.060,1913
2026-09-03T09:45:00.000Z,4430.050,4430.190,4427.410,4429.110,1713
2026-09-03T09:50:00.000Z,4429.020,4430.580,4426.690,4427.180,1551
2026-09-03T09:55:00.000Z,4427.200,4429.270,4425.660,4427.560,1964
2026-09-03T10:00:00.000Z,4427.570,4428.470,4425.520,4427.410,1966
2026-09-03T10:05:00.000Z,4427.400,4429.910,4425.170,4425.320,1806
2026-09-03T10:10:00.000Z,4425.340,4425.800,4423.090,4424.560,2022
2026-09-03T10:15:00.000Z,4424.540,4425.740,4421.880,4422.150,1775
2026-09-03T10:20:00.000Z,4422.150,4423.000,4418.530,4419.850,1731
2026-09-03T10:25:00.000Z,4420.460,4424.120,4420.460,4422.610,2129
2026-09-03T10:30:00.000Z,4422.410,4424.190,4420.060,4422.610,2051
2026-09-03T10:35:00.000Z,4422.640,4424.910,4422.090,4424.540,1970
2026-09-03T10:40:00.000Z,4424.550,4426.420,4424.070,4425.820,1558
2026-09-03T10:45:00.000Z,4425.720,4426.670,4424.240,4424.700,1488
2026-09-03T10:50:00.000Z,4424.660,4428.090,4424.200,4428.000,1516
2026-09-03T10:55:00.000Z,4428.020,4428.510,4426.970,4427.320,1647
2026-09-03T11:00:00.000Z,4427.260,4429.240,4425.100,4426.370,2403
2026-09-03T11:05:00.000Z,4426.380,4431.080,4425.900,4430.830,2071
2026-09-03T11:10:00.000Z,4430.800,4432.750,4430.150,4432.750,2093
2026-09-03T11:15:00.000Z,4432.730,4437.710,4432.460,4434.370,2553
2026-09-03T11:20:00.000Z,4434.360,4434.720,4430.780,4431.380,1906
2026-09-03T11:25:00.000Z,4431.450,4435.260,4430.310,4434.420,2046
2026-09-03T11:30:00.000Z,4434.630,4435.520,4425.760,4434.420,2069
2026-09-03T11:35:00.000Z,4434.430,4436.900,4434.360,4435.860,1701
2026-09-03T11:40:00.000Z,4435.790,4439.350,4435.640,4438.840,1699
2026-09-03T11:45:00.000Z,4438.820,4440.740,4436.680,4439.200,2190
2026-09-03T11:50:00.000Z,4439.220,4441.850,4438.040,4440.160,1943
2026-09-03T11:55:00.000Z,4440.170,4445.420,4439.840,4444.240,1935
2026-09-03T12:00:00.000Z,4444.170,4448.570,4441.250,4448.330,2632
2026-09-03T12:05:00.000Z,4448.350,4449.010,4445.110,4448.750,2262
2026-09-03T12:10:00.000Z,4448.760,4450.200,4443.340,4444.000,2281
2026-09-03T12:15:00.000Z,4443.980,4444.560,4440.880,4441.470,2280
2026-09-03T12:20:00.000Z,4441.800,4449.190,4437.930,4446.720,2856
2026-09-03T12:25:00.000Z,4446.700,4449.100,4446.190,4446.620,2332
2026-09-03T12:30:00.000Z,4446.690,4469.910,4445.100,4466.930,4249
2026-09-03T12:35:00.000Z,4466.880,4478.810,4459.920,4475.760,4105
2026-09-03T12:40:00.000Z,4475.460,4477.470,4464.970,4467.940,3671
2026-09-03T12:45:00.000Z,4467.930,4480.310,4465.710,4480.110,3407
2026-09-03T12:50:00.000Z,4480.140,4492.250,4479.660,4491.280,3635
2026-09-03T12:55:00.000Z,4491.130,4495.300,4489.970,4493.540,3608
2026-09-03T13:00:00.000Z,4493.620,4495.870,4488.360,4490.130,4165
2026-09-03T13:05:00.000Z,4490.220,4493.990,4485.950,4488.110,3492
2026-09-03T13:10:00.000Z,4488.130,4490.280,4484.820,4485.790,3445
2026-09-03T13:15:00.000Z,4485.840,4487.900,4479.320,4479.830,3330
2026-09-03T13:20:00.000Z,4479.770,4484.610,4478.530,4483.670,3224
2026-09-03T13:25:00.000Z,4483.580,4484.040,4477.090,4479.960,3212
2026-09-03T13:30:00.000Z,4480.090,4482.390,4474.350,4477.780,3997
2026-09-03T13:35:00.000Z,4477.670,4480.070,4472.580,4475.710,3908
2026-09-03T13:40:00.000Z,4475.840,4475.840,4468.180,4470.080,3586
2026-09-03T13:45:00.000Z,4469.820,4470.170,4456.870,4458.280,3902
2026-09-03T13:50:00.000Z,4458.340,4464.750,4458.060,4463.870,3954
2026-09-03T13:55:00.000Z,4463.860,4471.020,4462.460,4470.850,3412
2026-09-03T14:00:00.000Z,4470.800,4470.800,4457.400,4465.290,3970
2026-09-03T14:05:00.000Z,4465.420,4472.970,4462.420,4464.350,3885
2026-09-03T14:10:00.000Z,4464.460,4469.920,4461.500,4469.300,3857
2026-09-03T14:15:00.000Z,4469.340,4477.490,4469.320,4476.630,3774
2026-09-03T14:20:00.000Z,4476.690,4480.830,4472.110,4475.910,3658
2026-09-03T14:25:00.000Z,4476.100,4478.260,4470.820,4477.760,3461
2026-09-03T14:30:00.000Z,4477.390,4479.760,4470.640,4470.860,3547
2026-09-03T14:35:00.000Z,4470.870,4474.110,4468.600,4469.520,3507
2026-09-03T14:40:00.000Z,4469.560,4475.050,4466.200,4473.000,3312
2026-09-03T14:45:00.000Z,4473.040,4480.030,4473.040,4474.370,3367
2026-09-03T14:50:00.000Z,4474.290,4479.370,4474.260,4476.960,3005
2026-09-03T14:55:00.000Z,4476.970,4485.430,4470.640,4485.430,3728
2026-09-03T15:00:00.000Z,4485.460,4500.310,4484.310,4498.210,3839
2026-09-03T15:05:00.000Z,4498.250,4504.010,4496.680,4498.050,4002
2026-09-03T15:10:00.000Z,4498.070,4504.390,4495.430,4503.780,3645
2026-09-03T15:15:00.000Z,4503.740,4510.850,4501.820,4510.350,3419
2026-09-03T15:20:00.000Z,4510.350,4510.810,4503.870,4504.740,3502
2026-09-03T15:25:00.000Z,4504.840,4508.200,4504.170,4506.650,3221
2026-09-03T15:30:00.000Z,4506.810,4509.740,4499.990,4503.230,3450
2026-09-03T15:35:00.000Z,4503.320,4504.920,4495.430,4496.770,3227
2026-09-03T15:40:00.000Z,4496.830,4498.510,4494.990,4495.070,2694
2026-09-03T15:45:00.000Z,4495.110,4495.660,4487.700,4488.540,3052
2026-09-03T15:50:00.000Z,4488.520,4492.190,4487.520,4490.480,2992
2026-09-03T15:55:00.000Z,4490.490,4493.350,4486.060,4493.270,2844
2026-09-03T16:00:00.000Z,4493.260,4493.570,4490.410,4490.850,2774
2026-09-03T16:05:00.000Z,4490.820,4493.190,4487.740,4492.310,2704
2026-09-03T16:10:00.000Z,4492.270,4495.450,4492.270,4494.030,2506
2026-09-03T16:15:00.000Z,4494.000,4494.840,4491.440,4493.810,2279
2026-09-03T16:20:00.000Z,4493.900,4494.330,4491.100,4493.040,2029
2026-09-03T16:25:00.000Z,4493.060,4494.480,4490.650,4493.390,2506
2026-09-03T16:30:00.000Z,4493.400,4495.610,4489.480,4490.870,2350
2026-09-03T16:35:00.000Z,4490.850,4491.950,4490.020,4491.270,2355
2026-09-03T16:40:00.000Z,4491.260,4491.380,4486.850,4488.000,2202
2026-09-03T16:45:00.000Z,4487.850,4491.160,4487.380,4488.900,2125
2026-09-03T16:50:00.000Z,4488.920,4490.310,4485.620,4487.320,2006
2026-09-03T16:55:00.000Z,4487.330,4488.740,4485.880,4486.330,1932
2026-09-03T17:00:00.000Z,4486.380,4487.650,4483.360,4487.170,2448
2026-09-03T17:05:00.000Z,4487.180,4488.880,4485.870,4486.060,2028
2026-09-03T17:10:00.000Z,4486.190,4488.460,4485.880,4488.030,1844
2026-09-03T17:15:00.000Z,4488.190,4488.320,4485.260,4487.660,1897
2026-09-03T17:20:00.000Z,4487.680,4491.500,4487.230,4490.940,2111
2026-09-03T17:25:00.000Z,4490.920,4493.800,4489.900,4492.950,2261
2026-09-03T17:30:00.000Z,4492.970,4494.060,4490.960,4491.860,2061
2026-09-03T17:35:00.000Z,4491.910,4494.140,4491.630,4493.150,1891
2026-09-03T17:40:00.000Z,4493.160,4493.660,4491.920,4492.000,1453
2026-09-03T17:45:00.000Z,4492.040,4494.740,4490.950,4491.500,1792
2026-09-03T17:50:00.000Z,4491.490,4491.520,4488.440,4490.150,1529
2026-09-03T17:55:00.000Z,4490.140,4490.650,4486.690,4486.690,1632
2026-09-03T18:00:00.000Z,4486.720,4489.810,4486.710,4489.390,1965
2026-09-03T18:05:00.000Z,4489.380,4489.380,4484.670,4488.370,2224
2026-09-03T18:10:00.000Z,4488.670,4489.170,4484.050,4484.050,1945
2026-09-03T18:15:00.000Z,4484.060,4486.770,4484.020,4486.410,1915
2026-09-03T18:20:00.000Z,4486.420,4488.120,4482.030,4483.660,1785
2026-09-03T18:25:00.000Z,4483.630,4484.600,4479.670,4479.710,2320
2026-09-03T18:30:00.000Z,4479.680,4480.550,4476.000,4479.280,2447
2026-09-03T18:35:00.000Z,4479.330,4482.840,4478.780,4482.520,1760
2026-09-03T18:40:00.000Z,4482.510,4482.770,4480.820,4481.590,1523
2026-09-03T18:45:00.000Z,4481.490,4482.770,4477.790,4478.810,1739
2026-09-03T18:50:00.000Z,4478.820,4479.310,4475.540,4475.580,1862
2026-09-03T18:55:00.000Z,4474.810,4476.390,4474.140,4475.240,1973
2026-09-03T19:00:00.000Z,4475.100,4476.490,4473.950,4474.670,1945
2026-09-03T19:05:00.000Z,4474.680,4476.400,4474.020,4476.270,1686
2026-09-03T19:10:00.000Z,4476.280,4476.970,4473.000,4474.540,2087
2026-09-03T19:15:00.000Z,4474.510,4476.710,4474.060,4476.310,1907
2026-09-03T19:20:00.000Z,4476.290,4476.400,4474.180,4474.240,1780
2026-09-03T19:25:00.000Z,4474.310,4475.900,4472.700,4475.890,1609
2026-09-03T19:30:00.000Z,4475.920,4477.680,4474.140,4474.140,1886
2026-09-03T19:35:00.000Z,4474.120,4476.240,4474.120,4475.310,1669
2026-09-03T19:40:00.000Z,4475.330,4478.870,4475.330,4477.660,1590
2026-09-03T19:45:00.000Z,4477.680,4480.850,4477.630,4479.450,1829
2026-09-03T19:50:00.000Z,4479.460,4479.460,4476.690,4477.830,2056
2026-09-03T19:55:00.000Z,4477.720,4478.640,4473.230,4475.170,2370
2026-09-03T20:00:00.000Z,4475.330,4475.630,4471.630,4472.010,1717
2026-09-03T20:05:00.000Z,4471.970,4473.660,4471.780,4473.140,894
2026-09-03T20:10:00.000Z,4473.100,4473.310,4471.710,4471.880,948
2026-09-03T20:15:00.000Z,4471.890,4471.980,4470.410,4471.040,1035
2026-09-03T20:20:00.000Z,4471.040,4471.410,4470.660,4470.910,771
2026-09-03T20:25:00.000Z,4470.900,4472.550,4470.820,4471.750,849
2026-09-03T20:30:00.000Z,4471.730,4472.510,4471.380,4472.200,691
2026-09-03T20:35:00.000Z,4472.240,4472.710,4471.030,4471.610,850
2026-09-03T20:40:00.000Z,4471.540,4472.810,4471.020,4472.400,567
2026-09-03T20:45:00.000Z,4472.350,4473.160,4471.730,4472.790,606
2026-09-03T20:50:00.000Z,4472.750,4474.010,4472.600,4473.520,636
2026-09-03T20:55:00.000Z,4473.510,4473.820,4472.850,4473.040,642
2026-09-03T22:00:00.000Z,4468.200,4477.370,4468.200,4476.440,1522
2026-09-03T22:05:00.000Z,4476.360,4477.300,4475.470,4475.840,632
2026-09-03T22:10:00.000Z,4475.910,4478.430,4474.500,4478.280,987
2026-09-03T22:15:00.000Z,4478.280,4478.820,4476.200,4476.690,853
2026-09-03T22:20:00.000Z,4476.650,4476.820,4474.890,4474.990,689
2026-09-03T22:25:00.000Z,4475.020,4475.740,4474.240,4475.020,645
2026-09-03T22:30:00.000Z,4475.010,4476.590,4474.190,4474.880,782
2026-09-03T22:35:00.000Z,4474.870,4474.960,4472.800,4472.820,857
2026-09-03T22:40:00.000Z,4472.860,4476.410,4472.800,4473.900,924
2026-09-03T22:45:00.000Z,4473.910,4474.950,4471.450,4474.400,994
2026-09-03T22:50:00.000Z,4474.410,4475.890,4472.080,4474.590,1271
2026-09-03T22:55:00.000Z,4474.670,4475.250,4473.670,4474.540,584
2026-09-03T23:00:00.000Z,4474.480,4476.690,4474.330,4476.590,746
2026-09-03T23:05:00.000Z,4476.620,4477.580,4472.450,4475.880,946
2026-09-03T23:10:00.000Z,4475.910,4476.200,4473.940,4474.260,583
2026-09-03T23:15:00.000Z,4474.270,4475.130,4471.710,4473.460,917
2026-09-03T23:20:00.000Z,4473.170,4473.210,4472.090,4472.330,661
2026-09-03T23:25:00.000Z,4472.360,4474.580,4472.300,4473.870,661
2026-09-03T23:30:00.000Z,4473.890,4476.130,4473.590,4474.870,945
2026-09-03T23:35:00.000Z,4474.880,4478.300,4474.820,4477.890,833
2026-09-03T23:40:00.000Z,4477.900,4478.330,4476.650,4477.420,567
2026-09-03T23:45:00.000Z,4477.380,4477.380,4474.980,4475.040,839
2026-09-03T23:50:00.000Z,4475.120,4479.520,4475.020,4477.210,1244
2026-09-03T23:55:00.000Z,4477.230,4480.330,4477.230,4480.100,1120
2026-09-04T00:00:00.000Z,4480.120,4481.010,4478.250,4481.010,1705
2026-09-04T00:05:00.000Z,4481.050,4483.090,4479.780,4480.100,1812
2026-09-04T00:10:00.000Z,4480.060,4483.290,4479.560,4480.900,1485
2026-09-04T00:15:00.000Z,4480.780,4481.030,4476.550,4477.110,1422
2026-09-04T00:20:00.000Z,4477.120,4479.790,4476.420,4477.860,1392
2026-09-04T00:25:00.000Z,4477.840,4477.840,4474.300,4474.590,1319
2026-09-04T00:30:00.000Z,4474.640,4479.490,4472.850,4479.360,1518
2026-09-04T00:35:00.000Z,4479.360,4479.550,4476.220,4476.310,1171
2026-09-04T00:40:00.000Z,4476.370,4482.220,4475.870,4482.220,1409
2026-09-04T00:45:00.000Z,4482.200,4485.070,4481.440,4481.440,1462
2026-09-04T00:50:00.000Z,4481.310,4484.290,4480.710,4482.020,1493
2026-09-04T00:55:00.000Z,4482.310,4487.130,4481.730,4486.410,1795
2026-09-04T01:00:00.000Z,4486.500,4487.020,4478.030,4478.170,3227
2026-09-04T01:05:00.000Z,4477.980,4480.080,4475.180,4477.930,2622
2026-09-04T01:10:00.000Z,4477.840,4483.070,4474.510,4474.930,2246
2026-09-04T01:15:00.000Z,4474.700,4478.960,4474.490,4475.860,2166
2026-09-04T01:20:00.000Z,4475.940,4478.920,4474.530,4474.830,2221
2026-09-04T01:25:00.000Z,4474.820,4475.940,4468.040,4470.990,2582
2026-09-04T01:30:00.000Z,4471.450,4472.980,4469.190,4469.820,2484
2026-09-04T01:35:00.000Z,4469.860,4476.790,4468.170,4473.460,2310
2026-09-04T01:40:00.000Z,4473.500,4476.890,4471.080,4473.970,2226
2026-09-04T01:45:00.000Z,4473.980,4473.980,4467.100,4468.810,1983
2026-09-04T01:50:00.000Z,4468.800,4473.920,4468.150,4473.590,1875
2026-09-04T01:55:00.000Z,4473.660,4480.570,4473.560,4478.950,2084
2026-09-04T02:00:00.000Z,4478.890,4482.640,4478.510,4480.760,2030
2026-09-04T02:05:00.000Z,4480.660,4480.860,4477.660,4478.740,1630
2026-09-04T02:10:00.000Z,4478.780,4480.310,4477.190,4479.430,1790
2026-09-04T02:15:00.000Z,4479.360,4480.310,4477.160,4478.600,1227
2026-09-04T02:20:00.000Z,4478.610,4478.620,4473.990,4477.140,1236
2026-09-04T02:25:00.000Z,4477.150,4477.640,4471.700,4473.960,1559
2026-09-04T02:30:00.000Z,4473.980,4476.050,4471.000,4471.030,2478
2026-09-04T02:35:00.000Z,4471.040,4477.330,4470.380,4476.550,1735
2026-09-04T02:40:00.000Z,4476.680,4477.340,4470.950,4470.950,1849
2026-09-04T02:45:00.000Z,4470.920,4476.080,4470.300,4476.010,1598
2026-09-04T02:50:00.000Z,4476.030,4479.550,4475.380,4479.550,1687
2026-09-04T02:55:00.000Z,4479.540,4480.950,4475.980,4477.460,1554
2026-09-04T03:00:00.000Z,4477.530,4478.700,4475.770,4476.170,1627
2026-09-04T03:05:00.000Z,4476.090,4476.180,4471.600,4472.040,1760
2026-09-04T03:10:00.000Z,4471.890,4473.580,4470.330,4473.430,1313
2026-09-04T03:15:00.000Z,4473.410,4474.270,4471.520,4473.010,1193
2026-09-04T03:20:00.000Z,4473.000,4474.670,4472.110,4473.790,1482
2026-09-04T03:25:00.000Z,4473.780,4474.500,4471.920,4472.520,1336
2026-09-04T03:30:00.000Z,4472.530,4475.320,4472.280,4474.850,1193
2026-09-04T03:35:00.000Z,4474.860,4475.000,4472.620,4472.910,856
2026-09-04T03:40:00.000Z,4472.920,4473.250,4469.210,4469.410,1184
2026-09-04T03:45:00.000Z,4469.380,4470.130,4469.070,4469.370,951
2026-09-04T03:50:00.000Z,4469.340,4470.170,4467.540,4469.560,1114
2026-09-04T03:55:00.000Z,4469.520,4469.960,4467.100,4467.100,845
2026-09-04T04:00:00.000Z,4467.030,4469.340,4465.590,4468.930,1686
2026-09-04T04:05:00.000Z,4468.920,4469.850,4467.380,4468.190,1036
2026-09-04T04:10:00.000Z,4468.200,4470.100,4467.640,4469.330,1112
2026-09-04T04:15:00.000Z,4469.390,4469.720,4468.490,4469.630,810
2026-09-04T04:20:00.000Z,4469.260,4470.460,4468.740,4470.200,876
2026-09-04T04:25:00.000Z,4470.210,4472.450,4469.070,4471.690,1072
2026-09-04T04:30:00.000Z,4471.700,4474.750,4471.690,4472.350,1223
2026-09-04T04:35:00.000Z,4472.220,4474.890,4471.930,4474.430,915
2026-09-04T04:40:00.000Z,4474.370,4474.880,4473.410,4474.310,773
2026-09-04T04:45:00.000Z,4473.850,4474.510,4472.810,4473.410,901
2026-09-04T04:50:00.000Z,4473.490,4475.020,4473.490,4474.410,712
2026-09-04T04:55:00.000Z,4474.450,4474.650,4473.740,4473.800,655
2026-09-04T05:00:00.000Z,4473.790,4474.620,4470.870,4470.870,1268
2026-09-04T05:05:00.000Z,4470.860,4472.000,4468.550,4469.250,1236
2026-09-04T05:10:00.000Z,4469.310,4469.650,4467.520,4469.510,1110
2026-09-04T05:15:00.000Z,4469.480,4475.290,4468.850,4473.950,1266
2026-09-04T05:20:00.000Z,4473.940,4474.280,4470.310,4471.060,1096
2026-09-04T05:25:00.000Z,4471.070,4471.330,4467.550,4467.600,1215
2026-09-04T05:30:00.000Z,4467.590,4475.050,4466.880,4473.200,2517
2026-09-04T05:35:00.000Z,4473.160,4476.940,4469.240,4476.430,1937
2026-09-04T05:40:00.000Z,4476.500,4477.660,4470.560,4471.180,1928
2026-09-04T05:45:00.000Z,4471.140,4472.880,4470.680,4470.780,1622
2026-09-04T05:50:00.000Z,4470.540,4470.600,4467.260,4467.560,1745
2026-09-04T05:55:00.000Z,4467.540,4472.190,4467.280,4472.110,1763
2026-09-04T06:00:00.000Z,4472.170,4473.420,4469.110,4470.870,2252
2026-09-04T06:05:00.000Z,4470.860,4471.930,4468.060,4469.600,1810
2026-09-04T06:10:00.000Z,4469.560,4471.650,4466.650,4468.940,1896
2026-09-04T06:15:00.000Z,4468.930,4469.340,4467.280,4468.900,1557
2026-09-04T06:20:00.000Z,4468.890,4471.630,4466.760,4468.040,1742
2026-09-04T06:25:00.000Z,4468.020,4471.880,4467.900,4468.930,1647
2026-09-04T06:30:00.000Z,4468.890,4469.810,4464.590,4464.920,2103
2026-09-04T06:35:00.000Z,4464.930,4466.520,4463.090,4466.280,2143
2026-09-04T06:40:00.000Z,4466.240,4468.610,4464.140,4464.280,1763
2026-09-04T06:45:00.000Z,4464.230,4464.340,4461.560,4461.810,2002
2026-09-04T06:50:00.000Z,4461.800,4464.510,4461.430,4462.640,1836
2026-09-04T06:55:00.000Z,4462.650,4463.520,4460.260,4463.030,1817
2026-09-04T07:00:00.000Z,4462.990,4467.710,4461.630,4466.480,2176
2026-09-04T07:05:00.000Z,4466.530,4469.200,4465.080,4468.680,1832
2026-09-04T07:10:00.000Z,4468.750,4471.430,4467.890,4467.900,1747
2026-09-04T07:15:00.000Z,4467.910,4469.000,4466.760,4468.900,1532
2026-09-04T07:20:00.000Z,4469.050,4469.950,4466.910,4469.680,1419
2026-09-04T07:25:00.000Z,4469.640,4472.850,4468.180,4472.750,1589
2026-09-04T07:30:00.000Z,4472.790,4475.490,4472.770,4474.940,1802
2026-09-04T07:35:00.000Z,4474.930,4476.490,4474.310,4475.210,1550
2026-09-04T07:40:00.000Z,4475.220,4486.300,4474.810,4485.820,2194
2026-09-04T07:45:00.000Z,4485.800,4490.850,4484.770,4488.120,2148
2026-09-04T07:50:00.000Z,4488.130,4488.150,4482.660,4484.730,1795
2026-09-04T07:55:00.000Z,4484.740,4486.400,4481.510,4483.540,1913
2026-09-04T08:00:00.000Z,4483.430,4486.530,4483.290,4483.810,2085
2026-09-04T08:05:00.000Z,4483.800,4483.920,4480.550,4480.960,1873
2026-09-04T08:10:00.000Z,4481.000,4483.960,4479.240,4482.090,1816
2026-09-04T08:15:00.000Z,4482.030,4484.100,4481.300,4482.620,1757
2026-09-04T08:20:00.000Z,4482.650,4484.100,4480.120,4480.230,1535
2026-09-04T08:25:00.000Z,4480.230,4482.420,4479.630,4481.000,1717
2026-09-04T08:30:00.000Z,4481.010,4482.500,4478.080,4480.710,1800
2026-09-04T08:35:00.000Z,4480.940,4481.530,4477.730,4478.570,1716
2026-09-04T08:40:00.000Z,4478.540,4479.100,4477.460,4477.600,1578
2026-09-04T08:45:00.000Z,4477.480,4478.580,4474.800,4474.920,1469
2026-09-04T08:50:00.000Z,4474.910,4477.380,4474.490,4476.780,1321
2026-09-04T08:55:00.000Z,4476.790,4479.740,4476.720,4477.840,1350
2026-09-04T09:00:00.000Z,4477.910,4479.220,4476.470,4478.290,1519
2026-09-04T09:05:00.000Z,4478.300,4478.330,4473.920,4475.070,1406
2026-09-04T09:10:00.000Z,4475.090,4475.100,4469.080,4470.080,1554
2026-09-04T09:15:00.000Z,4470.030,4470.660,4466.870,4466.970,1903
2026-09-04T09:20:00.000Z,4466.900,4467.470,4464.030,4464.540,1902
2026-09-04T09:25:00.000Z,4464.550,4466.700,4463.800,4466.700,1796
2026-09-04T09:30:00.000Z,4466.690,4470.220,4464.520,4467.140,2230
2026-09-04T09:35:00.000Z,4467.150,4469.750,4466.510,4467.870,1555
2026-09-04T09:40:00.000Z,4467.890,4468.500,4465.880,4467.300,1314
2026-09-04T09:45:00.000Z,4467.440,4469.640,4467.440,4469.220,1306
2026-09-04T09:50:00.000Z,4469.250,4469.630,4467.150,4467.200,1345
2026-09-04T09:55:00.000Z,4467.160,4469.700,4465.570,4465.630,1543
2026-09-04T10:00:00.000Z,4465.510,4470.180,4465.510,4469.510,1449
2026-09-04T10:05:00.000Z,4469.520,4470.880,4468.790,4470.650,1182
2026-09-04T10:10:00.000Z,4470.640,4473.250,4469.050,4472.820,1342
2026-09-04T10:15:00.000Z,4472.800,4473.380,4471.190,4471.880,1190
2026-09-04T10:20:00.000Z,4471.930,4472.010,4468.200,4468.390,1254
2026-09-04T10:25:00.000Z,4468.430,4473.470,4468.400,4471.210,1711
2026-09-04T10:30:00.000Z,4471.330,4475.190,4470.900,4473.260,1538
2026-09-04T10:35:00.000Z,4473.260,4473.490,4470.070,4473.400,1420
2026-09-04T10:40:00.000Z,4473.510,4474.120,4472.630,4473.590,1277
2026-09-04T10:45:00.000Z,4473.600,4476.410,4473.560,4474.840,1475
2026-09-04T10:50:00.000Z,4474.940,4475.910,4473.570,4474.760,1192
2026-09-04T10:55:00.000Z,4474.730,4475.110,4472.870,4472.930,1098
2026-09-04T11:00:00.000Z,4472.990,4473.350,4470.430,4472.000,1789
2026-09-04T11:05:00.000Z,4472.060,4472.250,4469.470,4470.850,1315
2026-09-04T11:10:00.000Z,4470.900,4471.350,4469.660,4470.310,1286
2026-09-04T11:15:00.000Z,4470.310,4470.690,4466.300,4466.820,1320
2026-09-04T11:20:00.000Z,4466.870,4470.810,4466.710,4468.900,1417
2026-09-04T11:25:00.000Z,4468.720,4468.720,4465.460,4465.690,1450
2026-09-04T11:30:00.000Z,4465.710,4468.370,4465.360,4465.990,1486
2026-09-04T11:35:00.000Z,4466.030,4469.570,4466.030,4468.230,1305
2026-09-04T11:40:00.000Z,4468.280,4470.350,4466.030,4468.230,1556
2026-09-04T11:45:00.000Z,4468.230,4470.470,4467.270,4467.540,1503
2026-09-04T11:50:00.000Z,4467.510,4470.630,4467.220,4469.040,1621
2026-09-04T11:55:00.000Z,4469.060,4469.930,4465.250,4466.970,1369
2026-09-04T12:00:00.000Z,4467.480,4469.440,4464.920,4468.980,2026
2026-09-04T12:05:00.000Z,4468.950,4470.450,4466.930,4467.390,2038
2026-09-04T12:10:00.000Z,4467.520,4469.010,4464.460,4464.820,1980
2026-09-04T12:15:00.000Z,4464.800,4468.240,4464.570,4468.060,2039
2026-09-04T12:20:00.000Z,4467.920,4470.210,4464.540,4468.160,2663
2026-09-04T12:25:00.000Z,4468.130,4475.910,4467.480,4471.390,2909
2026-09-04T12:30:00.000Z,4469.560,4470.370,4376.760,4394.900,4464
2026-09-04T12:35:00.000Z,4395.000,4398.690,4383.010,4391.950,4441
2026-09-04T12:40:00.000Z,4391.470,4406.510,4387.170,4394.010,4162
2026-09-04T12:45:00.000Z,4393.970,4397.620,4380.160,4397.250,4389
2026-09-04T12:50:00.000Z,4397.040,4409.950,4395.410,4405.890,4056
2026-09-04T12:55:00.000Z,4405.930,4409.020,4392.640,4393.890,4002
2026-09-04T13:00:00.000Z,4394.030,4394.130,4365.720,4379.300,4368
2026-09-04T13:05:00.000Z,4379.450,4390.130,4375.990,4388.150,3940
2026-09-04T13:10:00.000Z,4388.340,4394.350,4382.340,4394.310,3794
2026-09-04T13:15:00.000Z,4394.320,4400.030,4391.540,4398.820,3637
2026-09-04T13:20:00.000Z,4398.860,4407.120,4397.110,4405.280,3520
2026-09-04T13:25:00.000Z,4405.170,4414.600,4404.290,4412.640,3526
2026-09-04T13:30:00.000Z,4412.750,4420.660,4412.090,4414.010,4322
2026-09-04T13:35:00.000Z,4413.940,4417.760,4405.310,4407.380,4201
2026-09-04T13:40:00.000Z,4407.230,4424.130,4407.230,4423.770,4176
2026-09-04T13:45:00.000Z,4423.740,4434.760,4418.520,4429.870,4098
2026-09-04T13:50:00.000Z,4430.140,4431.520,4421.190,4422.570,3884
2026-09-04T13:55:00.000Z,4422.680,4426.880,4413.090,4413.090,3785
2026-09-04T14:00:00.000Z,4413.920,4420.770,4412.030,4420.770,3786
2026-09-04T14:05:00.000Z,4420.750,4427.280,4415.970,4423.980,3954
2026-09-04T14:10:00.000Z,4423.540,4435.100,4419.280,4434.060,3963
2026-09-04T14:15:00.000Z,4433.950,4437.000,4429.020,4432.380,3786
2026-09-04T14:20:00.000Z,4432.140,4435.590,4426.720,4430.720,3678
2026-09-04T14:25:00.000Z,4430.780,4437.350,4428.950,4429.120,3328
2026-09-04T14:30:00.000Z,4429.140,4439.900,4429.120,4439.610,3548
2026-09-04T14:35:00.000Z,4439.630,4442.330,4428.610,4429.640,3521
2026-09-04T14:40:00.000Z,4429.430,4432.500,4425.500,4428.850,3436
2026-09-04T14:45:00.000Z,4428.910,4432.070,4422.710,4428.100,3575
2026-09-04T14:50:00.000Z,4427.880,4428.800,4417.590,4417.730,3600
2026-09-04T14:55:00.000Z,4417.770,4429.930,4417.310,4427.550,3321
2026-09-04T15:00:00.000Z,4427.650,4430.790,4422.710,4430.000,3532
2026-09-04T15:05:00.000Z,4429.970,4439.300,4429.750,4436.790,3346
2026-09-04T15:10:00.000Z,4436.790,4443.640,4434.790,4443.470,2940
2026-09-04T15:15:00.000Z,4443.460,4448.700,4441.230,4448.130,3249
2026-09-04T15:20:00.000Z,4448.120,4449.040,4440.330,4443.000,3261
2026-09-04T15:25:00.000Z,4442.980,4446.090,4439.680,4439.990,2943
2026-09-04T15:30:00.000Z,4440.040,4444.330,4438.480,4439.840,3074
2026-09-04T15:35:00.000Z,4439.670,4441.140,4437.500,4438.120,2628
2026-09-04T15:40:00.000Z,4438.100,4446.630,4436.870,4442.940,2731
2026-09-04T15:45:00.000Z,4442.910,4445.060,4441.870,4443.890,2450
2026-09-04T15:50:00.000Z,4443.880,4446.000,4439.300,4439.350,2580
2026-09-04T15:55:00.000Z,4439.360,4441.170,4435.720,4436.700,2367
2026-09-04T16:00:00.000Z,4436.700,4440.230,4436.380,4439.610,2351
2026-09-04T16:05:00.000Z,4439.610,4440.400,4433.610,4433.700,2500
2026-09-04T16:10:00.000Z,4433.760,4439.420,4432.270,4438.810,2407
2026-09-04T16:15:00.000Z,4438.760,4443.520,4437.490,4441.570,2410
2026-09-04T16:20:00.000Z,4441.550,4442.510,4435.780,4437.900,2325
2026-09-04T16:25:00.000Z,4437.930,4438.410,4433.340,4434.250,2371
2026-09-04T16:30:00.000Z,4434.230,4438.920,4433.430,4437.510,2333
2026-09-04T16:35:00.000Z,4437.420,4438.420,4436.410,4437.640,1979
2026-09-04T16:40:00.000Z,4437.650,4439.780,4435.580,4438.100,2009
2026-09-04T16:45:00.000Z,4438.480,4440.480,4437.470,4439.940,2147
2026-09-04T16:50:00.000Z,4439.950,4440.350,4435.970,4436.010,1956
2026-09-04T16:55:00.000Z,4436.040,4438.050,4434.680,4436.430,1963
2026-09-04T17:00:00.000Z,4436.420,4436.600,4430.310,4431.440,2689
2026-09-04T17:05:00.000Z,4431.300,4433.800,4430.150,4432.190,2268
2026-09-04T17:10:00.000Z,4432.350,4434.820,4431.940,4433.960,1778
2026-09-04T17:15:00.000Z,4433.950,4438.880,4433.190,4438.400,1961
2026-09-04T17:20:00.000Z,4438.430,4440.420,4431.330,4433.330,2485
2026-09-04T17:25:00.000Z,4433.320,4433.410,4427.550,4428.720,2654
2026-09-04T17:30:00.000Z,4428.710,4429.830,4423.120,4424.160,2389
2026-09-04T17:35:00.000Z,4424.150,4425.350,4421.950,4422.120,2066
2026-09-04T17:40:00.000Z,4422.140,4422.380,4416.460,4417.290,2029
2026-09-04T17:45:00.000Z,4417.300,4420.270,4415.720,4419.540,2267
2026-09-04T17:50:00.000Z,4419.450,4421.380,4418.640,4419.260,2129
2026-09-04T17:55:00.000Z,4419.280,4419.590,4416.230,4416.640,1983
2026-09-04T18:00:00.000Z,4416.850,4417.530,4412.090,4412.670,2382
2026-09-04T18:05:00.000Z,4412.770,4418.140,4412.180,4417.780,2186
2026-09-04T18:10:00.000Z,4417.790,4419.760,4416.400,4419.390,1839
2026-09-04T18:15:00.000Z,4419.520,4422.400,4419.250,4419.350,1761
2026-09-04T18:20:00.000Z,4419.370,4424.800,4419.320,4424.680,1744
2026-09-04T18:25:00.000Z,4424.770,4426.730,4423.530,4424.810,2008
2026-09-04T18:30:00.000Z,4424.910,4425.210,4423.050,4425.090,1470
2026-09-04T18:35:00.000Z,4425.100,4425.240,4421.270,4422.620,1668
2026-09-04T18:40:00.000Z,4422.620,4425.640,4422.180,4422.970,1684
2026-09-04T18:45:00.000Z,4422.920,4424.410,4421.870,4423.880,1421
2026-09-04T18:50:00.000Z,4423.870,4425.440,4423.570,4425.080,1323
2026-09-04T18:55:00.000Z,4425.050,4425.910,4422.910,4424.020,1553
2026-09-04T19:00:00.000Z,4424.000,4425.360,4422.620,4423.560,1649
2026-09-04T19:05:00.000Z,4423.570,4425.480,4422.790,4425.260,1446
2026-09-04T19:10:00.000Z,4425.270,4430.060,4424.860,4429.200,1726
2026-09-04T19:15:00.000Z,4429.160,4432.090,4428.540,4428.940,1553
2026-09-04T19:20:00.000Z,4428.920,4431.180,4426.960,4430.990,1235
2026-09-04T19:25:00.000Z,4431.000,4435.900,4430.170,4435.690,1732
2026-09-04T19:30:00.000Z,4435.670,4438.420,4434.210,4437.710,2006
2026-09-04T19:35:00.000Z,4437.610,4437.750,4435.220,4436.510,1456
2026-09-04T19:40:00.000Z,4436.540,4437.590,4435.050,4437.030,1575
2026-09-04T19:45:00.000Z,4437.020,4437.360,4433.540,4435.260,1580
2026-09-04T19:50:00.000Z,4435.420,4436.570,4433.930,4436.270,1748
2026-09-04T19:55:00.000Z,4436.170,4436.180,4432.780,4434.860,2208
2026-09-04T20:00:00.000Z,4434.850,4435.170,4432.150,4432.780,1229
2026-09-04T20:05:00.000Z,4432.750,4432.790,4431.220,4431.870,870
2026-09-04T20:10:00.000Z,4431.880,4432.590,4430.960,4431.740,681
2026-09-04T20:15:00.000Z,4431.700,4431.870,4430.110,4431.000,601
2026-09-04T20:20:00.000Z,4431.050,4431.330,4430.150,4430.180,580
2026-09-04T20:25:00.000Z,4430.190,4430.910,4429.520,4430.100,655
2026-09-04T20:30:00.000Z,4430.060,4430.060,4429.100,4429.570,585
2026-09-04T20:35:00.000Z,4429.540,4430.910,4429.520,4430.590,495
2026-09-04T20:40:00.000Z,4430.520,4430.700,4429.160,4430.390,497
2026-09-04T20:45:00.000Z,4430.510,4430.550,4428.600,4428.730,544
2026-09-04T20:50:00.000Z,4428.740,4431.260,4428.680,4430.970,593
2026-09-04T20:55:00.000Z,4430.930,4431.330,4429.770,4430.260,716
2026-09-06T22:00:00.000Z,4423.230,4423.660,4417.730,4422.440,1250
2026-09-06T22:05:00.000Z,4422.300,4425.890,4422.260,4424.860,1153
2026-09-06T22:10:00.000Z,4424.750,4429.090,4424.360,4429.050,680
2026-09-06T22:15:00.000Z,4428.980,4430.170,4427.800,4428.030,662
2026-09-06T22:20:00.000Z,4427.980,4429.900,4427.480,4428.590,744
2026-09-06T22:25:00.000Z,4428.670,4430.010,4426.990,4428.830,728
2026-09-06T22:30:00.000Z,4428.730,4430.840,4428.290,4428.350,721
2026-09-06T22:35:00.000Z,4428.340,4429.800,4427.810,4429.770,633
2026-09-06T22:40:00.000Z,4429.810,4431.300,4429.570,4430.860,511
2026-09-06T22:45:00.000Z,4430.870,4435.260,4430.480,4434.080,814
2026-09-06T22:50:00.000Z,4434.070,4434.490,4431.550,4432.580,646
2026-09-06T22:55:00.000Z,4432.450,4433.200,4429.300,4429.560,648
2026-09-06T23:00:00.000Z,4429.550,4431.320,4429.420,4430.180,775
2026-09-06T23:05:00.000Z,4430.230,4431.390,4430.110,4430.440,555
2026-09-06T23:10:00.000Z,4430.450,4430.690,4429.690,4430.020,460
2026-09-06T23:15:00.000Z,4430.010,4430.110,4428.650,4428.870,459
2026-09-06T23:20:00.000Z,4428.860,4429.380,4425.300,4425.380,1025
2026-09-06T23:25:00.000Z,4425.350,4427.440,4425.350,4427.060,849
2026-09-06T23:30:00.000Z,4426.560,4428.450,4425.470,4428.060,857
2026-09-06T23:35:00.000Z,4428.070,4430.470,4426.980,4427.820,963
2026-09-06T23:40:00.000Z,4427.830,4429.240,4425.150,4429.110,1088
2026-09-06T23:45:00.000Z,4429.130,4434.080,4427.080,4427.380,1488
2026-09-06T23:50:00.000Z,4427.390,4427.970,4422.660,4424.300,1345
2026-09-06T23:55:00.000Z,4424.340,4424.980,4421.300,4423.420,1453
2026-09-07T00:00:00.000Z,4423.490,4426.760,4422.190,4423.260,2121
2026-09-07T00:05:00.000Z,4423.310,4425.470,4421.340,4422.090,1841
2026-09-07T00:10:00.000Z,4421.920,4427.620,4421.160,4425.130,2026
2026-09-07T00:15:00.000Z,4425.230,4428.580,4423.750,4425.900,1710
2026-09-07T00:20:00.000Z,4426.210,4427.400,4424.720,4426.190,1421
2026-09-07T00:25:00.000Z,4426.080,4427.270,4422.160,4422.180,1513
2026-09-07T00:30:00.000Z,4422.170,4422.610,4418.630,4419.210,1964
2026-09-07T00:35:00.000Z,4419.190,4424.150,4418.460,4422.470,1671
2026-09-07T00:40:00.000Z,4422.020,4425.270,4421.190,4424.180,1677
2026-09-07T00:45:00.000Z,4424.170,4429.610,4424.170,4427.320,1606
2026-09-07T00:50:00.000Z,4427.330,4427.520,4421.460,4422.680,1710
2026-09-07T00:55:00.000Z,4422.690,4422.720,4410.050,4412.660,2311
2026-09-07T01:00:00.000Z,4412.610,4415.860,4407.310,4412.100,3558
2026-09-07T01:05:00.000Z,4412.130,4413.290,4401.680,4403.090,3183
2026-09-07T01:10:00.000Z,4403.080,4407.060,4395.740,4399.900,3069
2026-09-07T01:15:00.000Z,4399.910,4400.370,4391.340,4393.980,2985
2026-09-07T01:20:00.000Z,4394.010,4396.520,4389.460,4396.200,2823
2026-09-07T01:25:00.000Z,4396.180,4403.700,4393.940,4403.440,2503
2026-09-07T01:30:00.000Z,4403.800,4411.340,4403.150,4408.770,2801
2026-09-07T01:35:00.000Z,4408.900,4413.400,4406.830,4412.450,2383
2026-09-07T01:40:00.000Z,4412.590,4413.210,4408.600,4410.280,2291
2026-09-07T01:45:00.000Z,4410.230,4413.390,4408.900,4409.460,1945
2026-09-07T01:50:00.000Z,4409.530,4416.830,4409.300,4413.790,2406
2026-09-07T01:55:00.000Z,4413.800,4414.970,4408.870,4409.200,2360
2026-09-07T02:00:00.000Z,4409.210,4410.670,4405.320,4407.500,2087
2026-09-07T02:05:00.000Z,4407.480,4407.590,4402.900,4404.850,2006
2026-09-07T02:10:00.000Z,4404.930,4406.170,4403.240,4403.920,1908
2026-09-07T02:15:00.000Z,4403.810,4406.990,4403.630,4406.920,1397
2026-09-07T02:20:00.000Z,4406.910,4409.280,4406.560,4409.200,1337
2026-09-07T02:25:00.000Z,4409.210,4409.440,4407.250,4407.780,1250
2026-09-07T02:30:00.000Z,4407.760,4414.520,4406.950,4414.480,2646
2026-09-07T02:35:00.000Z,4414.470,4418.600,4412.950,4418.040,2162
2026-09-07T02:40:00.000Z,4418.090,4418.580,4413.810,4415.070,1972
2026-09-07T02:45:00.000Z,4415.080,4419.040,4413.750,4417.420,1984
2026-09-07T02:50:00.000Z,4417.430,4417.660,4413.580,4414.060,1656
2026-09-07T02:55:00.000Z,4414.080,4414.440,4407.480,4408.910,2191
2026-09-07T03:00:00.000Z,4408.720,4410.430,4407.420,4410.270,1904
2026-09-07T03:05:00.000Z,4410.080,4410.080,4405.550,4406.480,2100
2026-09-07T03:10:00.000Z,4406.580,4408.480,4405.680,4407.790,1551
2026-09-07T03:15:00.000Z,4407.790,4408.880,4404.710,4406.900,1661
2026-09-07T03:20:00.000Z,4406.900,4410.130,4406.240,4409.180,1507
2026-09-07T03:25:00.000Z,4409.190,4409.720,4408.040,4408.730,1359
2026-09-07T03:30:00.000Z,4408.700,4408.850,4406.290,4407.990,1393
2026-09-07T03:35:00.000Z,4408.000,4408.500,4404.920,4405.400,991
2026-09-07T03:40:00.000Z,4405.420,4405.800,4401.700,4401.860,1245
2026-09-07T03:45:00.000Z,4401.820,4405.010,4401.820,4403.440,964
2026-09-07T03:50:00.000Z,4403.430,4403.660,4401.330,4402.320,1131
2026-09-07T03:55:00.000Z,4402.360,4404.510,4401.700,4404.150,1040
2026-09-07T04:00:00.000Z,4404.130,4405.140,4401.420,4401.720,1244
2026-09-07T04:05:00.000Z,4401.730,4405.250,4401.500,4405.110,1048
2026-09-07T04:10:00.000Z,4405.080,4407.230,4404.940,4406.630,1114
2026-09-07T04:15:00.000Z,4406.680,4406.750,4402.820,4403.160,984
2026-09-07T04:20:00.000Z,4403.150,4403.190,4400.730,4400.890,938
2026-09-07T04:25:00.000Z,4400.870,4402.470,4400.240,4402.310,831
2026-09-07T04:30:00.000Z,4402.360,4402.580,4397.320,4398.150,1122
2026-09-07T04:35:00.000Z,4398.140,4398.430,4394.500,4395.270,1332
2026-09-07T04:40:00.000Z,4395.260,4397.380,4394.940,4396.760,832
2026-09-07T04:45:00.000Z,4396.660,4397.640,4395.660,4396.600,927
2026-09-07T04:50:00.000Z,4396.560,4397.890,4395.760,4396.210,967
2026-09-07T04:55:00.000Z,4396.200,4398.970,4395.710,4398.090,930
2026-09-07T05:00:00.000Z,4398.080,4402.450,4397.730,4402.360,1174
2026-09-07T05:05:00.000Z,4402.190,4404.170,4400.440,4401.170,1209
2026-09-07T05:10:00.000Z,4401.130,4402.620,4398.430,4402.620,1298
2026-09-07T05:15:00.000Z,4402.630,4405.470,4402.040,4404.850,1106
2026-09-07T05:20:00.000Z,4404.910,4405.230,4402.470,4405.040,954
2026-09-07T05:25:00.000Z,4405.020,4411.680,4404.510,4411.130,1470
2026-09-07T05:30:00.000Z,4411.280,4413.240,4405.250,4408.360,2741
2026-09-07T05:35:00.000Z,4408.330,4410.580,4404.970,4405.530,2041
2026-09-07T05:40:00.000Z,4405.210,4405.210,4401.540,4404.390,2053
2026-09-07T05:45:00.000Z,4404.370,4406.590,4402.280,4403.210,1792
2026-09-07T05:50:00.000Z,4403.220,4403.220,4395.380,4396.250,2158
2026-09-07T05:55:00.000Z,4396.170,4397.920,4393.140,4394.090,2248
2026-09-07T06:00:00.000Z,4394.090,4394.690,4385.330,4387.690,2862
2026-09-07T06:05:00.000Z,4387.630,4390.410,4385.470,4389.510,2594
2026-09-07T06:10:00.000Z,4389.030,4393.810,4387.600,4391.940,2131
2026-09-07T06:15:00.000Z,4391.950,4395.910,4391.920,4395.160,1738
2026-09-07T06:20:00.000Z,4395.160,4397.880,4390.020,4397.480,1989
2026-09-07T06:25:00.000Z,4397.390,4398.060,4393.640,4394.450,1665
2026-09-07T06:30:00.000Z,4394.480,4398.010,4393.890,4397.880,1694
2026-09-07T06:35:00.000Z,4397.890,4398.580,4393.870,4397.130,1795
2026-09-07T06:40:00.000Z,4396.990,4399.840,4396.240,4396.340,1737
2026-09-07T06:45:00.000Z,4396.300,4399.250,4396.240,4396.790,1756
2026-09-07T06:50:00.000Z,4396.960,4398.010,4394.670,4395.040,1648
2026-09-07T06:55:00.000Z,4395.100,4395.790,4391.330,4392.870,1913
2026-09-07T07:00:00.000Z,4392.920,4401.290,4391.970,4400.190,2230
2026-09-07T07:05:00.000Z,4400.280,4401.760,4398.020,4400.310,2337
2026-09-07T07:10:00.000Z,4400.320,4401.560,4395.760,4401.560,1849
2026-09-07T07:15:00.000Z,4401.580,4402.250,4397.180,4397.600,1898
2026-09-07T07:20:00.000Z,4397.960,4400.810,4395.900,4398.210,1612
2026-09-07T07:25:00.000Z,4398.210,4399.830,4394.630,4395.130,1907
2026-09-07T07:30:00.000Z,4395.200,4397.280,4393.570,4395.820,1745
2026-09-07T07:35:00.000Z,4395.760,4399.090,4395.000,4395.000,1883
2026-09-07T07:40:00.000Z,4395.300,4396.720,4392.260,4396.000,1956
2026-09-07T07:45:00.000Z,4396.030,4399.540,4394.940,4399.360,1863
2026-09-07T07:50:00.000Z,4399.390,4402.390,4397.800,4401.270,2272
2026-09-07T07:55:00.000Z,4401.090,4406.720,4400.700,4406.380,2566
2026-09-07T08:00:00.000Z,4406.400,4416.750,4405.260,4412.410,2577
2026-09-07T08:05:00.000Z,4412.410,4414.680,4409.810,4413.920,2720
2026-09-07T08:10:00.000Z,4413.910,4417.640,4412.650,4417.140,2496
2026-09-07T08:15:00.000Z,4417.150,4423.530,4417.140,4421.780,2334
2026-09-07T08:20:00.000Z,4421.790,4423.020,4418.010,4418.010,2257
2026-09-07T08:25:00.000Z,4417.980,4420.360,4416.350,4419.790,2103
2026-09-07T08:30:00.000Z,4419.780,4423.840,4418.410,4421.200,2381
2026-09-07T08:35:00.000Z,4421.060,4421.920,4415.520,4415.520,1812
2026-09-07T08:40:00.000Z,4415.430,4416.370,4413.530,4414.730,1890
2026-09-07T08:45:00.000Z,4414.740,4415.200,4413.090,4414.320,1692
2026-09-07T08:50:00.000Z,4414.150,4414.150,4410.530,4411.530,1576
2026-09-07T08:55:00.000Z,4411.520,4411.670,4409.710,4410.940,1371
2026-09-07T09:00:00.000Z,4411.050,4413.720,4411.050,4412.280,1419
2026-09-07T09:05:00.000Z,4412.260,4412.760,4411.210,4412.760,1388
2026-09-07T09:10:00.000Z,4412.730,4413.480,4410.880,4411.110,1486
2026-09-07T09:15:00.000Z,4411.100,4411.900,4406.760,4408.140,1541
2026-09-07T09:20:00.000Z,4408.150,4409.160,4407.690,4408.660,1205
2026-09-07T09:25:00.000Z,4408.600,4409.470,4405.530,4405.600,1510
2026-09-07T09:30:00.000Z,4405.900,4406.500,4403.350,4405.900,1774
2026-09-07T09:35:00.000Z,4405.930,4408.960,4404.560,4408.870,1399
2026-09-07T09:40:00.000Z,4408.850,4410.130,4408.630,4409.640,1192
2026-09-07T09:45:00.000Z,4409.630,4410.350,4408.880,4409.870,1029
2026-09-07T09:50:00.000Z,4409.890,4410.220,4407.080,4408.420,1165
2026-09-07T09:55:00.000Z,4408.430,4408.530,4404.870,4405.810,1156
2026-09-07T10:00:00.000Z,4405.770,4406.300,4404.700,4404.790,1073
2026-09-07T10:05:00.000Z,4404.750,4405.590,4402.790,4404.980,1070
2026-09-07T10:10:00.000Z,4404.960,4404.970,4402.340,4403.260,981
2026-09-07T10:15:00.000Z,4403.100,4404.510,4402.590,4404.270,1045
2026-09-07T10:20:00.000Z,4404.200,4404.680,4398.000,4398.290,1313
2026-09-07T10:25:00.000Z,4398.250,4399.010,4395.890,4395.980,1317
2026-09-07T10:30:00.000Z,4395.940,4396.950,4393.670,4394.540,1264
2026-09-07T10:35:00.000Z,4394.470,4394.480,4391.580,4393.610,1492
2026-09-07T10:40:00.000Z,4393.610,4399.240,4393.550,4398.570,1412
2026-09-07T10:45:00.000Z,4398.580,4398.730,4394.210,4394.730,1336
2026-09-07T10:50:00.000Z,4394.620,4396.340,4391.690,4391.830,1543
2026-09-07T10:55:00.000Z,4391.970,4392.750,4388.020,4391.700,2439
2026-09-07T11:00:00.000Z,4391.740,4392.510,4389.000,4391.110,1958
2026-09-07T11:05:00.000Z,4391.100,4393.820,4390.570,4391.160,1383
2026-09-07T11:10:00.000Z,4391.150,4394.210,4390.410,4393.760,1420
2026-09-07T11:15:00.000Z,4393.640,4394.170,4391.950,4392.510,1201
2026-09-07T11:20:00.000Z,4392.550,4394.990,4388.880,4389.910,1467
2026-09-07T11:25:00.000Z,4389.940,4390.860,4387.500,4389.540,1420
2026-09-07T11:30:00.000Z,4389.430,4389.870,4381.080,4382.510,2124
2026-09-07T11:35:00.000Z,4382.500,4389.150,4382.100,4388.600,1614
2026-09-07T11:40:00.000Z,4388.610,4388.710,4386.290,4386.720,1294
2026-09-07T11:45:00.000Z,4386.730,4392.090,4385.940,4391.010,1219
2026-09-07T11:50:00.000Z,4391.040,4391.800,4386.610,4387.260,1139
2026-09-07T11:55:00.000Z,4387.270,4388.170,4385.120,4385.290,1277
2026-09-07T12:00:00.000Z,4385.450,4389.260,4385.410,4386.370,1460
2026-09-07T12:05:00.000Z,4386.360,4391.530,4386.360,4390.560,1393
2026-09-07T12:10:00.000Z,4390.580,4393.050,4390.000,4390.850,1370
2026-09-07T12:15:00.000Z,4390.840,4392.940,4390.830,4392.230,1175
2026-09-07T12:20:00.000Z,4392.250,4393.890,4390.400,4393.740,1419
2026-09-07T12:25:00.000Z,4393.720,4395.340,4393.170,4395.340,1253
2026-09-07T12:30:00.000Z,4395.290,4396.980,4394.160,4394.580,1388
2026-09-07T12:35:00.000Z,4394.580,4395.780,4392.570,4395.330,1467
2026-09-07T12:40:00.000Z,4395.300,4397.610,4395.300,4397.030,1307
2026-09-07T12:45:00.000Z,4397.020,4397.690,4395.960,4397.020,1221
2026-09-07T12:50:00.000Z,4397.010,4398.060,4394.340,4394.720,1403
2026-09-07T12:55:00.000Z,4394.760,4397.050,4394.330,4396.830,1195
2026-09-07T13:00:00.000Z,4396.820,4400.390,4395.420,4400.310,2640
2026-09-07T13:05:00.000Z,4400.330,4402.580,4399.320,4402.550,1992
2026-09-07T13:10:00.000Z,4402.560,4404.610,4401.070,4404.170,1968
2026-09-07T13:15:00.000Z,4404.140,4404.140,4401.590,4402.090,1859
2026-09-07T13:20:00.000Z,4402.120,4404.620,4402.120,4403.550,1541
2026-09-07T13:25:00.000Z,4403.680,4405.030,4402.790,4403.900,1355
2026-09-07T13:30:00.000Z,4403.910,4407.500,4403.320,4406.240,1677
2026-09-07T13:35:00.000Z,4406.250,4406.730,4402.570,4403.200,1651
